[2026-08-23 10:06:55] testing.ERROR: No application encryption key has been specified. {"request_id":"4f773564-bad8-4116-abca-cf4d99ace60b","userId":"01m0q1ct36j0ddg648ezt50sb9","exception":"[object] (Illuminate\\Encryption\\MissingAppKeyException(code: 0): No application encryption key has been specified. at /Users/segunawotunde/Projects/cipher-learn-app/vendor/laravel/framework/src/Illuminate/Encryption/EncryptionServiceProvider.php:83)
[stacktrace]
#0 /Users/segunawotunde/Projects/cipher-learn-app/vendor/laravel/framework/src/Illuminate/Support/helpers.php(393): Illuminate\\Encryption\\EncryptionServiceProvider->Illuminate\\Encryption\\{closure}(NULL)
#1 /Users/segunawotunde/Projects/cipher-learn-app/vendor/laravel/framework/src/Illuminate/Encryption/EncryptionServiceProvider.php(81): tap(NULL, Object(Closure))
#2 /Users/segunawotunde/Projects/cipher-learn-app/vendor/laravel/framework/src/Illuminate/Encryption/EncryptionServiceProvider.php(64): Illuminate\\Encryption\\EncryptionServiceProvider->key(Array)
#3 /Users/segunawotunde/Projects/cipher-learn-app/vendor/laravel/framework/src/Illuminate/Encryption/EncryptionServiceProvider.php(32): Illuminate\\Encryption\\EncryptionServiceProvider->parseKey(Array)
#4 /Users/segunawotunde/Projects/cipher-learn-app/vendor/laravel/framework/src/Illuminate/Container/Container.php(1115): Illuminate\\Encryption\\EncryptionServiceProvider->Illuminate\\Encryption\\{closure}(Object(Illuminate\\Foundation\\Application), Array)
#5 /Users/segunawotunde/Projects/cipher-learn-app/vendor/laravel/framework/src/Illuminate/Container/Container.php(933): Illuminate\\Container\\Container->build(Object(Closure))
#6 /Users/segunawotunde/Projects/cipher-learn-app/vendor/laravel/framework/src/Illuminate/Foundation/Application.php(1078): Illuminate\\Container\\Container->resolve('encrypter', Array, true)
#7 /Users/segunawotunde/Projects/cipher-learn-app/vendor/laravel/framework/src/Illuminate/Container/Container.php(864): Illuminate\\Foundation\\Application->resolve('encrypter', Array)
#8 /Users/segunawotunde/Projects/cipher-learn-app/vendor/laravel/framework/src/Illuminate/Foundation/Application.php(1058): Illuminate\\Container\\Container->make('encrypter', Array)
#9 /Users/segunawotunde/Projects/cipher-learn-app/vendor/laravel/framework/src/Illuminate/Container/Container.php(1336): Illuminate\\Foundation\\Application->make('encrypter')
#10 /Users/segunawotunde/Projects/cipher-learn-app/vendor/laravel/framework/src/Illuminate/Container/Container.php(1237): Illuminate\\Container\\Container->resolveClass(Object(ReflectionParameter), 'Illuminate\\\\Cont...')
#11 /Users/segunawotunde/Projects/cipher-learn-app/vendor/laravel/framework/src/Illuminate/Container/Container.php(1162): Illuminate\\Container\\Container->resolveDependencies(Array)
#12 /Users/segunawotunde/Projects/cipher-learn-app/vendor/laravel/framework/src/Illuminate/Container/Container.php(933): Illuminate\\Container\\Container->build('Illuminate\\\\Cook...')
#13 /Users/segunawotunde/Projects/cipher-learn-app/vendor/laravel/framework/src/Illuminate/Foundation/Application.php(1078): Illuminate\\Container\\Container->resolve('Illuminate\\\\Cook...', Array, true)
#14 /Users/segunawotunde/Projects/cipher-learn-app/vendor/laravel/framework/src/Illuminate/Container/Container.php(864): Illuminate\\Foundation\\Application->resolve('Illuminate\\\\Cook...', Array)
#15 /Users/segunawotunde/Projects/cipher-learn-app/vendor/laravel/framework/src/Illuminate/Foundation/Application.php(1058): Illuminate\\Container\\Container->make('Illuminate\\\\Cook...', Array)
#16 /Users/segunawotunde/Projects/cipher-learn-app/vendor/laravel/framework/src/Illuminate/Pipeline/Pipeline.php(208): Illuminate\\Foundation\\Application->make('Illuminate\\\\Cook...')
#17 /Users/segunawotunde/Projects/cipher-learn-app/vendor/filament/filament/src/Http/Middleware/SetUpPanel.php(19): Illuminate\\Pipeline\\Pipeline->Illuminate\\Pipeline\\{closure}(Object(Illuminate\\Http\\Request))
#18 /Users/segunawotunde/Projects/cipher-learn-app/vendor/laravel/framework/src/Illuminate/Pipeline/Pipeline.php(219): Filament\\Http\\Middleware\\SetUpPanel->handle(Object(Illuminate\\Http\\Request), Object(Closure), Object(Filament\\Panel))
#19 /Users/segunawotunde/Projects/cipher-learn-app/vendor/laravel/framework/src/Illuminate/Pipeline/Pipeline.php(137): Illuminate\\Pipeline\\Pipeline->Illuminate\\Pipeline\\{closure}(Object(Illuminate\\Http\\Request))
#20 /Users/segunawotunde/Projects/cipher-learn-app/vendor/laravel/framework/src/Illuminate/Routing/Router.php(821): Illuminate\\Pipeline\\Pipeline->then(Object(Closure))
#21 /Users/segunawotunde/Projects/cipher-learn-app/vendor/laravel/framework/src/Illuminate/Routing/Router.php(800): Illuminate\\Routing\\Router->runRouteWithinStack(Object(Illuminate\\Routing\\Route), Object(Illuminate\\Http\\Request))
#22 /Users/segunawotunde/Projects/cipher-learn-app/vendor/laravel/framework/src/Illuminate/Routing/Router.php(764): Illuminate\\Routing\\Router->runRoute(Object(Illuminate\\Http\\Request), Object(Illuminate\\Routing\\Route))
#23 /Users/segunawotunde/Projects/cipher-learn-app/vendor/laravel/framework/src/Illuminate/Routing/Router.php(753): Illuminate\\Routing\\Router->dispatchToRoute(Object(Illuminate\\Http\\Request))
#24 /Users/segunawotunde/Projects/cipher-learn-app/vendor/laravel/framework/src/Illuminate/Foundation/Http/Kernel.php(200): Illuminate\\Routing\\Router->dispatch(Object(Illuminate\\Http\\Request))
#25 /Users/segunawotunde/Projects/cipher-learn-app/vendor/laravel/framework/src/Illuminate/Pipeline/Pipeline.php(180): Illuminate\\Foundation\\Http\\Kernel->Illuminate\\Foundation\\Http\\{closure}(Object(Illuminate\\Http\\Request))
#26 /Users/segunawotunde/Projects/cipher-learn-app/vendor/livewire/livewire/src/Features/SupportDisablingBackButtonCache/DisableBackButtonCacheMiddleware.php(19): Illuminate\\Pipeline\\Pipeline->Illuminate\\Pipeline\\{closure}(Object(Illuminate\\Http\\Request))
#27 /Users/segunawotunde/Projects/cipher-learn-app/vendor/laravel/framework/src/Illuminate/Pipeline/Pipeline.php(219): Livewire\\Features\\SupportDisablingBackButtonCache\\DisableBackButtonCacheMiddleware->handle(Object(Illuminate\\Http\\Request), Object(Closure))
#28 /Users/segunawotunde/Projects/cipher-learn-app/app/Http/Middleware/AssignRequestId.php(30): Illuminate\\Pipeline\\Pipeline->Illuminate\\Pipeline\\{closure}(Object(Illuminate\\Http\\Request))
#29 /Users/segunawotunde/Projects/cipher-learn-app/vendor/laravel/framework/src/Illuminate/Pipeline/Pipeline.php(219): App\\Http\\Middleware\\AssignRequestId->handle(Object(Illuminate\\Http\\Request), Object(Closure))
#30 /Users/segunawotunde/Projects/cipher-learn-app/vendor/laravel/framework/src/Illuminate/Foundation/Http/Middleware/TransformsRequest.php(21): Illuminate\\Pipeline\\Pipeline->Illuminate\\Pipeline\\{closure}(Object(Illuminate\\Http\\Request))
#31 /Users/segunawotunde/Projects/cipher-learn-app/vendor/laravel/framework/src/Illuminate/Foundation/Http/Middleware/ConvertEmptyStringsToNull.php(31): Illuminate\\Foundation\\Http\\Middleware\\TransformsRequest->handle(Object(Illuminate\\Http\\Request), Object(Closure))
#32 /Users/segunawotunde/Projects/cipher-learn-app/vendor/laravel/framework/src/Illuminate/Pipeline/Pipeline.php(219): Illuminate\\Foundation\\Http\\Middleware\\ConvertEmptyStringsToNull->handle(Object(Illuminate\\Http\\Request), Object(Closure))
#33 /Users/segunawotunde/Projects/cipher-learn-app/vendor/laravel/framework/src/Illuminate/Foundation/Http/Middleware/TransformsRequest.php(21): Illuminate\\Pipeline\\Pipeline->Illuminate\\Pipeline\\{closure}(Object(Illuminate\\Http\\Request))
#34 /Users/segunawotunde/Projects/cipher-learn-app/vendor/laravel/framework/src/Illuminate/Foundation/Http/Middleware/TrimStrings.php(51): Illuminate\\Foundation\\Http\\Middleware\\TransformsRequest->handle(Object(Illuminate\\Http\\Request), Object(Closure))
#35 /Users/segunawotunde/Projects/cipher-learn-app/vendor/laravel/framework/src/Illuminate/Pipeline/Pipeline.php(219): Illuminate\\Foundation\\Http\\Middleware\\TrimStrings->handle(Object(Illuminate\\Http\\Request), Object(Closure))
#36 /Users/segunawotunde/Projects/cipher-learn-app/vendor/laravel/framework/src/Illuminate/Http/Middleware/ValidatePostSize.php(27): Illuminate\\Pipeline\\Pipeline->Illuminate\\Pipeline\\{closure}(Object(Illuminate\\Http\\Request))
#37 /Users/segunawotunde/Projects/cipher-learn-app/vendor/laravel/framework/src/Illuminate/Pipeline/Pipeline.php(219): Illuminate\\Http\\Middleware\\ValidatePostSize->handle(Object(Illuminate\\Http\\Request), Object(Closure))
#38 /Users/segunawotunde/Projects/cipher-learn-app/vendor/laravel/framework/src/Illuminate/Foundation/Http/Middleware/PreventRequestsDuringMaintenance.php(109): Illuminate\\Pipeline\\Pipeline->Illuminate\\Pipeline\\{closure}(Object(Illuminate\\Http\\Request))
#39 /Users/segunawotunde/Projects/cipher-learn-app/vendor/laravel/framework/src/Illuminate/Pipeline/Pipeline.php(219): Illuminate\\Foundation\\Http\\Middleware\\PreventRequestsDuringMaintenance->handle(Object(Illuminate\\Http\\Request), Object(Closure))
#40 /Users/segunawotunde/Projects/cipher-learn-app/vendor/laravel/framework/src/Illuminate/Http/Middleware/HandleCors.php(61): Illuminate\\Pipeline\\Pipeline->Illuminate\\Pipeline\\{closure}(Object(Illuminate\\Http\\Request))
#41 /Users/segunawotunde/Projects/cipher-learn-app/vendor/laravel/framework/src/Illuminate/Pipeline/Pipeline.php(219): Illuminate\\Http\\Middleware\\HandleCors->handle(Object(Illuminate\\Http\\Request), Object(Closure))
#42 /Users/segunawotunde/Projects/cipher-learn-app/vendor/laravel/framework/src/Illuminate/Http/Middleware/TrustProxies.php(58): Illuminate\\Pipeline\\Pipeline->Illuminate\\Pipeline\\{closure}(Object(Illuminate\\Http\\Request))
#43 /Users/segunawotunde/Projects/cipher-learn-app/vendor/laravel/framework/src/Illuminate/Pipeline/Pipeline.php(219): Illuminate\\Http\\Middleware\\TrustProxies->handle(Object(Illuminate\\Http\\Request), Object(Closure))
#44 /Users/segunawotunde/Projects/cipher-learn-app/vendor/laravel/framework/src/Illuminate/Foundation/Http/Middleware/InvokeDeferredCallbacks.php(22): Illuminate\\Pipeline\\Pipeline->Illuminate\\Pipeline\\{closure}(Object(Illuminate\\Http\\Request))
#45 /Users/segunawotunde/Projects/cipher-learn-app/vendor/laravel/framework/src/Illuminate/Pipeline/Pipeline.php(219): Illuminate\\Foundation\\Http\\Middleware\\InvokeDeferredCallbacks->handle(Object(Illuminate\\Http\\Request), Object(Closure))
#46 /Users/segunawotunde/Projects/cipher-learn-app/vendor/laravel/framework/src/Illuminate/Http/Middleware/ValidatePathEncoding.php(26): Illuminate\\Pipeline\\Pipeline->Illuminate\\Pipeline\\{closure}(Object(Illuminate\\Http\\Request))
#47 /Users/segunawotunde/Projects/cipher-learn-app/vendor/laravel/framework/src/Illuminate/Pipeline/Pipeline.php(219): Illuminate\\Http\\Middleware\\ValidatePathEncoding->handle(Object(Illuminate\\Http\\Request), Object(Closure))
#48 /Users/segunawotunde/Projects/cipher-learn-app/vendor/laravel/framework/src/Illuminate/Pipeline/Pipeline.php(137): Illuminate\\Pipeline\\Pipeline->Illuminate\\Pipeline\\{closure}(Object(Illuminate\\Http\\Request))
#49 /Users/segunawotunde/Projects/cipher-learn-app/vendor/laravel/framework/src/Illuminate/Foundation/Http/Kernel.php(175): Illuminate\\Pipeline\\Pipeline->then(Object(Closure))
#50 /Users/segunawotunde/Projects/cipher-learn-app/vendor/laravel/framework/src/Illuminate/Foundation/Http/Kernel.php(144): Illuminate\\Foundation\\Http\\Kernel->sendRequestThroughRouter(Object(Illuminate\\Http\\Request))
#51 /Users/segunawotunde/Projects/cipher-learn-app/vendor/laravel/framework/src/Illuminate/Foundation/Testing/Concerns/MakesHttpRequests.php(607): Illuminate\\Foundation\\Http\\Kernel->handle(Object(Illuminate\\Http\\Request))
#52 /Users/segunawotunde/Projects/cipher-learn-app/vendor/laravel/framework/src/Illuminate/Foundation/Testing/Concerns/MakesHttpRequests.php(368): Illuminate\\Foundation\\Testing\\TestCase->call('GET', '/admin', Array, Array, Array, Array)
#53 /Users/segunawotunde/Projects/cipher-learn-app/tests/Feature/Auth/LoginTest.php(74): Illuminate\\Foundation\\Testing\\TestCase->get('/admin')
#54 /Users/segunawotunde/Projects/cipher-learn-app/vendor/pestphp/pest/src/Factories/TestCaseMethodFactory.php(171): P\\Tests\\Feature\\Auth\\LoginTest->{closure}()
#55 [internal function]: P\\Tests\\Feature\\Auth\\LoginTest->Pest\\Factories\\{closure}()
#56 /Users/segunawotunde/Projects/cipher-learn-app/vendor/pestphp/pest/src/Concerns/Testable.php(419): call_user_func_array(Object(Closure), Array)
#57 /Users/segunawotunde/Projects/cipher-learn-app/vendor/pestphp/pest/src/Support/ExceptionTrace.php(26): P\\Tests\\Feature\\Auth\\LoginTest->Pest\\Concerns\\{closure}()
#58 /Users/segunawotunde/Projects/cipher-learn-app/vendor/pestphp/pest/src/Concerns/Testable.php(419): Pest\\Support\\ExceptionTrace::ensure(Object(Closure))
#59 /Users/segunawotunde/Projects/cipher-learn-app/vendor/pestphp/pest/src/Concerns/Testable.php(321): P\\Tests\\Feature\\Auth\\LoginTest->__callClosure(Object(Closure), Array)
#60 /Users/segunawotunde/Projects/cipher-learn-app/vendor/pestphp/pest/src/Factories/TestCaseFactory.php(173) : eval()'d code(44): P\\Tests\\Feature\\Auth\\LoginTest->__runTest(Object(Closure))
#61 /Users/segunawotunde/Projects/cipher-learn-app/vendor/phpunit/phpunit/src/Framework/TestCase.php(1667): P\\Tests\\Feature\\Auth\\LoginTest->__pest_evaluable_it_still_lets_a_Manager_reach_the_admin_panel_via_the_switcher()
#62 /Users/segunawotunde/Projects/cipher-learn-app/vendor/phpunit/phpunit/src/Framework/TestCase.php(519): PHPUnit\\Framework\\TestCase->runTest()
#63 /Users/segunawotunde/Projects/cipher-learn-app/vendor/phpunit/phpunit/src/Framework/TestRunner/TestRunner.php(87): PHPUnit\\Framework\\TestCase->runBare()
#64 /Users/segunawotunde/Projects/cipher-learn-app/vendor/phpunit/phpunit/src/Framework/TestCase.php(365): PHPUnit\\Framework\\TestRunner->run(Object(P\\Tests\\Feature\\Auth\\LoginTest))
#65 /Users/segunawotunde/Projects/cipher-learn-app/vendor/phpunit/phpunit/src/Framework/TestSuite.php(369): PHPUnit\\Framework\\TestCase->run()
#66 /Users/segunawotunde/Projects/cipher-learn-app/vendor/phpunit/phpunit/src/Framework/TestSuite.php(369): PHPUnit\\Framework\\TestSuite->run()
#67 /Users/segunawotunde/Projects/cipher-learn-app/vendor/phpunit/phpunit/src/Framework/TestSuite.php(369): PHPUnit\\Framework\\TestSuite->run()
#68 /Users/segunawotunde/Projects/cipher-learn-app/vendor/phpunit/phpunit/src/TextUI/TestRunner.php(64): PHPUnit\\Framework\\TestSuite->run()
#69 /Users/segunawotunde/Projects/cipher-learn-app/vendor/phpunit/phpunit/src/TextUI/Application.php(211): PHPUnit\\TextUI\\TestRunner->run(Object(PHPUnit\\TextUI\\Configuration\\Configuration), Object(PHPUnit\\Runner\\ResultCache\\DefaultResultCache), Object(PHPUnit\\Framework\\TestSuite))
#70 /Users/segunawotunde/Projects/cipher-learn-app/vendor/pestphp/pest/src/Kernel.php(103): PHPUnit\\TextUI\\Application->run(Array)
#71 /Users/segunawotunde/Projects/cipher-learn-app/vendor/pestphp/pest/bin/pest(184): Pest\\Kernel->handle(Array, Array)
#72 /Users/segunawotunde/Projects/cipher-learn-app/vendor/pestphp/pest/bin/pest(192): {closure}()
#73 /Users/segunawotunde/Projects/cipher-learn-app/vendor/bin/pest(119): include('/Users/segunawo...')
#74 {main}
"} 
[2026-08-23 10:06:55] testing.ERROR: No application encryption key has been specified. {"request_id":"43dd1dd9-7dad-4a7e-871d-d65326b0f7a2","exception":"[object] (Illuminate\\Encryption\\MissingAppKeyException(code: 0): No application encryption key has been specified. at /Users/segunawotunde/Projects/cipher-learn-app/vendor/laravel/framework/src/Illuminate/Encryption/EncryptionServiceProvider.php:83)
[stacktrace]
#0 /Users/segunawotunde/Projects/cipher-learn-app/vendor/laravel/framework/src/Illuminate/Support/helpers.php(393): Illuminate\\Encryption\\EncryptionServiceProvider->Illuminate\\Encryption\\{closure}(NULL)
#1 /Users/segunawotunde/Projects/cipher-learn-app/vendor/laravel/framework/src/Illuminate/Encryption/EncryptionServiceProvider.php(81): tap(NULL, Object(Closure))
#2 /Users/segunawotunde/Projects/cipher-learn-app/vendor/laravel/framework/src/Illuminate/Encryption/EncryptionServiceProvider.php(64): Illuminate\\Encryption\\EncryptionServiceProvider->key(Array)
#3 /Users/segunawotunde/Projects/cipher-learn-app/vendor/laravel/framework/src/Illuminate/Encryption/EncryptionServiceProvider.php(32): Illuminate\\Encryption\\EncryptionServiceProvider->parseKey(Array)
#4 /Users/segunawotunde/Projects/cipher-learn-app/vendor/laravel/framework/src/Illuminate/Container/Container.php(1115): Illuminate\\Encryption\\EncryptionServiceProvider->Illuminate\\Encryption\\{closure}(Object(Illuminate\\Foundation\\Application), Array)
#5 /Users/segunawotunde/Projects/cipher-learn-app/vendor/laravel/framework/src/Illuminate/Container/Container.php(933): Illuminate\\Container\\Container->build(Object(Closure))
#6 /Users/segunawotunde/Projects/cipher-learn-app/vendor/laravel/framework/src/Illuminate/Foundation/Application.php(1078): Illuminate\\Container\\Container->resolve('encrypter', Array, true)
#7 /Users/segunawotunde/Projects/cipher-learn-app/vendor/laravel/framework/src/Illuminate/Container/Container.php(864): Illuminate\\Foundation\\Application->resolve('encrypter', Array)
#8 /Users/segunawotunde/Projects/cipher-learn-app/vendor/laravel/framework/src/Illuminate/Foundation/Application.php(1058): Illuminate\\Container\\Container->make('encrypter', Array)
#9 /Users/segunawotunde/Projects/cipher-learn-app/vendor/laravel/framework/src/Illuminate/Container/Container.php(1336): Illuminate\\Foundation\\Application->make('encrypter')
#10 /Users/segunawotunde/Projects/cipher-learn-app/vendor/laravel/framework/src/Illuminate/Container/Container.php(1237): Illuminate\\Container\\Container->resolveClass(Object(ReflectionParameter), 'Illuminate\\\\Cont...')
#11 /Users/segunawotunde/Projects/cipher-learn-app/vendor/laravel/framework/src/Illuminate/Container/Container.php(1162): Illuminate\\Container\\Container->resolveDependencies(Array)
#12 /Users/segunawotunde/Projects/cipher-learn-app/vendor/laravel/framework/src/Illuminate/Container/Container.php(933): Illuminate\\Container\\Container->build('Illuminate\\\\Cook...')
#13 /Users/segunawotunde/Projects/cipher-learn-app/vendor/laravel/framework/src/Illuminate/Foundation/Application.php(1078): Illuminate\\Container\\Container->resolve('Illuminate\\\\Cook...', Array, true)
#14 /Users/segunawotunde/Projects/cipher-learn-app/vendor/laravel/framework/src/Illuminate/Container/Container.php(864): Illuminate\\Foundation\\Application->resolve('Illuminate\\\\Cook...', Array)
#15 /Users/segunawotunde/Projects/cipher-learn-app/vendor/laravel/framework/src/Illuminate/Foundation/Application.php(1058): Illuminate\\Container\\Container->make('Illuminate\\\\Cook...', Array)
#16 /Users/segunawotunde/Projects/cipher-learn-app/vendor/laravel/framework/src/Illuminate/Pipeline/Pipeline.php(208): Illuminate\\Foundation\\Application->make('Illuminate\\\\Cook...')
#17 /Users/segunawotunde/Projects/cipher-learn-app/vendor/filament/filament/src/Http/Middleware/SetUpPanel.php(19): Illuminate\\Pipeline\\Pipeline->Illuminate\\Pipeline\\{closure}(Object(Illuminate\\Http\\Request))
#18 /Users/segunawotunde/Projects/cipher-learn-app/vendor/laravel/framework/src/Illuminate/Pipeline/Pipeline.php(219): Filament\\Http\\Middleware\\SetUpPanel->handle(Object(Illuminate\\Http\\Request), Object(Closure), Object(Filament\\Panel))
#19 /Users/segunawotunde/Projects/cipher-learn-app/vendor/laravel/framework/src/Illuminate/Pipeline/Pipeline.php(137): Illuminate\\Pipeline\\Pipeline->Illuminate\\Pipeline\\{closure}(Object(Illuminate\\Http\\Request))
#20 /Users/segunawotunde/Projects/cipher-learn-app/vendor/laravel/framework/src/Illuminate/Routing/Router.php(821): Illuminate\\Pipeline\\Pipeline->then(Object(Closure))
#21 /Users/segunawotunde/Projects/cipher-learn-app/vendor/laravel/framework/src/Illuminate/Routing/Router.php(800): Illuminate\\Routing\\Router->runRouteWithinStack(Object(Illuminate\\Routing\\Route), Object(Illuminate\\Http\\Request))
#22 /Users/segunawotunde/Projects/cipher-learn-app/vendor/laravel/framework/src/Illuminate/Routing/Router.php(764): Illuminate\\Routing\\Router->runRoute(Object(Illuminate\\Http\\Request), Object(Illuminate\\Routing\\Route))
#23 /Users/segunawotunde/Projects/cipher-learn-app/vendor/laravel/framework/src/Illuminate/Routing/Router.php(753): Illuminate\\Routing\\Router->dispatchToRoute(Object(Illuminate\\Http\\Request))
#24 /Users/segunawotunde/Projects/cipher-learn-app/vendor/laravel/framework/src/Illuminate/Foundation/Http/Kernel.php(200): Illuminate\\Routing\\Router->dispatch(Object(Illuminate\\Http\\Request))
#25 /Users/segunawotunde/Projects/cipher-learn-app/vendor/laravel/framework/src/Illuminate/Pipeline/Pipeline.php(180): Illuminate\\Foundation\\Http\\Kernel->Illuminate\\Foundation\\Http\\{closure}(Object(Illuminate\\Http\\Request))
#26 /Users/segunawotunde/Projects/cipher-learn-app/vendor/livewire/livewire/src/Features/SupportDisablingBackButtonCache/DisableBackButtonCacheMiddleware.php(19): Illuminate\\Pipeline\\Pipeline->Illuminate\\Pipeline\\{closure}(Object(Illuminate\\Http\\Request))
#27 /Users/segunawotunde/Projects/cipher-learn-app/vendor/laravel/framework/src/Illuminate/Pipeline/Pipeline.php(219): Livewire\\Features\\SupportDisablingBackButtonCache\\DisableBackButtonCacheMiddleware->handle(Object(Illuminate\\Http\\Request), Object(Closure))
#28 /Users/segunawotunde/Projects/cipher-learn-app/app/Http/Middleware/AssignRequestId.php(30): Illuminate\\Pipeline\\Pipeline->Illuminate\\Pipeline\\{closure}(Object(Illuminate\\Http\\Request))
#29 /Users/segunawotunde/Projects/cipher-learn-app/vendor/laravel/framework/src/Illuminate/Pipeline/Pipeline.php(219): App\\Http\\Middleware\\AssignRequestId->handle(Object(Illuminate\\Http\\Request), Object(Closure))
#30 /Users/segunawotunde/Projects/cipher-learn-app/vendor/laravel/framework/src/Illuminate/Foundation/Http/Middleware/TransformsRequest.php(21): Illuminate\\Pipeline\\Pipeline->Illuminate\\Pipeline\\{closure}(Object(Illuminate\\Http\\Request))
#31 /Users/segunawotunde/Projects/cipher-learn-app/vendor/laravel/framework/src/Illuminate/Foundation/Http/Middleware/ConvertEmptyStringsToNull.php(31): Illuminate\\Foundation\\Http\\Middleware\\TransformsRequest->handle(Object(Illuminate\\Http\\Request), Object(Closure))
#32 /Users/segunawotunde/Projects/cipher-learn-app/vendor/laravel/framework/src/Illuminate/Pipeline/Pipeline.php(219): Illuminate\\Foundation\\Http\\Middleware\\ConvertEmptyStringsToNull->handle(Object(Illuminate\\Http\\Request), Object(Closure))
#33 /Users/segunawotunde/Projects/cipher-learn-app/vendor/laravel/framework/src/Illuminate/Foundation/Http/Middleware/TransformsRequest.php(21): Illuminate\\Pipeline\\Pipeline->Illuminate\\Pipeline\\{closure}(Object(Illuminate\\Http\\Request))
#34 /Users/segunawotunde/Projects/cipher-learn-app/vendor/laravel/framework/src/Illuminate/Foundation/Http/Middleware/TrimStrings.php(51): Illuminate\\Foundation\\Http\\Middleware\\TransformsRequest->handle(Object(Illuminate\\Http\\Request), Object(Closure))
#35 /Users/segunawotunde/Projects/cipher-learn-app/vendor/laravel/framework/src/Illuminate/Pipeline/Pipeline.php(219): Illuminate\\Foundation\\Http\\Middleware\\TrimStrings->handle(Object(Illuminate\\Http\\Request), Object(Closure))
#36 /Users/segunawotunde/Projects/cipher-learn-app/vendor/laravel/framework/src/Illuminate/Http/Middleware/ValidatePostSize.php(27): Illuminate\\Pipeline\\Pipeline->Illuminate\\Pipeline\\{closure}(Object(Illuminate\\Http\\Request))
#37 /Users/segunawotunde/Projects/cipher-learn-app/vendor/laravel/framework/src/Illuminate/Pipeline/Pipeline.php(219): Illuminate\\Http\\Middleware\\ValidatePostSize->handle(Object(Illuminate\\Http\\Request), Object(Closure))
#38 /Users/segunawotunde/Projects/cipher-learn-app/vendor/laravel/framework/src/Illuminate/Foundation/Http/Middleware/PreventRequestsDuringMaintenance.php(109): Illuminate\\Pipeline\\Pipeline->Illuminate\\Pipeline\\{closure}(Object(Illuminate\\Http\\Request))
#39 /Users/segunawotunde/Projects/cipher-learn-app/vendor/laravel/framework/src/Illuminate/Pipeline/Pipeline.php(219): Illuminate\\Foundation\\Http\\Middleware\\PreventRequestsDuringMaintenance->handle(Object(Illuminate\\Http\\Request), Object(Closure))
#40 /Users/segunawotunde/Projects/cipher-learn-app/vendor/laravel/framework/src/Illuminate/Http/Middleware/HandleCors.php(61): Illuminate\\Pipeline\\Pipeline->Illuminate\\Pipeline\\{closure}(Object(Illuminate\\Http\\Request))
#41 /Users/segunawotunde/Projects/cipher-learn-app/vendor/laravel/framework/src/Illuminate/Pipeline/Pipeline.php(219): Illuminate\\Http\\Middleware\\HandleCors->handle(Object(Illuminate\\Http\\Request), Object(Closure))
#42 /Users/segunawotunde/Projects/cipher-learn-app/vendor/laravel/framework/src/Illuminate/Http/Middleware/TrustProxies.php(58): Illuminate\\Pipeline\\Pipeline->Illuminate\\Pipeline\\{closure}(Object(Illuminate\\Http\\Request))
#43 /Users/segunawotunde/Projects/cipher-learn-app/vendor/laravel/framework/src/Illuminate/Pipeline/Pipeline.php(219): Illuminate\\Http\\Middleware\\TrustProxies->handle(Object(Illuminate\\Http\\Request), Object(Closure))
#44 /Users/segunawotunde/Projects/cipher-learn-app/vendor/laravel/framework/src/Illuminate/Foundation/Http/Middleware/InvokeDeferredCallbacks.php(22): Illuminate\\Pipeline\\Pipeline->Illuminate\\Pipeline\\{closure}(Object(Illuminate\\Http\\Request))
#45 /Users/segunawotunde/Projects/cipher-learn-app/vendor/laravel/framework/src/Illuminate/Pipeline/Pipeline.php(219): Illuminate\\Foundation\\Http\\Middleware\\InvokeDeferredCallbacks->handle(Object(Illuminate\\Http\\Request), Object(Closure))
#46 /Users/segunawotunde/Projects/cipher-learn-app/vendor/laravel/framework/src/Illuminate/Http/Middleware/ValidatePathEncoding.php(26): Illuminate\\Pipeline\\Pipeline->Illuminate\\Pipeline\\{closure}(Object(Illuminate\\Http\\Request))
#47 /Users/segunawotunde/Projects/cipher-learn-app/vendor/laravel/framework/src/Illuminate/Pipeline/Pipeline.php(219): Illuminate\\Http\\Middleware\\ValidatePathEncoding->handle(Object(Illuminate\\Http\\Request), Object(Closure))
#48 /Users/segunawotunde/Projects/cipher-learn-app/vendor/laravel/framework/src/Illuminate/Pipeline/Pipeline.php(137): Illuminate\\Pipeline\\Pipeline->Illuminate\\Pipeline\\{closure}(Object(Illuminate\\Http\\Request))
#49 /Users/segunawotunde/Projects/cipher-learn-app/vendor/laravel/framework/src/Illuminate/Foundation/Http/Kernel.php(175): Illuminate\\Pipeline\\Pipeline->then(Object(Closure))
#50 /Users/segunawotunde/Projects/cipher-learn-app/vendor/laravel/framework/src/Illuminate/Foundation/Http/Kernel.php(144): Illuminate\\Foundation\\Http\\Kernel->sendRequestThroughRouter(Object(Illuminate\\Http\\Request))
#51 /Users/segunawotunde/Projects/cipher-learn-app/vendor/laravel/framework/src/Illuminate/Foundation/Testing/Concerns/MakesHttpRequests.php(607): Illuminate\\Foundation\\Http\\Kernel->handle(Object(Illuminate\\Http\\Request))
#52 /Users/segunawotunde/Projects/cipher-learn-app/vendor/laravel/framework/src/Illuminate/Foundation/Testing/Concerns/MakesHttpRequests.php(368): Illuminate\\Foundation\\Testing\\TestCase->call('GET', '/admin', Array, Array, Array, Array)
#53 /Users/segunawotunde/Projects/cipher-learn-app/tests/Feature/Auth/LoginTest.php(102): Illuminate\\Foundation\\Testing\\TestCase->get('/admin')
#54 /Users/segunawotunde/Projects/cipher-learn-app/vendor/pestphp/pest/src/Factories/TestCaseMethodFactory.php(171): P\\Tests\\Feature\\Auth\\LoginTest->{closure}()
#55 [internal function]: P\\Tests\\Feature\\Auth\\LoginTest->Pest\\Factories\\{closure}()
#56 /Users/segunawotunde/Projects/cipher-learn-app/vendor/pestphp/pest/src/Concerns/Testable.php(419): call_user_func_array(Object(Closure), Array)
#57 /Users/segunawotunde/Projects/cipher-learn-app/vendor/pestphp/pest/src/Support/ExceptionTrace.php(26): P\\Tests\\Feature\\Auth\\LoginTest->Pest\\Concerns\\{closure}()
#58 /Users/segunawotunde/Projects/cipher-learn-app/vendor/pestphp/pest/src/Concerns/Testable.php(419): Pest\\Support\\ExceptionTrace::ensure(Object(Closure))
#59 /Users/segunawotunde/Projects/cipher-learn-app/vendor/pestphp/pest/src/Concerns/Testable.php(321): P\\Tests\\Feature\\Auth\\LoginTest->__callClosure(Object(Closure), Array)
#60 /Users/segunawotunde/Projects/cipher-learn-app/vendor/pestphp/pest/src/Factories/TestCaseFactory.php(173) : eval()'d code(71): P\\Tests\\Feature\\Auth\\LoginTest->__runTest(Object(Closure))
#61 /Users/segunawotunde/Projects/cipher-learn-app/vendor/phpunit/phpunit/src/Framework/TestCase.php(1667): P\\Tests\\Feature\\Auth\\LoginTest->__pest_evaluable_it_redirects_a_guest_from_the_admin_panel_to_the_unified_login()
#62 /Users/segunawotunde/Projects/cipher-learn-app/vendor/phpunit/phpunit/src/Framework/TestCase.php(519): PHPUnit\\Framework\\TestCase->runTest()
#63 /Users/segunawotunde/Projects/cipher-learn-app/vendor/phpunit/phpunit/src/Framework/TestRunner/TestRunner.php(87): PHPUnit\\Framework\\TestCase->runBare()
#64 /Users/segunawotunde/Projects/cipher-learn-app/vendor/phpunit/phpunit/src/Framework/TestCase.php(365): PHPUnit\\Framework\\TestRunner->run(Object(P\\Tests\\Feature\\Auth\\LoginTest))
#65 /Users/segunawotunde/Projects/cipher-learn-app/vendor/phpunit/phpunit/src/Framework/TestSuite.php(369): PHPUnit\\Framework\\TestCase->run()
#66 /Users/segunawotunde/Projects/cipher-learn-app/vendor/phpunit/phpunit/src/Framework/TestSuite.php(369): PHPUnit\\Framework\\TestSuite->run()
#67 /Users/segunawotunde/Projects/cipher-learn-app/vendor/phpunit/phpunit/src/Framework/TestSuite.php(369): PHPUnit\\Framework\\TestSuite->run()
#68 /Users/segunawotunde/Projects/cipher-learn-app/vendor/phpunit/phpunit/src/TextUI/TestRunner.php(64): PHPUnit\\Framework\\TestSuite->run()
#69 /Users/segunawotunde/Projects/cipher-learn-app/vendor/phpunit/phpunit/src/TextUI/Application.php(211): PHPUnit\\TextUI\\TestRunner->run(Object(PHPUnit\\TextUI\\Configuration\\Configuration), Object(PHPUnit\\Runner\\ResultCache\\DefaultResultCache), Object(PHPUnit\\Framework\\TestSuite))
#70 /Users/segunawotunde/Projects/cipher-learn-app/vendor/pestphp/pest/src/Kernel.php(103): PHPUnit\\TextUI\\Application->run(Array)
#71 /Users/segunawotunde/Projects/cipher-learn-app/vendor/pestphp/pest/bin/pest(184): Pest\\Kernel->handle(Array, Array)
#72 /Users/segunawotunde/Projects/cipher-learn-app/vendor/pestphp/pest/bin/pest(192): {closure}()
#73 /Users/segunawotunde/Projects/cipher-learn-app/vendor/bin/pest(119): include('/Users/segunawo...')
#74 {main}
"} 
[2026-08-23 10:06:55] testing.ERROR: No application encryption key has been specified. {"request_id":"3d8f79a4-84f9-421a-9f5e-08ef92bb1db2","userId":"01m0q1ct9bnzy55aynbxqjt1gs","exception":"[object] (Illuminate\\Encryption\\MissingAppKeyException(code: 0): No application encryption key has been specified. at /Users/segunawotunde/Projects/cipher-learn-app/vendor/laravel/framework/src/Illuminate/Encryption/EncryptionServiceProvider.php:83)
[stacktrace]
#0 /Users/segunawotunde/Projects/cipher-learn-app/vendor/laravel/framework/src/Illuminate/Support/helpers.php(393): Illuminate\\Encryption\\EncryptionServiceProvider->Illuminate\\Encryption\\{closure}(NULL)
#1 /Users/segunawotunde/Projects/cipher-learn-app/vendor/laravel/framework/src/Illuminate/Encryption/EncryptionServiceProvider.php(81): tap(NULL, Object(Closure))
#2 /Users/segunawotunde/Projects/cipher-learn-app/vendor/laravel/framework/src/Illuminate/Encryption/EncryptionServiceProvider.php(64): Illuminate\\Encryption\\EncryptionServiceProvider->key(Array)
#3 /Users/segunawotunde/Projects/cipher-learn-app/vendor/laravel/framework/src/Illuminate/Encryption/EncryptionServiceProvider.php(32): Illuminate\\Encryption\\EncryptionServiceProvider->parseKey(Array)
#4 /Users/segunawotunde/Projects/cipher-learn-app/vendor/laravel/framework/src/Illuminate/Container/Container.php(1115): Illuminate\\Encryption\\EncryptionServiceProvider->Illuminate\\Encryption\\{closure}(Object(Illuminate\\Foundation\\Application), Array)
#5 /Users/segunawotunde/Projects/cipher-learn-app/vendor/laravel/framework/src/Illuminate/Container/Container.php(933): Illuminate\\Container\\Container->build(Object(Closure))
#6 /Users/segunawotunde/Projects/cipher-learn-app/vendor/laravel/framework/src/Illuminate/Foundation/Application.php(1078): Illuminate\\Container\\Container->resolve('encrypter', Array, true)
#7 /Users/segunawotunde/Projects/cipher-learn-app/vendor/laravel/framework/src/Illuminate/Container/Container.php(864): Illuminate\\Foundation\\Application->resolve('encrypter', Array)
#8 /Users/segunawotunde/Projects/cipher-learn-app/vendor/laravel/framework/src/Illuminate/Foundation/Application.php(1058): Illuminate\\Container\\Container->make('encrypter', Array)
#9 /Users/segunawotunde/Projects/cipher-learn-app/vendor/laravel/framework/src/Illuminate/Container/Container.php(1336): Illuminate\\Foundation\\Application->make('encrypter')
#10 /Users/segunawotunde/Projects/cipher-learn-app/vendor/laravel/framework/src/Illuminate/Container/Container.php(1237): Illuminate\\Container\\Container->resolveClass(Object(ReflectionParameter), 'Illuminate\\\\Cont...')
#11 /Users/segunawotunde/Projects/cipher-learn-app/vendor/laravel/framework/src/Illuminate/Container/Container.php(1162): Illuminate\\Container\\Container->resolveDependencies(Array)
#12 /Users/segunawotunde/Projects/cipher-learn-app/vendor/laravel/framework/src/Illuminate/Container/Container.php(933): Illuminate\\Container\\Container->build('Illuminate\\\\Cook...')
#13 /Users/segunawotunde/Projects/cipher-learn-app/vendor/laravel/framework/src/Illuminate/Foundation/Application.php(1078): Illuminate\\Container\\Container->resolve('Illuminate\\\\Cook...', Array, true)
#14 /Users/segunawotunde/Projects/cipher-learn-app/vendor/laravel/framework/src/Illuminate/Container/Container.php(864): Illuminate\\Foundation\\Application->resolve('Illuminate\\\\Cook...', Array)
#15 /Users/segunawotunde/Projects/cipher-learn-app/vendor/laravel/framework/src/Illuminate/Foundation/Application.php(1058): Illuminate\\Container\\Container->make('Illuminate\\\\Cook...', Array)
#16 /Users/segunawotunde/Projects/cipher-learn-app/vendor/laravel/framework/src/Illuminate/Pipeline/Pipeline.php(208): Illuminate\\Foundation\\Application->make('Illuminate\\\\Cook...')
#17 /Users/segunawotunde/Projects/cipher-learn-app/vendor/filament/filament/src/Http/Middleware/SetUpPanel.php(19): Illuminate\\Pipeline\\Pipeline->Illuminate\\Pipeline\\{closure}(Object(Illuminate\\Http\\Request))
#18 /Users/segunawotunde/Projects/cipher-learn-app/vendor/laravel/framework/src/Illuminate/Pipeline/Pipeline.php(219): Filament\\Http\\Middleware\\SetUpPanel->handle(Object(Illuminate\\Http\\Request), Object(Closure), Object(Filament\\Panel))
#19 /Users/segunawotunde/Projects/cipher-learn-app/vendor/laravel/framework/src/Illuminate/Pipeline/Pipeline.php(137): Illuminate\\Pipeline\\Pipeline->Illuminate\\Pipeline\\{closure}(Object(Illuminate\\Http\\Request))
#20 /Users/segunawotunde/Projects/cipher-learn-app/vendor/laravel/framework/src/Illuminate/Routing/Router.php(821): Illuminate\\Pipeline\\Pipeline->then(Object(Closure))
#21 /Users/segunawotunde/Projects/cipher-learn-app/vendor/laravel/framework/src/Illuminate/Routing/Router.php(800): Illuminate\\Routing\\Router->runRouteWithinStack(Object(Illuminate\\Routing\\Route), Object(Illuminate\\Http\\Request))
#22 /Users/segunawotunde/Projects/cipher-learn-app/vendor/laravel/framework/src/Illuminate/Routing/Router.php(764): Illuminate\\Routing\\Router->runRoute(Object(Illuminate\\Http\\Request), Object(Illuminate\\Routing\\Route))
#23 /Users/segunawotunde/Projects/cipher-learn-app/vendor/laravel/framework/src/Illuminate/Routing/Router.php(753): Illuminate\\Routing\\Router->dispatchToRoute(Object(Illuminate\\Http\\Request))
#24 /Users/segunawotunde/Projects/cipher-learn-app/vendor/laravel/framework/src/Illuminate/Foundation/Http/Kernel.php(200): Illuminate\\Routing\\Router->dispatch(Object(Illuminate\\Http\\Request))
#25 /Users/segunawotunde/Projects/cipher-learn-app/vendor/laravel/framework/src/Illuminate/Pipeline/Pipeline.php(180): Illuminate\\Foundation\\Http\\Kernel->Illuminate\\Foundation\\Http\\{closure}(Object(Illuminate\\Http\\Request))
#26 /Users/segunawotunde/Projects/cipher-learn-app/vendor/livewire/livewire/src/Features/SupportDisablingBackButtonCache/DisableBackButtonCacheMiddleware.php(19): Illuminate\\Pipeline\\Pipeline->Illuminate\\Pipeline\\{closure}(Object(Illuminate\\Http\\Request))
#27 /Users/segunawotunde/Projects/cipher-learn-app/vendor/laravel/framework/src/Illuminate/Pipeline/Pipeline.php(219): Livewire\\Features\\SupportDisablingBackButtonCache\\DisableBackButtonCacheMiddleware->handle(Object(Illuminate\\Http\\Request), Object(Closure))
#28 /Users/segunawotunde/Projects/cipher-learn-app/app/Http/Middleware/AssignRequestId.php(30): Illuminate\\Pipeline\\Pipeline->Illuminate\\Pipeline\\{closure}(Object(Illuminate\\Http\\Request))
#29 /Users/segunawotunde/Projects/cipher-learn-app/vendor/laravel/framework/src/Illuminate/Pipeline/Pipeline.php(219): App\\Http\\Middleware\\AssignRequestId->handle(Object(Illuminate\\Http\\Request), Object(Closure))
#30 /Users/segunawotunde/Projects/cipher-learn-app/vendor/laravel/framework/src/Illuminate/Foundation/Http/Middleware/TransformsRequest.php(21): Illuminate\\Pipeline\\Pipeline->Illuminate\\Pipeline\\{closure}(Object(Illuminate\\Http\\Request))
#31 /Users/segunawotunde/Projects/cipher-learn-app/vendor/laravel/framework/src/Illuminate/Foundation/Http/Middleware/ConvertEmptyStringsToNull.php(31): Illuminate\\Foundation\\Http\\Middleware\\TransformsRequest->handle(Object(Illuminate\\Http\\Request), Object(Closure))
#32 /Users/segunawotunde/Projects/cipher-learn-app/vendor/laravel/framework/src/Illuminate/Pipeline/Pipeline.php(219): Illuminate\\Foundation\\Http\\Middleware\\ConvertEmptyStringsToNull->handle(Object(Illuminate\\Http\\Request), Object(Closure))
#33 /Users/segunawotunde/Projects/cipher-learn-app/vendor/laravel/framework/src/Illuminate/Foundation/Http/Middleware/TransformsRequest.php(21): Illuminate\\Pipeline\\Pipeline->Illuminate\\Pipeline\\{closure}(Object(Illuminate\\Http\\Request))
#34 /Users/segunawotunde/Projects/cipher-learn-app/vendor/laravel/framework/src/Illuminate/Foundation/Http/Middleware/TrimStrings.php(51): Illuminate\\Foundation\\Http\\Middleware\\TransformsRequest->handle(Object(Illuminate\\Http\\Request), Object(Closure))
#35 /Users/segunawotunde/Projects/cipher-learn-app/vendor/laravel/framework/src/Illuminate/Pipeline/Pipeline.php(219): Illuminate\\Foundation\\Http\\Middleware\\TrimStrings->handle(Object(Illuminate\\Http\\Request), Object(Closure))
#36 /Users/segunawotunde/Projects/cipher-learn-app/vendor/laravel/framework/src/Illuminate/Http/Middleware/ValidatePostSize.php(27): Illuminate\\Pipeline\\Pipeline->Illuminate\\Pipeline\\{closure}(Object(Illuminate\\Http\\Request))
#37 /Users/segunawotunde/Projects/cipher-learn-app/vendor/laravel/framework/src/Illuminate/Pipeline/Pipeline.php(219): Illuminate\\Http\\Middleware\\ValidatePostSize->handle(Object(Illuminate\\Http\\Request), Object(Closure))
#38 /Users/segunawotunde/Projects/cipher-learn-app/vendor/laravel/framework/src/Illuminate/Foundation/Http/Middleware/PreventRequestsDuringMaintenance.php(109): Illuminate\\Pipeline\\Pipeline->Illuminate\\Pipeline\\{closure}(Object(Illuminate\\Http\\Request))
#39 /Users/segunawotunde/Projects/cipher-learn-app/vendor/laravel/framework/src/Illuminate/Pipeline/Pipeline.php(219): Illuminate\\Foundation\\Http\\Middleware\\PreventRequestsDuringMaintenance->handle(Object(Illuminate\\Http\\Request), Object(Closure))
#40 /Users/segunawotunde/Projects/cipher-learn-app/vendor/laravel/framework/src/Illuminate/Http/Middleware/HandleCors.php(61): Illuminate\\Pipeline\\Pipeline->Illuminate\\Pipeline\\{closure}(Object(Illuminate\\Http\\Request))
#41 /Users/segunawotunde/Projects/cipher-learn-app/vendor/laravel/framework/src/Illuminate/Pipeline/Pipeline.php(219): Illuminate\\Http\\Middleware\\HandleCors->handle(Object(Illuminate\\Http\\Request), Object(Closure))
#42 /Users/segunawotunde/Projects/cipher-learn-app/vendor/laravel/framework/src/Illuminate/Http/Middleware/TrustProxies.php(58): Illuminate\\Pipeline\\Pipeline->Illuminate\\Pipeline\\{closure}(Object(Illuminate\\Http\\Request))
#43 /Users/segunawotunde/Projects/cipher-learn-app/vendor/laravel/framework/src/Illuminate/Pipeline/Pipeline.php(219): Illuminate\\Http\\Middleware\\TrustProxies->handle(Object(Illuminate\\Http\\Request), Object(Closure))
#44 /Users/segunawotunde/Projects/cipher-learn-app/vendor/laravel/framework/src/Illuminate/Foundation/Http/Middleware/InvokeDeferredCallbacks.php(22): Illuminate\\Pipeline\\Pipeline->Illuminate\\Pipeline\\{closure}(Object(Illuminate\\Http\\Request))
#45 /Users/segunawotunde/Projects/cipher-learn-app/vendor/laravel/framework/src/Illuminate/Pipeline/Pipeline.php(219): Illuminate\\Foundation\\Http\\Middleware\\InvokeDeferredCallbacks->handle(Object(Illuminate\\Http\\Request), Object(Closure))
#46 /Users/segunawotunde/Projects/cipher-learn-app/vendor/laravel/framework/src/Illuminate/Http/Middleware/ValidatePathEncoding.php(26): Illuminate\\Pipeline\\Pipeline->Illuminate\\Pipeline\\{closure}(Object(Illuminate\\Http\\Request))
#47 /Users/segunawotunde/Projects/cipher-learn-app/vendor/laravel/framework/src/Illuminate/Pipeline/Pipeline.php(219): Illuminate\\Http\\Middleware\\ValidatePathEncoding->handle(Object(Illuminate\\Http\\Request), Object(Closure))
#48 /Users/segunawotunde/Projects/cipher-learn-app/vendor/laravel/framework/src/Illuminate/Pipeline/Pipeline.php(137): Illuminate\\Pipeline\\Pipeline->Illuminate\\Pipeline\\{closure}(Object(Illuminate\\Http\\Request))
#49 /Users/segunawotunde/Projects/cipher-learn-app/vendor/laravel/framework/src/Illuminate/Foundation/Http/Kernel.php(175): Illuminate\\Pipeline\\Pipeline->then(Object(Closure))
#50 /Users/segunawotunde/Projects/cipher-learn-app/vendor/laravel/framework/src/Illuminate/Foundation/Http/Kernel.php(144): Illuminate\\Foundation\\Http\\Kernel->sendRequestThroughRouter(Object(Illuminate\\Http\\Request))
#51 /Users/segunawotunde/Projects/cipher-learn-app/vendor/laravel/framework/src/Illuminate/Foundation/Testing/Concerns/MakesHttpRequests.php(607): Illuminate\\Foundation\\Http\\Kernel->handle(Object(Illuminate\\Http\\Request))
#52 /Users/segunawotunde/Projects/cipher-learn-app/vendor/laravel/framework/src/Illuminate/Foundation/Testing/Concerns/MakesHttpRequests.php(368): Illuminate\\Foundation\\Testing\\TestCase->call('GET', '/admin', Array, Array, Array, Array)
#53 /Users/segunawotunde/Projects/cipher-learn-app/tests/Feature/Auth/LoginTest.php(111): Illuminate\\Foundation\\Testing\\TestCase->get('/admin')
#54 /Users/segunawotunde/Projects/cipher-learn-app/vendor/pestphp/pest/src/Factories/TestCaseMethodFactory.php(171): P\\Tests\\Feature\\Auth\\LoginTest->{closure}()
#55 [internal function]: P\\Tests\\Feature\\Auth\\LoginTest->Pest\\Factories\\{closure}()
#56 /Users/segunawotunde/Projects/cipher-learn-app/vendor/pestphp/pest/src/Concerns/Testable.php(419): call_user_func_array(Object(Closure), Array)
#57 /Users/segunawotunde/Projects/cipher-learn-app/vendor/pestphp/pest/src/Support/ExceptionTrace.php(26): P\\Tests\\Feature\\Auth\\LoginTest->Pest\\Concerns\\{closure}()
#58 /Users/segunawotunde/Projects/cipher-learn-app/vendor/pestphp/pest/src/Concerns/Testable.php(419): Pest\\Support\\ExceptionTrace::ensure(Object(Closure))
#59 /Users/segunawotunde/Projects/cipher-learn-app/vendor/pestphp/pest/src/Concerns/Testable.php(321): P\\Tests\\Feature\\Auth\\LoginTest->__callClosure(Object(Closure), Array)
#60 /Users/segunawotunde/Projects/cipher-learn-app/vendor/pestphp/pest/src/Factories/TestCaseFactory.php(173) : eval()'d code(80): P\\Tests\\Feature\\Auth\\LoginTest->__runTest(Object(Closure))
#61 /Users/segunawotunde/Projects/cipher-learn-app/vendor/phpunit/phpunit/src/Framework/TestCase.php(1667): P\\Tests\\Feature\\Auth\\LoginTest->__pest_evaluable_it_actually_admits_an_authenticated_admin_to_the_panel__not_a_403_()
#62 /Users/segunawotunde/Projects/cipher-learn-app/vendor/phpunit/phpunit/src/Framework/TestCase.php(519): PHPUnit\\Framework\\TestCase->runTest()
#63 /Users/segunawotunde/Projects/cipher-learn-app/vendor/phpunit/phpunit/src/Framework/TestRunner/TestRunner.php(87): PHPUnit\\Framework\\TestCase->runBare()
#64 /Users/segunawotunde/Projects/cipher-learn-app/vendor/phpunit/phpunit/src/Framework/TestCase.php(365): PHPUnit\\Framework\\TestRunner->run(Object(P\\Tests\\Feature\\Auth\\LoginTest))
#65 /Users/segunawotunde/Projects/cipher-learn-app/vendor/phpunit/phpunit/src/Framework/TestSuite.php(369): PHPUnit\\Framework\\TestCase->run()
#66 /Users/segunawotunde/Projects/cipher-learn-app/vendor/phpunit/phpunit/src/Framework/TestSuite.php(369): PHPUnit\\Framework\\TestSuite->run()
#67 /Users/segunawotunde/Projects/cipher-learn-app/vendor/phpunit/phpunit/src/Framework/TestSuite.php(369): PHPUnit\\Framework\\TestSuite->run()
#68 /Users/segunawotunde/Projects/cipher-learn-app/vendor/phpunit/phpunit/src/TextUI/TestRunner.php(64): PHPUnit\\Framework\\TestSuite->run()
#69 /Users/segunawotunde/Projects/cipher-learn-app/vendor/phpunit/phpunit/src/TextUI/Application.php(211): PHPUnit\\TextUI\\TestRunner->run(Object(PHPUnit\\TextUI\\Configuration\\Configuration), Object(PHPUnit\\Runner\\ResultCache\\DefaultResultCache), Object(PHPUnit\\Framework\\TestSuite))
#70 /Users/segunawotunde/Projects/cipher-learn-app/vendor/pestphp/pest/src/Kernel.php(103): PHPUnit\\TextUI\\Application->run(Array)
#71 /Users/segunawotunde/Projects/cipher-learn-app/vendor/pestphp/pest/bin/pest(184): Pest\\Kernel->handle(Array, Array)
#72 /Users/segunawotunde/Projects/cipher-learn-app/vendor/pestphp/pest/bin/pest(192): {closure}()
#73 /Users/segunawotunde/Projects/cipher-learn-app/vendor/bin/pest(119): include('/Users/segunawo...')
#74 {main}
"} 
[2026-08-23 10:06:55] testing.ERROR: No application encryption key has been specified. {"request_id":"46bcc853-9ff7-4a25-98d6-3969d7ed1126","userId":"01m0q1ctar4sdkc6pezch1ceej","exception":"[object] (Illuminate\\Encryption\\MissingAppKeyException(code: 0): No application encryption key has been specified. at /Users/segunawotunde/Projects/cipher-learn-app/vendor/laravel/framework/src/Illuminate/Encryption/EncryptionServiceProvider.php:83)
[stacktrace]
#0 /Users/segunawotunde/Projects/cipher-learn-app/vendor/laravel/framework/src/Illuminate/Support/helpers.php(393): Illuminate\\Encryption\\EncryptionServiceProvider->Illuminate\\Encryption\\{closure}(NULL)
#1 /Users/segunawotunde/Projects/cipher-learn-app/vendor/laravel/framework/src/Illuminate/Encryption/EncryptionServiceProvider.php(81): tap(NULL, Object(Closure))
#2 /Users/segunawotunde/Projects/cipher-learn-app/vendor/laravel/framework/src/Illuminate/Encryption/EncryptionServiceProvider.php(64): Illuminate\\Encryption\\EncryptionServiceProvider->key(Array)
#3 /Users/segunawotunde/Projects/cipher-learn-app/vendor/laravel/framework/src/Illuminate/Encryption/EncryptionServiceProvider.php(32): Illuminate\\Encryption\\EncryptionServiceProvider->parseKey(Array)
#4 /Users/segunawotunde/Projects/cipher-learn-app/vendor/laravel/framework/src/Illuminate/Container/Container.php(1115): Illuminate\\Encryption\\EncryptionServiceProvider->Illuminate\\Encryption\\{closure}(Object(Illuminate\\Foundation\\Application), Array)
#5 /Users/segunawotunde/Projects/cipher-learn-app/vendor/laravel/framework/src/Illuminate/Container/Container.php(933): Illuminate\\Container\\Container->build(Object(Closure))
#6 /Users/segunawotunde/Projects/cipher-learn-app/vendor/laravel/framework/src/Illuminate/Foundation/Application.php(1078): Illuminate\\Container\\Container->resolve('encrypter', Array, true)
#7 /Users/segunawotunde/Projects/cipher-learn-app/vendor/laravel/framework/src/Illuminate/Container/Container.php(864): Illuminate\\Foundation\\Application->resolve('encrypter', Array)
#8 /Users/segunawotunde/Projects/cipher-learn-app/vendor/laravel/framework/src/Illuminate/Foundation/Application.php(1058): Illuminate\\Container\\Container->make('encrypter', Array)
#9 /Users/segunawotunde/Projects/cipher-learn-app/vendor/laravel/framework/src/Illuminate/Container/Container.php(1336): Illuminate\\Foundation\\Application->make('encrypter')
#10 /Users/segunawotunde/Projects/cipher-learn-app/vendor/laravel/framework/src/Illuminate/Container/Container.php(1237): Illuminate\\Container\\Container->resolveClass(Object(ReflectionParameter), 'Illuminate\\\\Cont...')
#11 /Users/segunawotunde/Projects/cipher-learn-app/vendor/laravel/framework/src/Illuminate/Container/Container.php(1162): Illuminate\\Container\\Container->resolveDependencies(Array)
#12 /Users/segunawotunde/Projects/cipher-learn-app/vendor/laravel/framework/src/Illuminate/Container/Container.php(933): Illuminate\\Container\\Container->build('Illuminate\\\\Cook...')
#13 /Users/segunawotunde/Projects/cipher-learn-app/vendor/laravel/framework/src/Illuminate/Foundation/Application.php(1078): Illuminate\\Container\\Container->resolve('Illuminate\\\\Cook...', Array, true)
#14 /Users/segunawotunde/Projects/cipher-learn-app/vendor/laravel/framework/src/Illuminate/Container/Container.php(864): Illuminate\\Foundation\\Application->resolve('Illuminate\\\\Cook...', Array)
#15 /Users/segunawotunde/Projects/cipher-learn-app/vendor/laravel/framework/src/Illuminate/Foundation/Application.php(1058): Illuminate\\Container\\Container->make('Illuminate\\\\Cook...', Array)
#16 /Users/segunawotunde/Projects/cipher-learn-app/vendor/laravel/framework/src/Illuminate/Pipeline/Pipeline.php(208): Illuminate\\Foundation\\Application->make('Illuminate\\\\Cook...')
#17 /Users/segunawotunde/Projects/cipher-learn-app/vendor/filament/filament/src/Http/Middleware/SetUpPanel.php(19): Illuminate\\Pipeline\\Pipeline->Illuminate\\Pipeline\\{closure}(Object(Illuminate\\Http\\Request))
#18 /Users/segunawotunde/Projects/cipher-learn-app/vendor/laravel/framework/src/Illuminate/Pipeline/Pipeline.php(219): Filament\\Http\\Middleware\\SetUpPanel->handle(Object(Illuminate\\Http\\Request), Object(Closure), Object(Filament\\Panel))
#19 /Users/segunawotunde/Projects/cipher-learn-app/vendor/laravel/framework/src/Illuminate/Pipeline/Pipeline.php(137): Illuminate\\Pipeline\\Pipeline->Illuminate\\Pipeline\\{closure}(Object(Illuminate\\Http\\Request))
#20 /Users/segunawotunde/Projects/cipher-learn-app/vendor/laravel/framework/src/Illuminate/Routing/Router.php(821): Illuminate\\Pipeline\\Pipeline->then(Object(Closure))
#21 /Users/segunawotunde/Projects/cipher-learn-app/vendor/laravel/framework/src/Illuminate/Routing/Router.php(800): Illuminate\\Routing\\Router->runRouteWithinStack(Object(Illuminate\\Routing\\Route), Object(Illuminate\\Http\\Request))
#22 /Users/segunawotunde/Projects/cipher-learn-app/vendor/laravel/framework/src/Illuminate/Routing/Router.php(764): Illuminate\\Routing\\Router->runRoute(Object(Illuminate\\Http\\Request), Object(Illuminate\\Routing\\Route))
#23 /Users/segunawotunde/Projects/cipher-learn-app/vendor/laravel/framework/src/Illuminate/Routing/Router.php(753): Illuminate\\Routing\\Router->dispatchToRoute(Object(Illuminate\\Http\\Request))
#24 /Users/segunawotunde/Projects/cipher-learn-app/vendor/laravel/framework/src/Illuminate/Foundation/Http/Kernel.php(200): Illuminate\\Routing\\Router->dispatch(Object(Illuminate\\Http\\Request))
#25 /Users/segunawotunde/Projects/cipher-learn-app/vendor/laravel/framework/src/Illuminate/Pipeline/Pipeline.php(180): Illuminate\\Foundation\\Http\\Kernel->Illuminate\\Foundation\\Http\\{closure}(Object(Illuminate\\Http\\Request))
#26 /Users/segunawotunde/Projects/cipher-learn-app/vendor/livewire/livewire/src/Features/SupportDisablingBackButtonCache/DisableBackButtonCacheMiddleware.php(19): Illuminate\\Pipeline\\Pipeline->Illuminate\\Pipeline\\{closure}(Object(Illuminate\\Http\\Request))
#27 /Users/segunawotunde/Projects/cipher-learn-app/vendor/laravel/framework/src/Illuminate/Pipeline/Pipeline.php(219): Livewire\\Features\\SupportDisablingBackButtonCache\\DisableBackButtonCacheMiddleware->handle(Object(Illuminate\\Http\\Request), Object(Closure))
#28 /Users/segunawotunde/Projects/cipher-learn-app/app/Http/Middleware/AssignRequestId.php(30): Illuminate\\Pipeline\\Pipeline->Illuminate\\Pipeline\\{closure}(Object(Illuminate\\Http\\Request))
#29 /Users/segunawotunde/Projects/cipher-learn-app/vendor/laravel/framework/src/Illuminate/Pipeline/Pipeline.php(219): App\\Http\\Middleware\\AssignRequestId->handle(Object(Illuminate\\Http\\Request), Object(Closure))
#30 /Users/segunawotunde/Projects/cipher-learn-app/vendor/laravel/framework/src/Illuminate/Foundation/Http/Middleware/TransformsRequest.php(21): Illuminate\\Pipeline\\Pipeline->Illuminate\\Pipeline\\{closure}(Object(Illuminate\\Http\\Request))
#31 /Users/segunawotunde/Projects/cipher-learn-app/vendor/laravel/framework/src/Illuminate/Foundation/Http/Middleware/ConvertEmptyStringsToNull.php(31): Illuminate\\Foundation\\Http\\Middleware\\TransformsRequest->handle(Object(Illuminate\\Http\\Request), Object(Closure))
#32 /Users/segunawotunde/Projects/cipher-learn-app/vendor/laravel/framework/src/Illuminate/Pipeline/Pipeline.php(219): Illuminate\\Foundation\\Http\\Middleware\\ConvertEmptyStringsToNull->handle(Object(Illuminate\\Http\\Request), Object(Closure))
#33 /Users/segunawotunde/Projects/cipher-learn-app/vendor/laravel/framework/src/Illuminate/Foundation/Http/Middleware/TransformsRequest.php(21): Illuminate\\Pipeline\\Pipeline->Illuminate\\Pipeline\\{closure}(Object(Illuminate\\Http\\Request))
#34 /Users/segunawotunde/Projects/cipher-learn-app/vendor/laravel/framework/src/Illuminate/Foundation/Http/Middleware/TrimStrings.php(51): Illuminate\\Foundation\\Http\\Middleware\\TransformsRequest->handle(Object(Illuminate\\Http\\Request), Object(Closure))
#35 /Users/segunawotunde/Projects/cipher-learn-app/vendor/laravel/framework/src/Illuminate/Pipeline/Pipeline.php(219): Illuminate\\Foundation\\Http\\Middleware\\TrimStrings->handle(Object(Illuminate\\Http\\Request), Object(Closure))
#36 /Users/segunawotunde/Projects/cipher-learn-app/vendor/laravel/framework/src/Illuminate/Http/Middleware/ValidatePostSize.php(27): Illuminate\\Pipeline\\Pipeline->Illuminate\\Pipeline\\{closure}(Object(Illuminate\\Http\\Request))
#37 /Users/segunawotunde/Projects/cipher-learn-app/vendor/laravel/framework/src/Illuminate/Pipeline/Pipeline.php(219): Illuminate\\Http\\Middleware\\ValidatePostSize->handle(Object(Illuminate\\Http\\Request), Object(Closure))
#38 /Users/segunawotunde/Projects/cipher-learn-app/vendor/laravel/framework/src/Illuminate/Foundation/Http/Middleware/PreventRequestsDuringMaintenance.php(109): Illuminate\\Pipeline\\Pipeline->Illuminate\\Pipeline\\{closure}(Object(Illuminate\\Http\\Request))
#39 /Users/segunawotunde/Projects/cipher-learn-app/vendor/laravel/framework/src/Illuminate/Pipeline/Pipeline.php(219): Illuminate\\Foundation\\Http\\Middleware\\PreventRequestsDuringMaintenance->handle(Object(Illuminate\\Http\\Request), Object(Closure))
#40 /Users/segunawotunde/Projects/cipher-learn-app/vendor/laravel/framework/src/Illuminate/Http/Middleware/HandleCors.php(61): Illuminate\\Pipeline\\Pipeline->Illuminate\\Pipeline\\{closure}(Object(Illuminate\\Http\\Request))
#41 /Users/segunawotunde/Projects/cipher-learn-app/vendor/laravel/framework/src/Illuminate/Pipeline/Pipeline.php(219): Illuminate\\Http\\Middleware\\HandleCors->handle(Object(Illuminate\\Http\\Request), Object(Closure))
#42 /Users/segunawotunde/Projects/cipher-learn-app/vendor/laravel/framework/src/Illuminate/Http/Middleware/TrustProxies.php(58): Illuminate\\Pipeline\\Pipeline->Illuminate\\Pipeline\\{closure}(Object(Illuminate\\Http\\Request))
#43 /Users/segunawotunde/Projects/cipher-learn-app/vendor/laravel/framework/src/Illuminate/Pipeline/Pipeline.php(219): Illuminate\\Http\\Middleware\\TrustProxies->handle(Object(Illuminate\\Http\\Request), Object(Closure))
#44 /Users/segunawotunde/Projects/cipher-learn-app/vendor/laravel/framework/src/Illuminate/Foundation/Http/Middleware/InvokeDeferredCallbacks.php(22): Illuminate\\Pipeline\\Pipeline->Illuminate\\Pipeline\\{closure}(Object(Illuminate\\Http\\Request))
#45 /Users/segunawotunde/Projects/cipher-learn-app/vendor/laravel/framework/src/Illuminate/Pipeline/Pipeline.php(219): Illuminate\\Foundation\\Http\\Middleware\\InvokeDeferredCallbacks->handle(Object(Illuminate\\Http\\Request), Object(Closure))
#46 /Users/segunawotunde/Projects/cipher-learn-app/vendor/laravel/framework/src/Illuminate/Http/Middleware/ValidatePathEncoding.php(26): Illuminate\\Pipeline\\Pipeline->Illuminate\\Pipeline\\{closure}(Object(Illuminate\\Http\\Request))
#47 /Users/segunawotunde/Projects/cipher-learn-app/vendor/laravel/framework/src/Illuminate/Pipeline/Pipeline.php(219): Illuminate\\Http\\Middleware\\ValidatePathEncoding->handle(Object(Illuminate\\Http\\Request), Object(Closure))
#48 /Users/segunawotunde/Projects/cipher-learn-app/vendor/laravel/framework/src/Illuminate/Pipeline/Pipeline.php(137): Illuminate\\Pipeline\\Pipeline->Illuminate\\Pipeline\\{closure}(Object(Illuminate\\Http\\Request))
#49 /Users/segunawotunde/Projects/cipher-learn-app/vendor/laravel/framework/src/Illuminate/Foundation/Http/Kernel.php(175): Illuminate\\Pipeline\\Pipeline->then(Object(Closure))
#50 /Users/segunawotunde/Projects/cipher-learn-app/vendor/laravel/framework/src/Illuminate/Foundation/Http/Kernel.php(144): Illuminate\\Foundation\\Http\\Kernel->sendRequestThroughRouter(Object(Illuminate\\Http\\Request))
#51 /Users/segunawotunde/Projects/cipher-learn-app/vendor/laravel/framework/src/Illuminate/Foundation/Testing/Concerns/MakesHttpRequests.php(607): Illuminate\\Foundation\\Http\\Kernel->handle(Object(Illuminate\\Http\\Request))
#52 /Users/segunawotunde/Projects/cipher-learn-app/vendor/laravel/framework/src/Illuminate/Foundation/Testing/Concerns/MakesHttpRequests.php(368): Illuminate\\Foundation\\Testing\\TestCase->call('GET', '/admin', Array, Array, Array, Array)
#53 /Users/segunawotunde/Projects/cipher-learn-app/tests/Feature/Auth/LoginTest.php(117): Illuminate\\Foundation\\Testing\\TestCase->get('/admin')
#54 /Users/segunawotunde/Projects/cipher-learn-app/vendor/pestphp/pest/src/Factories/TestCaseMethodFactory.php(171): P\\Tests\\Feature\\Auth\\LoginTest->{closure}()
#55 [internal function]: P\\Tests\\Feature\\Auth\\LoginTest->Pest\\Factories\\{closure}()
#56 /Users/segunawotunde/Projects/cipher-learn-app/vendor/pestphp/pest/src/Concerns/Testable.php(419): call_user_func_array(Object(Closure), Array)
#57 /Users/segunawotunde/Projects/cipher-learn-app/vendor/pestphp/pest/src/Support/ExceptionTrace.php(26): P\\Tests\\Feature\\Auth\\LoginTest->Pest\\Concerns\\{closure}()
#58 /Users/segunawotunde/Projects/cipher-learn-app/vendor/pestphp/pest/src/Concerns/Testable.php(419): Pest\\Support\\ExceptionTrace::ensure(Object(Closure))
#59 /Users/segunawotunde/Projects/cipher-learn-app/vendor/pestphp/pest/src/Concerns/Testable.php(321): P\\Tests\\Feature\\Auth\\LoginTest->__callClosure(Object(Closure), Array)
#60 /Users/segunawotunde/Projects/cipher-learn-app/vendor/pestphp/pest/src/Factories/TestCaseFactory.php(173) : eval()'d code(89): P\\Tests\\Feature\\Auth\\LoginTest->__runTest(Object(Closure))
#61 /Users/segunawotunde/Projects/cipher-learn-app/vendor/phpunit/phpunit/src/Framework/TestCase.php(1667): P\\Tests\\Feature\\Auth\\LoginTest->__pest_evaluable_it_forbids_a_learner_from_loading_the_admin_panel()
#62 /Users/segunawotunde/Projects/cipher-learn-app/vendor/phpunit/phpunit/src/Framework/TestCase.php(519): PHPUnit\\Framework\\TestCase->runTest()
#63 /Users/segunawotunde/Projects/cipher-learn-app/vendor/phpunit/phpunit/src/Framework/TestRunner/TestRunner.php(87): PHPUnit\\Framework\\TestCase->runBare()
#64 /Users/segunawotunde/Projects/cipher-learn-app/vendor/phpunit/phpunit/src/Framework/TestCase.php(365): PHPUnit\\Framework\\TestRunner->run(Object(P\\Tests\\Feature\\Auth\\LoginTest))
#65 /Users/segunawotunde/Projects/cipher-learn-app/vendor/phpunit/phpunit/src/Framework/TestSuite.php(369): PHPUnit\\Framework\\TestCase->run()
#66 /Users/segunawotunde/Projects/cipher-learn-app/vendor/phpunit/phpunit/src/Framework/TestSuite.php(369): PHPUnit\\Framework\\TestSuite->run()
#67 /Users/segunawotunde/Projects/cipher-learn-app/vendor/phpunit/phpunit/src/Framework/TestSuite.php(369): PHPUnit\\Framework\\TestSuite->run()
#68 /Users/segunawotunde/Projects/cipher-learn-app/vendor/phpunit/phpunit/src/TextUI/TestRunner.php(64): PHPUnit\\Framework\\TestSuite->run()
#69 /Users/segunawotunde/Projects/cipher-learn-app/vendor/phpunit/phpunit/src/TextUI/Application.php(211): PHPUnit\\TextUI\\TestRunner->run(Object(PHPUnit\\TextUI\\Configuration\\Configuration), Object(PHPUnit\\Runner\\ResultCache\\DefaultResultCache), Object(PHPUnit\\Framework\\TestSuite))
#70 /Users/segunawotunde/Projects/cipher-learn-app/vendor/pestphp/pest/src/Kernel.php(103): PHPUnit\\TextUI\\Application->run(Array)
#71 /Users/segunawotunde/Projects/cipher-learn-app/vendor/pestphp/pest/bin/pest(184): Pest\\Kernel->handle(Array, Array)
#72 /Users/segunawotunde/Projects/cipher-learn-app/vendor/pestphp/pest/bin/pest(192): {closure}()
#73 /Users/segunawotunde/Projects/cipher-learn-app/vendor/bin/pest(119): include('/Users/segunawo...')
#74 {main}
"} 
[2026-08-23 10:06:55] testing.ERROR: No application encryption key has been specified. {"request_id":"a61d9232-838b-4887-89af-50b3b8f8d11b","userId":"01m0q1ctc23s16przdxed0g3dr","exception":"[object] (Illuminate\\Encryption\\MissingAppKeyException(code: 0): No application encryption key has been specified. at /Users/segunawotunde/Projects/cipher-learn-app/vendor/laravel/framework/src/Illuminate/Encryption/EncryptionServiceProvider.php:83)
[stacktrace]
#0 /Users/segunawotunde/Projects/cipher-learn-app/vendor/laravel/framework/src/Illuminate/Support/helpers.php(393): Illuminate\\Encryption\\EncryptionServiceProvider->Illuminate\\Encryption\\{closure}(NULL)
#1 /Users/segunawotunde/Projects/cipher-learn-app/vendor/laravel/framework/src/Illuminate/Encryption/EncryptionServiceProvider.php(81): tap(NULL, Object(Closure))
#2 /Users/segunawotunde/Projects/cipher-learn-app/vendor/laravel/framework/src/Illuminate/Encryption/EncryptionServiceProvider.php(64): Illuminate\\Encryption\\EncryptionServiceProvider->key(Array)
#3 /Users/segunawotunde/Projects/cipher-learn-app/vendor/laravel/framework/src/Illuminate/Encryption/EncryptionServiceProvider.php(32): Illuminate\\Encryption\\EncryptionServiceProvider->parseKey(Array)
#4 /Users/segunawotunde/Projects/cipher-learn-app/vendor/laravel/framework/src/Illuminate/Container/Container.php(1115): Illuminate\\Encryption\\EncryptionServiceProvider->Illuminate\\Encryption\\{closure}(Object(Illuminate\\Foundation\\Application), Array)
#5 /Users/segunawotunde/Projects/cipher-learn-app/vendor/laravel/framework/src/Illuminate/Container/Container.php(933): Illuminate\\Container\\Container->build(Object(Closure))
#6 /Users/segunawotunde/Projects/cipher-learn-app/vendor/laravel/framework/src/Illuminate/Foundation/Application.php(1078): Illuminate\\Container\\Container->resolve('encrypter', Array, true)
#7 /Users/segunawotunde/Projects/cipher-learn-app/vendor/laravel/framework/src/Illuminate/Container/Container.php(864): Illuminate\\Foundation\\Application->resolve('encrypter', Array)
#8 /Users/segunawotunde/Projects/cipher-learn-app/vendor/laravel/framework/src/Illuminate/Foundation/Application.php(1058): Illuminate\\Container\\Container->make('encrypter', Array)
#9 /Users/segunawotunde/Projects/cipher-learn-app/vendor/laravel/framework/src/Illuminate/Container/Container.php(1336): Illuminate\\Foundation\\Application->make('encrypter')
#10 /Users/segunawotunde/Projects/cipher-learn-app/vendor/laravel/framework/src/Illuminate/Container/Container.php(1237): Illuminate\\Container\\Container->resolveClass(Object(ReflectionParameter), 'Illuminate\\\\Cont...')
#11 /Users/segunawotunde/Projects/cipher-learn-app/vendor/laravel/framework/src/Illuminate/Container/Container.php(1162): Illuminate\\Container\\Container->resolveDependencies(Array)
#12 /Users/segunawotunde/Projects/cipher-learn-app/vendor/laravel/framework/src/Illuminate/Container/Container.php(933): Illuminate\\Container\\Container->build('Illuminate\\\\Cook...')
#13 /Users/segunawotunde/Projects/cipher-learn-app/vendor/laravel/framework/src/Illuminate/Foundation/Application.php(1078): Illuminate\\Container\\Container->resolve('Illuminate\\\\Cook...', Array, true)
#14 /Users/segunawotunde/Projects/cipher-learn-app/vendor/laravel/framework/src/Illuminate/Container/Container.php(864): Illuminate\\Foundation\\Application->resolve('Illuminate\\\\Cook...', Array)
#15 /Users/segunawotunde/Projects/cipher-learn-app/vendor/laravel/framework/src/Illuminate/Foundation/Application.php(1058): Illuminate\\Container\\Container->make('Illuminate\\\\Cook...', Array)
#16 /Users/segunawotunde/Projects/cipher-learn-app/vendor/laravel/framework/src/Illuminate/Pipeline/Pipeline.php(208): Illuminate\\Foundation\\Application->make('Illuminate\\\\Cook...')
#17 /Users/segunawotunde/Projects/cipher-learn-app/vendor/laravel/framework/src/Illuminate/Pipeline/Pipeline.php(137): Illuminate\\Pipeline\\Pipeline->Illuminate\\Pipeline\\{closure}(Object(Illuminate\\Http\\Request))
#18 /Users/segunawotunde/Projects/cipher-learn-app/vendor/laravel/framework/src/Illuminate/Routing/Router.php(821): Illuminate\\Pipeline\\Pipeline->then(Object(Closure))
#19 /Users/segunawotunde/Projects/cipher-learn-app/vendor/laravel/framework/src/Illuminate/Routing/Router.php(800): Illuminate\\Routing\\Router->runRouteWithinStack(Object(Illuminate\\Routing\\Route), Object(Illuminate\\Http\\Request))
#20 /Users/segunawotunde/Projects/cipher-learn-app/vendor/laravel/framework/src/Illuminate/Routing/Router.php(764): Illuminate\\Routing\\Router->runRoute(Object(Illuminate\\Http\\Request), Object(Illuminate\\Routing\\Route))
#21 /Users/segunawotunde/Projects/cipher-learn-app/vendor/laravel/framework/src/Illuminate/Routing/Router.php(753): Illuminate\\Routing\\Router->dispatchToRoute(Object(Illuminate\\Http\\Request))
#22 /Users/segunawotunde/Projects/cipher-learn-app/vendor/laravel/framework/src/Illuminate/Foundation/Http/Kernel.php(200): Illuminate\\Routing\\Router->dispatch(Object(Illuminate\\Http\\Request))
#23 /Users/segunawotunde/Projects/cipher-learn-app/vendor/laravel/framework/src/Illuminate/Pipeline/Pipeline.php(180): Illuminate\\Foundation\\Http\\Kernel->Illuminate\\Foundation\\Http\\{closure}(Object(Illuminate\\Http\\Request))
#24 /Users/segunawotunde/Projects/cipher-learn-app/vendor/livewire/livewire/src/Features/SupportDisablingBackButtonCache/DisableBackButtonCacheMiddleware.php(19): Illuminate\\Pipeline\\Pipeline->Illuminate\\Pipeline\\{closure}(Object(Illuminate\\Http\\Request))
#25 /Users/segunawotunde/Projects/cipher-learn-app/vendor/laravel/framework/src/Illuminate/Pipeline/Pipeline.php(219): Livewire\\Features\\SupportDisablingBackButtonCache\\DisableBackButtonCacheMiddleware->handle(Object(Illuminate\\Http\\Request), Object(Closure))
#26 /Users/segunawotunde/Projects/cipher-learn-app/app/Http/Middleware/AssignRequestId.php(30): Illuminate\\Pipeline\\Pipeline->Illuminate\\Pipeline\\{closure}(Object(Illuminate\\Http\\Request))
#27 /Users/segunawotunde/Projects/cipher-learn-app/vendor/laravel/framework/src/Illuminate/Pipeline/Pipeline.php(219): App\\Http\\Middleware\\AssignRequestId->handle(Object(Illuminate\\Http\\Request), Object(Closure))
#28 /Users/segunawotunde/Projects/cipher-learn-app/vendor/laravel/framework/src/Illuminate/Foundation/Http/Middleware/TransformsRequest.php(21): Illuminate\\Pipeline\\Pipeline->Illuminate\\Pipeline\\{closure}(Object(Illuminate\\Http\\Request))
#29 /Users/segunawotunde/Projects/cipher-learn-app/vendor/laravel/framework/src/Illuminate/Foundation/Http/Middleware/ConvertEmptyStringsToNull.php(31): Illuminate\\Foundation\\Http\\Middleware\\TransformsRequest->handle(Object(Illuminate\\Http\\Request), Object(Closure))
#30 /Users/segunawotunde/Projects/cipher-learn-app/vendor/laravel/framework/src/Illuminate/Pipeline/Pipeline.php(219): Illuminate\\Foundation\\Http\\Middleware\\ConvertEmptyStringsToNull->handle(Object(Illuminate\\Http\\Request), Object(Closure))
#31 /Users/segunawotunde/Projects/cipher-learn-app/vendor/laravel/framework/src/Illuminate/Foundation/Http/Middleware/TransformsRequest.php(21): Illuminate\\Pipeline\\Pipeline->Illuminate\\Pipeline\\{closure}(Object(Illuminate\\Http\\Request))
#32 /Users/segunawotunde/Projects/cipher-learn-app/vendor/laravel/framework/src/Illuminate/Foundation/Http/Middleware/TrimStrings.php(51): Illuminate\\Foundation\\Http\\Middleware\\TransformsRequest->handle(Object(Illuminate\\Http\\Request), Object(Closure))
#33 /Users/segunawotunde/Projects/cipher-learn-app/vendor/laravel/framework/src/Illuminate/Pipeline/Pipeline.php(219): Illuminate\\Foundation\\Http\\Middleware\\TrimStrings->handle(Object(Illuminate\\Http\\Request), Object(Closure))
#34 /Users/segunawotunde/Projects/cipher-learn-app/vendor/laravel/framework/src/Illuminate/Http/Middleware/ValidatePostSize.php(27): Illuminate\\Pipeline\\Pipeline->Illuminate\\Pipeline\\{closure}(Object(Illuminate\\Http\\Request))
#35 /Users/segunawotunde/Projects/cipher-learn-app/vendor/laravel/framework/src/Illuminate/Pipeline/Pipeline.php(219): Illuminate\\Http\\Middleware\\ValidatePostSize->handle(Object(Illuminate\\Http\\Request), Object(Closure))
#36 /Users/segunawotunde/Projects/cipher-learn-app/vendor/laravel/framework/src/Illuminate/Foundation/Http/Middleware/PreventRequestsDuringMaintenance.php(109): Illuminate\\Pipeline\\Pipeline->Illuminate\\Pipeline\\{closure}(Object(Illuminate\\Http\\Request))
#37 /Users/segunawotunde/Projects/cipher-learn-app/vendor/laravel/framework/src/Illuminate/Pipeline/Pipeline.php(219): Illuminate\\Foundation\\Http\\Middleware\\PreventRequestsDuringMaintenance->handle(Object(Illuminate\\Http\\Request), Object(Closure))
#38 /Users/segunawotunde/Projects/cipher-learn-app/vendor/laravel/framework/src/Illuminate/Http/Middleware/HandleCors.php(61): Illuminate\\Pipeline\\Pipeline->Illuminate\\Pipeline\\{closure}(Object(Illuminate\\Http\\Request))
#39 /Users/segunawotunde/Projects/cipher-learn-app/vendor/laravel/framework/src/Illuminate/Pipeline/Pipeline.php(219): Illuminate\\Http\\Middleware\\HandleCors->handle(Object(Illuminate\\Http\\Request), Object(Closure))
#40 /Users/segunawotunde/Projects/cipher-learn-app/vendor/laravel/framework/src/Illuminate/Http/Middleware/TrustProxies.php(58): Illuminate\\Pipeline\\Pipeline->Illuminate\\Pipeline\\{closure}(Object(Illuminate\\Http\\Request))
#41 /Users/segunawotunde/Projects/cipher-learn-app/vendor/laravel/framework/src/Illuminate/Pipeline/Pipeline.php(219): Illuminate\\Http\\Middleware\\TrustProxies->handle(Object(Illuminate\\Http\\Request), Object(Closure))
#42 /Users/segunawotunde/Projects/cipher-learn-app/vendor/laravel/framework/src/Illuminate/Foundation/Http/Middleware/InvokeDeferredCallbacks.php(22): Illuminate\\Pipeline\\Pipeline->Illuminate\\Pipeline\\{closure}(Object(Illuminate\\Http\\Request))
#43 /Users/segunawotunde/Projects/cipher-learn-app/vendor/laravel/framework/src/Illuminate/Pipeline/Pipeline.php(219): Illuminate\\Foundation\\Http\\Middleware\\InvokeDeferredCallbacks->handle(Object(Illuminate\\Http\\Request), Object(Closure))
#44 /Users/segunawotunde/Projects/cipher-learn-app/vendor/laravel/framework/src/Illuminate/Http/Middleware/ValidatePathEncoding.php(26): Illuminate\\Pipeline\\Pipeline->Illuminate\\Pipeline\\{closure}(Object(Illuminate\\Http\\Request))
#45 /Users/segunawotunde/Projects/cipher-learn-app/vendor/laravel/framework/src/Illuminate/Pipeline/Pipeline.php(219): Illuminate\\Http\\Middleware\\ValidatePathEncoding->handle(Object(Illuminate\\Http\\Request), Object(Closure))
#46 /Users/segunawotunde/Projects/cipher-learn-app/vendor/laravel/framework/src/Illuminate/Pipeline/Pipeline.php(137): Illuminate\\Pipeline\\Pipeline->Illuminate\\Pipeline\\{closure}(Object(Illuminate\\Http\\Request))
#47 /Users/segunawotunde/Projects/cipher-learn-app/vendor/laravel/framework/src/Illuminate/Foundation/Http/Kernel.php(175): Illuminate\\Pipeline\\Pipeline->then(Object(Closure))
#48 /Users/segunawotunde/Projects/cipher-learn-app/vendor/laravel/framework/src/Illuminate/Foundation/Http/Kernel.php(144): Illuminate\\Foundation\\Http\\Kernel->sendRequestThroughRouter(Object(Illuminate\\Http\\Request))
#49 /Users/segunawotunde/Projects/cipher-learn-app/vendor/laravel/framework/src/Illuminate/Foundation/Testing/Concerns/MakesHttpRequests.php(607): Illuminate\\Foundation\\Http\\Kernel->handle(Object(Illuminate\\Http\\Request))
#50 /Users/segunawotunde/Projects/cipher-learn-app/vendor/laravel/framework/src/Illuminate/Foundation/Testing/Concerns/MakesHttpRequests.php(397): Illuminate\\Foundation\\Testing\\TestCase->call('POST', '/logout', Array, Array, Array, Array)
#51 /Users/segunawotunde/Projects/cipher-learn-app/tests/Feature/Auth/LoginTest.php(123): Illuminate\\Foundation\\Testing\\TestCase->post('/logout')
#52 /Users/segunawotunde/Projects/cipher-learn-app/vendor/pestphp/pest/src/Factories/TestCaseMethodFactory.php(171): P\\Tests\\Feature\\Auth\\LoginTest->{closure}()
#53 [internal function]: P\\Tests\\Feature\\Auth\\LoginTest->Pest\\Factories\\{closure}()
#54 /Users/segunawotunde/Projects/cipher-learn-app/vendor/pestphp/pest/src/Concerns/Testable.php(419): call_user_func_array(Object(Closure), Array)
#55 /Users/segunawotunde/Projects/cipher-learn-app/vendor/pestphp/pest/src/Support/ExceptionTrace.php(26): P\\Tests\\Feature\\Auth\\LoginTest->Pest\\Concerns\\{closure}()
#56 /Users/segunawotunde/Projects/cipher-learn-app/vendor/pestphp/pest/src/Concerns/Testable.php(419): Pest\\Support\\ExceptionTrace::ensure(Object(Closure))
#57 /Users/segunawotunde/Projects/cipher-learn-app/vendor/pestphp/pest/src/Concerns/Testable.php(321): P\\Tests\\Feature\\Auth\\LoginTest->__callClosure(Object(Closure), Array)
#58 /Users/segunawotunde/Projects/cipher-learn-app/vendor/pestphp/pest/src/Factories/TestCaseFactory.php(173) : eval()'d code(98): P\\Tests\\Feature\\Auth\\LoginTest->__runTest(Object(Closure))
#59 /Users/segunawotunde/Projects/cipher-learn-app/vendor/phpunit/phpunit/src/Framework/TestCase.php(1667): P\\Tests\\Feature\\Auth\\LoginTest->__pest_evaluable_it_logs_a_user_out_and_returns_them_to_the_login()
#60 /Users/segunawotunde/Projects/cipher-learn-app/vendor/phpunit/phpunit/src/Framework/TestCase.php(519): PHPUnit\\Framework\\TestCase->runTest()
#61 /Users/segunawotunde/Projects/cipher-learn-app/vendor/phpunit/phpunit/src/Framework/TestRunner/TestRunner.php(87): PHPUnit\\Framework\\TestCase->runBare()
#62 /Users/segunawotunde/Projects/cipher-learn-app/vendor/phpunit/phpunit/src/Framework/TestCase.php(365): PHPUnit\\Framework\\TestRunner->run(Object(P\\Tests\\Feature\\Auth\\LoginTest))
#63 /Users/segunawotunde/Projects/cipher-learn-app/vendor/phpunit/phpunit/src/Framework/TestSuite.php(369): PHPUnit\\Framework\\TestCase->run()
#64 /Users/segunawotunde/Projects/cipher-learn-app/vendor/phpunit/phpunit/src/Framework/TestSuite.php(369): PHPUnit\\Framework\\TestSuite->run()
#65 /Users/segunawotunde/Projects/cipher-learn-app/vendor/phpunit/phpunit/src/Framework/TestSuite.php(369): PHPUnit\\Framework\\TestSuite->run()
#66 /Users/segunawotunde/Projects/cipher-learn-app/vendor/phpunit/phpunit/src/TextUI/TestRunner.php(64): PHPUnit\\Framework\\TestSuite->run()
#67 /Users/segunawotunde/Projects/cipher-learn-app/vendor/phpunit/phpunit/src/TextUI/Application.php(211): PHPUnit\\TextUI\\TestRunner->run(Object(PHPUnit\\TextUI\\Configuration\\Configuration), Object(PHPUnit\\Runner\\ResultCache\\DefaultResultCache), Object(PHPUnit\\Framework\\TestSuite))
#68 /Users/segunawotunde/Projects/cipher-learn-app/vendor/pestphp/pest/src/Kernel.php(103): PHPUnit\\TextUI\\Application->run(Array)
#69 /Users/segunawotunde/Projects/cipher-learn-app/vendor/pestphp/pest/bin/pest(184): Pest\\Kernel->handle(Array, Array)
#70 /Users/segunawotunde/Projects/cipher-learn-app/vendor/pestphp/pest/bin/pest(192): {closure}()
#71 /Users/segunawotunde/Projects/cipher-learn-app/vendor/bin/pest(119): include('/Users/segunawo...')
#72 {main}
"} 
[2026-08-23 10:06:56] testing.ERROR: No application encryption key has been specified. {"request_id":"971ca550-78bb-4448-ab9c-7f70bc76a431","userId":"01m0q1ctngd9j05tpt3gc0z3pv","exception":"[object] (Illuminate\\Encryption\\MissingAppKeyException(code: 0): No application encryption key has been specified. at /Users/segunawotunde/Projects/cipher-learn-app/vendor/laravel/framework/src/Illuminate/Encryption/EncryptionServiceProvider.php:83)
[stacktrace]
#0 /Users/segunawotunde/Projects/cipher-learn-app/vendor/laravel/framework/src/Illuminate/Support/helpers.php(393): Illuminate\\Encryption\\EncryptionServiceProvider->Illuminate\\Encryption\\{closure}(NULL)
#1 /Users/segunawotunde/Projects/cipher-learn-app/vendor/laravel/framework/src/Illuminate/Encryption/EncryptionServiceProvider.php(81): tap(NULL, Object(Closure))
#2 /Users/segunawotunde/Projects/cipher-learn-app/vendor/laravel/framework/src/Illuminate/Encryption/EncryptionServiceProvider.php(64): Illuminate\\Encryption\\EncryptionServiceProvider->key(Array)
#3 /Users/segunawotunde/Projects/cipher-learn-app/vendor/laravel/framework/src/Illuminate/Encryption/EncryptionServiceProvider.php(32): Illuminate\\Encryption\\EncryptionServiceProvider->parseKey(Array)
#4 /Users/segunawotunde/Projects/cipher-learn-app/vendor/laravel/framework/src/Illuminate/Container/Container.php(1115): Illuminate\\Encryption\\EncryptionServiceProvider->Illuminate\\Encryption\\{closure}(Object(Illuminate\\Foundation\\Application), Array)
#5 /Users/segunawotunde/Projects/cipher-learn-app/vendor/laravel/framework/src/Illuminate/Container/Container.php(933): Illuminate\\Container\\Container->build(Object(Closure))
#6 /Users/segunawotunde/Projects/cipher-learn-app/vendor/laravel/framework/src/Illuminate/Foundation/Application.php(1078): Illuminate\\Container\\Container->resolve('encrypter', Array, true)
#7 /Users/segunawotunde/Projects/cipher-learn-app/vendor/laravel/framework/src/Illuminate/Container/Container.php(864): Illuminate\\Foundation\\Application->resolve('encrypter', Array)
#8 /Users/segunawotunde/Projects/cipher-learn-app/vendor/laravel/framework/src/Illuminate/Foundation/Application.php(1058): Illuminate\\Container\\Container->make('encrypter', Array)
#9 /Users/segunawotunde/Projects/cipher-learn-app/vendor/laravel/framework/src/Illuminate/Container/Container.php(1336): Illuminate\\Foundation\\Application->make('encrypter')
#10 /Users/segunawotunde/Projects/cipher-learn-app/vendor/laravel/framework/src/Illuminate/Container/Container.php(1237): Illuminate\\Container\\Container->resolveClass(Object(ReflectionParameter), 'Illuminate\\\\Cont...')
#11 /Users/segunawotunde/Projects/cipher-learn-app/vendor/laravel/framework/src/Illuminate/Container/Container.php(1162): Illuminate\\Container\\Container->resolveDependencies(Array)
#12 /Users/segunawotunde/Projects/cipher-learn-app/vendor/laravel/framework/src/Illuminate/Container/Container.php(933): Illuminate\\Container\\Container->build('Illuminate\\\\Cook...')
#13 /Users/segunawotunde/Projects/cipher-learn-app/vendor/laravel/framework/src/Illuminate/Foundation/Application.php(1078): Illuminate\\Container\\Container->resolve('Illuminate\\\\Cook...', Array, true)
#14 /Users/segunawotunde/Projects/cipher-learn-app/vendor/laravel/framework/src/Illuminate/Container/Container.php(864): Illuminate\\Foundation\\Application->resolve('Illuminate\\\\Cook...', Array)
#15 /Users/segunawotunde/Projects/cipher-learn-app/vendor/laravel/framework/src/Illuminate/Foundation/Application.php(1058): Illuminate\\Container\\Container->make('Illuminate\\\\Cook...', Array)
#16 /Users/segunawotunde/Projects/cipher-learn-app/vendor/laravel/framework/src/Illuminate/Pipeline/Pipeline.php(208): Illuminate\\Foundation\\Application->make('Illuminate\\\\Cook...')
#17 /Users/segunawotunde/Projects/cipher-learn-app/vendor/filament/filament/src/Http/Middleware/SetUpPanel.php(19): Illuminate\\Pipeline\\Pipeline->Illuminate\\Pipeline\\{closure}(Object(Illuminate\\Http\\Request))
#18 /Users/segunawotunde/Projects/cipher-learn-app/vendor/laravel/framework/src/Illuminate/Pipeline/Pipeline.php(219): Filament\\Http\\Middleware\\SetUpPanel->handle(Object(Illuminate\\Http\\Request), Object(Closure), Object(Filament\\Panel))
#19 /Users/segunawotunde/Projects/cipher-learn-app/vendor/laravel/framework/src/Illuminate/Pipeline/Pipeline.php(137): Illuminate\\Pipeline\\Pipeline->Illuminate\\Pipeline\\{closure}(Object(Illuminate\\Http\\Request))
#20 /Users/segunawotunde/Projects/cipher-learn-app/vendor/laravel/framework/src/Illuminate/Routing/Router.php(821): Illuminate\\Pipeline\\Pipeline->then(Object(Closure))
#21 /Users/segunawotunde/Projects/cipher-learn-app/vendor/laravel/framework/src/Illuminate/Routing/Router.php(800): Illuminate\\Routing\\Router->runRouteWithinStack(Object(Illuminate\\Routing\\Route), Object(Illuminate\\Http\\Request))
#22 /Users/segunawotunde/Projects/cipher-learn-app/vendor/laravel/framework/src/Illuminate/Routing/Router.php(764): Illuminate\\Routing\\Router->runRoute(Object(Illuminate\\Http\\Request), Object(Illuminate\\Routing\\Route))
#23 /Users/segunawotunde/Projects/cipher-learn-app/vendor/laravel/framework/src/Illuminate/Routing/Router.php(753): Illuminate\\Routing\\Router->dispatchToRoute(Object(Illuminate\\Http\\Request))
#24 /Users/segunawotunde/Projects/cipher-learn-app/vendor/laravel/framework/src/Illuminate/Foundation/Http/Kernel.php(200): Illuminate\\Routing\\Router->dispatch(Object(Illuminate\\Http\\Request))
#25 /Users/segunawotunde/Projects/cipher-learn-app/vendor/laravel/framework/src/Illuminate/Pipeline/Pipeline.php(180): Illuminate\\Foundation\\Http\\Kernel->Illuminate\\Foundation\\Http\\{closure}(Object(Illuminate\\Http\\Request))
#26 /Users/segunawotunde/Projects/cipher-learn-app/vendor/livewire/livewire/src/Features/SupportDisablingBackButtonCache/DisableBackButtonCacheMiddleware.php(19): Illuminate\\Pipeline\\Pipeline->Illuminate\\Pipeline\\{closure}(Object(Illuminate\\Http\\Request))
#27 /Users/segunawotunde/Projects/cipher-learn-app/vendor/laravel/framework/src/Illuminate/Pipeline/Pipeline.php(219): Livewire\\Features\\SupportDisablingBackButtonCache\\DisableBackButtonCacheMiddleware->handle(Object(Illuminate\\Http\\Request), Object(Closure))
#28 /Users/segunawotunde/Projects/cipher-learn-app/app/Http/Middleware/AssignRequestId.php(30): Illuminate\\Pipeline\\Pipeline->Illuminate\\Pipeline\\{closure}(Object(Illuminate\\Http\\Request))
#29 /Users/segunawotunde/Projects/cipher-learn-app/vendor/laravel/framework/src/Illuminate/Pipeline/Pipeline.php(219): App\\Http\\Middleware\\AssignRequestId->handle(Object(Illuminate\\Http\\Request), Object(Closure))
#30 /Users/segunawotunde/Projects/cipher-learn-app/vendor/laravel/framework/src/Illuminate/Foundation/Http/Middleware/TransformsRequest.php(21): Illuminate\\Pipeline\\Pipeline->Illuminate\\Pipeline\\{closure}(Object(Illuminate\\Http\\Request))
#31 /Users/segunawotunde/Projects/cipher-learn-app/vendor/laravel/framework/src/Illuminate/Foundation/Http/Middleware/ConvertEmptyStringsToNull.php(31): Illuminate\\Foundation\\Http\\Middleware\\TransformsRequest->handle(Object(Illuminate\\Http\\Request), Object(Closure))
#32 /Users/segunawotunde/Projects/cipher-learn-app/vendor/laravel/framework/src/Illuminate/Pipeline/Pipeline.php(219): Illuminate\\Foundation\\Http\\Middleware\\ConvertEmptyStringsToNull->handle(Object(Illuminate\\Http\\Request), Object(Closure))
#33 /Users/segunawotunde/Projects/cipher-learn-app/vendor/laravel/framework/src/Illuminate/Foundation/Http/Middleware/TransformsRequest.php(21): Illuminate\\Pipeline\\Pipeline->Illuminate\\Pipeline\\{closure}(Object(Illuminate\\Http\\Request))
#34 /Users/segunawotunde/Projects/cipher-learn-app/vendor/laravel/framework/src/Illuminate/Foundation/Http/Middleware/TrimStrings.php(51): Illuminate\\Foundation\\Http\\Middleware\\TransformsRequest->handle(Object(Illuminate\\Http\\Request), Object(Closure))
#35 /Users/segunawotunde/Projects/cipher-learn-app/vendor/laravel/framework/src/Illuminate/Pipeline/Pipeline.php(219): Illuminate\\Foundation\\Http\\Middleware\\TrimStrings->handle(Object(Illuminate\\Http\\Request), Object(Closure))
#36 /Users/segunawotunde/Projects/cipher-learn-app/vendor/laravel/framework/src/Illuminate/Http/Middleware/ValidatePostSize.php(27): Illuminate\\Pipeline\\Pipeline->Illuminate\\Pipeline\\{closure}(Object(Illuminate\\Http\\Request))
#37 /Users/segunawotunde/Projects/cipher-learn-app/vendor/laravel/framework/src/Illuminate/Pipeline/Pipeline.php(219): Illuminate\\Http\\Middleware\\ValidatePostSize->handle(Object(Illuminate\\Http\\Request), Object(Closure))
#38 /Users/segunawotunde/Projects/cipher-learn-app/vendor/laravel/framework/src/Illuminate/Foundation/Http/Middleware/PreventRequestsDuringMaintenance.php(109): Illuminate\\Pipeline\\Pipeline->Illuminate\\Pipeline\\{closure}(Object(Illuminate\\Http\\Request))
#39 /Users/segunawotunde/Projects/cipher-learn-app/vendor/laravel/framework/src/Illuminate/Pipeline/Pipeline.php(219): Illuminate\\Foundation\\Http\\Middleware\\PreventRequestsDuringMaintenance->handle(Object(Illuminate\\Http\\Request), Object(Closure))
#40 /Users/segunawotunde/Projects/cipher-learn-app/vendor/laravel/framework/src/Illuminate/Http/Middleware/HandleCors.php(61): Illuminate\\Pipeline\\Pipeline->Illuminate\\Pipeline\\{closure}(Object(Illuminate\\Http\\Request))
#41 /Users/segunawotunde/Projects/cipher-learn-app/vendor/laravel/framework/src/Illuminate/Pipeline/Pipeline.php(219): Illuminate\\Http\\Middleware\\HandleCors->handle(Object(Illuminate\\Http\\Request), Object(Closure))
#42 /Users/segunawotunde/Projects/cipher-learn-app/vendor/laravel/framework/src/Illuminate/Http/Middleware/TrustProxies.php(58): Illuminate\\Pipeline\\Pipeline->Illuminate\\Pipeline\\{closure}(Object(Illuminate\\Http\\Request))
#43 /Users/segunawotunde/Projects/cipher-learn-app/vendor/laravel/framework/src/Illuminate/Pipeline/Pipeline.php(219): Illuminate\\Http\\Middleware\\TrustProxies->handle(Object(Illuminate\\Http\\Request), Object(Closure))
#44 /Users/segunawotunde/Projects/cipher-learn-app/vendor/laravel/framework/src/Illuminate/Foundation/Http/Middleware/InvokeDeferredCallbacks.php(22): Illuminate\\Pipeline\\Pipeline->Illuminate\\Pipeline\\{closure}(Object(Illuminate\\Http\\Request))
#45 /Users/segunawotunde/Projects/cipher-learn-app/vendor/laravel/framework/src/Illuminate/Pipeline/Pipeline.php(219): Illuminate\\Foundation\\Http\\Middleware\\InvokeDeferredCallbacks->handle(Object(Illuminate\\Http\\Request), Object(Closure))
#46 /Users/segunawotunde/Projects/cipher-learn-app/vendor/laravel/framework/src/Illuminate/Http/Middleware/ValidatePathEncoding.php(26): Illuminate\\Pipeline\\Pipeline->Illuminate\\Pipeline\\{closure}(Object(Illuminate\\Http\\Request))
#47 /Users/segunawotunde/Projects/cipher-learn-app/vendor/laravel/framework/src/Illuminate/Pipeline/Pipeline.php(219): Illuminate\\Http\\Middleware\\ValidatePathEncoding->handle(Object(Illuminate\\Http\\Request), Object(Closure))
#48 /Users/segunawotunde/Projects/cipher-learn-app/vendor/laravel/framework/src/Illuminate/Pipeline/Pipeline.php(137): Illuminate\\Pipeline\\Pipeline->Illuminate\\Pipeline\\{closure}(Object(Illuminate\\Http\\Request))
#49 /Users/segunawotunde/Projects/cipher-learn-app/vendor/laravel/framework/src/Illuminate/Foundation/Http/Kernel.php(175): Illuminate\\Pipeline\\Pipeline->then(Object(Closure))
#50 /Users/segunawotunde/Projects/cipher-learn-app/vendor/laravel/framework/src/Illuminate/Foundation/Http/Kernel.php(144): Illuminate\\Foundation\\Http\\Kernel->sendRequestThroughRouter(Object(Illuminate\\Http\\Request))
#51 /Users/segunawotunde/Projects/cipher-learn-app/vendor/laravel/framework/src/Illuminate/Foundation/Testing/Concerns/MakesHttpRequests.php(607): Illuminate\\Foundation\\Http\\Kernel->handle(Object(Illuminate\\Http\\Request))
#52 /Users/segunawotunde/Projects/cipher-learn-app/vendor/laravel/framework/src/Illuminate/Foundation/Testing/Concerns/MakesHttpRequests.php(368): Illuminate\\Foundation\\Testing\\TestCase->call('GET', '/admin', Array, Array, Array, Array)
#53 /Users/segunawotunde/Projects/cipher-learn-app/tests/Feature/Dashboard/DashboardWidgetsTest.php(41): Illuminate\\Foundation\\Testing\\TestCase->get('/admin')
#54 /Users/segunawotunde/Projects/cipher-learn-app/vendor/pestphp/pest/src/Factories/TestCaseMethodFactory.php(171): P\\Tests\\Feature\\Dashboard\\DashboardWidgetsTest->{closure}()
#55 [internal function]: P\\Tests\\Feature\\Dashboard\\DashboardWidgetsTest->Pest\\Factories\\{closure}()
#56 /Users/segunawotunde/Projects/cipher-learn-app/vendor/pestphp/pest/src/Concerns/Testable.php(419): call_user_func_array(Object(Closure), Array)
#57 /Users/segunawotunde/Projects/cipher-learn-app/vendor/pestphp/pest/src/Support/ExceptionTrace.php(26): P\\Tests\\Feature\\Dashboard\\DashboardWidgetsTest->Pest\\Concerns\\{closure}()
#58 /Users/segunawotunde/Projects/cipher-learn-app/vendor/pestphp/pest/src/Concerns/Testable.php(419): Pest\\Support\\ExceptionTrace::ensure(Object(Closure))
#59 /Users/segunawotunde/Projects/cipher-learn-app/vendor/pestphp/pest/src/Concerns/Testable.php(321): P\\Tests\\Feature\\Dashboard\\DashboardWidgetsTest->__callClosure(Object(Closure), Array)
#60 /Users/segunawotunde/Projects/cipher-learn-app/vendor/pestphp/pest/src/Factories/TestCaseFactory.php(173) : eval()'d code(44): P\\Tests\\Feature\\Dashboard\\DashboardWidgetsTest->__runTest(Object(Closure))
#61 /Users/segunawotunde/Projects/cipher-learn-app/vendor/phpunit/phpunit/src/Framework/TestCase.php(1667): P\\Tests\\Feature\\Dashboard\\DashboardWidgetsTest->__pest_evaluable_it_renders_the_admin_dashboard_without_error_for_an_admin()
#62 /Users/segunawotunde/Projects/cipher-learn-app/vendor/phpunit/phpunit/src/Framework/TestCase.php(519): PHPUnit\\Framework\\TestCase->runTest()
#63 /Users/segunawotunde/Projects/cipher-learn-app/vendor/phpunit/phpunit/src/Framework/TestRunner/TestRunner.php(87): PHPUnit\\Framework\\TestCase->runBare()
#64 /Users/segunawotunde/Projects/cipher-learn-app/vendor/phpunit/phpunit/src/Framework/TestCase.php(365): PHPUnit\\Framework\\TestRunner->run(Object(P\\Tests\\Feature\\Dashboard\\DashboardWidgetsTest))
#65 /Users/segunawotunde/Projects/cipher-learn-app/vendor/phpunit/phpunit/src/Framework/TestSuite.php(369): PHPUnit\\Framework\\TestCase->run()
#66 /Users/segunawotunde/Projects/cipher-learn-app/vendor/phpunit/phpunit/src/Framework/TestSuite.php(369): PHPUnit\\Framework\\TestSuite->run()
#67 /Users/segunawotunde/Projects/cipher-learn-app/vendor/phpunit/phpunit/src/Framework/TestSuite.php(369): PHPUnit\\Framework\\TestSuite->run()
#68 /Users/segunawotunde/Projects/cipher-learn-app/vendor/phpunit/phpunit/src/TextUI/TestRunner.php(64): PHPUnit\\Framework\\TestSuite->run()
#69 /Users/segunawotunde/Projects/cipher-learn-app/vendor/phpunit/phpunit/src/TextUI/Application.php(211): PHPUnit\\TextUI\\TestRunner->run(Object(PHPUnit\\TextUI\\Configuration\\Configuration), Object(PHPUnit\\Runner\\ResultCache\\DefaultResultCache), Object(PHPUnit\\Framework\\TestSuite))
#70 /Users/segunawotunde/Projects/cipher-learn-app/vendor/pestphp/pest/src/Kernel.php(103): PHPUnit\\TextUI\\Application->run(Array)
#71 /Users/segunawotunde/Projects/cipher-learn-app/vendor/pestphp/pest/bin/pest(184): Pest\\Kernel->handle(Array, Array)
#72 /Users/segunawotunde/Projects/cipher-learn-app/vendor/pestphp/pest/bin/pest(192): {closure}()
#73 /Users/segunawotunde/Projects/cipher-learn-app/vendor/bin/pest(119): include('/Users/segunawo...')
#74 {main}
"} 
[2026-08-23 10:06:57] testing.ERROR: No application encryption key has been specified. {"request_id":"299982ee-ba95-4a2d-b124-ee735c76980a","userId":"01m0q1cw889t1ewztxepz7wtv8","exception":"[object] (Illuminate\\Encryption\\MissingAppKeyException(code: 0): No application encryption key has been specified. at /Users/segunawotunde/Projects/cipher-learn-app/vendor/laravel/framework/src/Illuminate/Encryption/EncryptionServiceProvider.php:83)
[stacktrace]
#0 /Users/segunawotunde/Projects/cipher-learn-app/vendor/laravel/framework/src/Illuminate/Support/helpers.php(393): Illuminate\\Encryption\\EncryptionServiceProvider->Illuminate\\Encryption\\{closure}(NULL)
#1 /Users/segunawotunde/Projects/cipher-learn-app/vendor/laravel/framework/src/Illuminate/Encryption/EncryptionServiceProvider.php(81): tap(NULL, Object(Closure))
#2 /Users/segunawotunde/Projects/cipher-learn-app/vendor/laravel/framework/src/Illuminate/Encryption/EncryptionServiceProvider.php(64): Illuminate\\Encryption\\EncryptionServiceProvider->key(Array)
#3 /Users/segunawotunde/Projects/cipher-learn-app/vendor/laravel/framework/src/Illuminate/Encryption/EncryptionServiceProvider.php(32): Illuminate\\Encryption\\EncryptionServiceProvider->parseKey(Array)
#4 /Users/segunawotunde/Projects/cipher-learn-app/vendor/laravel/framework/src/Illuminate/Container/Container.php(1115): Illuminate\\Encryption\\EncryptionServiceProvider->Illuminate\\Encryption\\{closure}(Object(Illuminate\\Foundation\\Application), Array)
#5 /Users/segunawotunde/Projects/cipher-learn-app/vendor/laravel/framework/src/Illuminate/Container/Container.php(933): Illuminate\\Container\\Container->build(Object(Closure))
#6 /Users/segunawotunde/Projects/cipher-learn-app/vendor/laravel/framework/src/Illuminate/Foundation/Application.php(1078): Illuminate\\Container\\Container->resolve('encrypter', Array, true)
#7 /Users/segunawotunde/Projects/cipher-learn-app/vendor/laravel/framework/src/Illuminate/Container/Container.php(864): Illuminate\\Foundation\\Application->resolve('encrypter', Array)
#8 /Users/segunawotunde/Projects/cipher-learn-app/vendor/laravel/framework/src/Illuminate/Foundation/Application.php(1058): Illuminate\\Container\\Container->make('encrypter', Array)
#9 /Users/segunawotunde/Projects/cipher-learn-app/vendor/laravel/framework/src/Illuminate/Container/Container.php(1336): Illuminate\\Foundation\\Application->make('encrypter')
#10 /Users/segunawotunde/Projects/cipher-learn-app/vendor/laravel/framework/src/Illuminate/Container/Container.php(1237): Illuminate\\Container\\Container->resolveClass(Object(ReflectionParameter), 'Illuminate\\\\Cont...')
#11 /Users/segunawotunde/Projects/cipher-learn-app/vendor/laravel/framework/src/Illuminate/Container/Container.php(1162): Illuminate\\Container\\Container->resolveDependencies(Array)
#12 /Users/segunawotunde/Projects/cipher-learn-app/vendor/laravel/framework/src/Illuminate/Container/Container.php(933): Illuminate\\Container\\Container->build('Illuminate\\\\Cook...')
#13 /Users/segunawotunde/Projects/cipher-learn-app/vendor/laravel/framework/src/Illuminate/Foundation/Application.php(1078): Illuminate\\Container\\Container->resolve('Illuminate\\\\Cook...', Array, true)
#14 /Users/segunawotunde/Projects/cipher-learn-app/vendor/laravel/framework/src/Illuminate/Container/Container.php(864): Illuminate\\Foundation\\Application->resolve('Illuminate\\\\Cook...', Array)
#15 /Users/segunawotunde/Projects/cipher-learn-app/vendor/laravel/framework/src/Illuminate/Foundation/Application.php(1058): Illuminate\\Container\\Container->make('Illuminate\\\\Cook...', Array)
#16 /Users/segunawotunde/Projects/cipher-learn-app/vendor/laravel/framework/src/Illuminate/Pipeline/Pipeline.php(208): Illuminate\\Foundation\\Application->make('Illuminate\\\\Cook...')
#17 /Users/segunawotunde/Projects/cipher-learn-app/vendor/filament/filament/src/Http/Middleware/SetUpPanel.php(19): Illuminate\\Pipeline\\Pipeline->Illuminate\\Pipeline\\{closure}(Object(Illuminate\\Http\\Request))
#18 /Users/segunawotunde/Projects/cipher-learn-app/vendor/laravel/framework/src/Illuminate/Pipeline/Pipeline.php(219): Filament\\Http\\Middleware\\SetUpPanel->handle(Object(Illuminate\\Http\\Request), Object(Closure), Object(Filament\\Panel))
#19 /Users/segunawotunde/Projects/cipher-learn-app/vendor/laravel/framework/src/Illuminate/Pipeline/Pipeline.php(137): Illuminate\\Pipeline\\Pipeline->Illuminate\\Pipeline\\{closure}(Object(Illuminate\\Http\\Request))
#20 /Users/segunawotunde/Projects/cipher-learn-app/vendor/laravel/framework/src/Illuminate/Routing/Router.php(821): Illuminate\\Pipeline\\Pipeline->then(Object(Closure))
#21 /Users/segunawotunde/Projects/cipher-learn-app/vendor/laravel/framework/src/Illuminate/Routing/Router.php(800): Illuminate\\Routing\\Router->runRouteWithinStack(Object(Illuminate\\Routing\\Route), Object(Illuminate\\Http\\Request))
#22 /Users/segunawotunde/Projects/cipher-learn-app/vendor/laravel/framework/src/Illuminate/Routing/Router.php(764): Illuminate\\Routing\\Router->runRoute(Object(Illuminate\\Http\\Request), Object(Illuminate\\Routing\\Route))
#23 /Users/segunawotunde/Projects/cipher-learn-app/vendor/laravel/framework/src/Illuminate/Routing/Router.php(753): Illuminate\\Routing\\Router->dispatchToRoute(Object(Illuminate\\Http\\Request))
#24 /Users/segunawotunde/Projects/cipher-learn-app/vendor/laravel/framework/src/Illuminate/Foundation/Http/Kernel.php(200): Illuminate\\Routing\\Router->dispatch(Object(Illuminate\\Http\\Request))
#25 /Users/segunawotunde/Projects/cipher-learn-app/vendor/laravel/framework/src/Illuminate/Pipeline/Pipeline.php(180): Illuminate\\Foundation\\Http\\Kernel->Illuminate\\Foundation\\Http\\{closure}(Object(Illuminate\\Http\\Request))
#26 /Users/segunawotunde/Projects/cipher-learn-app/vendor/livewire/livewire/src/Features/SupportDisablingBackButtonCache/DisableBackButtonCacheMiddleware.php(19): Illuminate\\Pipeline\\Pipeline->Illuminate\\Pipeline\\{closure}(Object(Illuminate\\Http\\Request))
#27 /Users/segunawotunde/Projects/cipher-learn-app/vendor/laravel/framework/src/Illuminate/Pipeline/Pipeline.php(219): Livewire\\Features\\SupportDisablingBackButtonCache\\DisableBackButtonCacheMiddleware->handle(Object(Illuminate\\Http\\Request), Object(Closure))
#28 /Users/segunawotunde/Projects/cipher-learn-app/app/Http/Middleware/AssignRequestId.php(30): Illuminate\\Pipeline\\Pipeline->Illuminate\\Pipeline\\{closure}(Object(Illuminate\\Http\\Request))
#29 /Users/segunawotunde/Projects/cipher-learn-app/vendor/laravel/framework/src/Illuminate/Pipeline/Pipeline.php(219): App\\Http\\Middleware\\AssignRequestId->handle(Object(Illuminate\\Http\\Request), Object(Closure))
#30 /Users/segunawotunde/Projects/cipher-learn-app/vendor/laravel/framework/src/Illuminate/Foundation/Http/Middleware/TransformsRequest.php(21): Illuminate\\Pipeline\\Pipeline->Illuminate\\Pipeline\\{closure}(Object(Illuminate\\Http\\Request))
#31 /Users/segunawotunde/Projects/cipher-learn-app/vendor/laravel/framework/src/Illuminate/Foundation/Http/Middleware/ConvertEmptyStringsToNull.php(31): Illuminate\\Foundation\\Http\\Middleware\\TransformsRequest->handle(Object(Illuminate\\Http\\Request), Object(Closure))
#32 /Users/segunawotunde/Projects/cipher-learn-app/vendor/laravel/framework/src/Illuminate/Pipeline/Pipeline.php(219): Illuminate\\Foundation\\Http\\Middleware\\ConvertEmptyStringsToNull->handle(Object(Illuminate\\Http\\Request), Object(Closure))
#33 /Users/segunawotunde/Projects/cipher-learn-app/vendor/laravel/framework/src/Illuminate/Foundation/Http/Middleware/TransformsRequest.php(21): Illuminate\\Pipeline\\Pipeline->Illuminate\\Pipeline\\{closure}(Object(Illuminate\\Http\\Request))
#34 /Users/segunawotunde/Projects/cipher-learn-app/vendor/laravel/framework/src/Illuminate/Foundation/Http/Middleware/TrimStrings.php(51): Illuminate\\Foundation\\Http\\Middleware\\TransformsRequest->handle(Object(Illuminate\\Http\\Request), Object(Closure))
#35 /Users/segunawotunde/Projects/cipher-learn-app/vendor/laravel/framework/src/Illuminate/Pipeline/Pipeline.php(219): Illuminate\\Foundation\\Http\\Middleware\\TrimStrings->handle(Object(Illuminate\\Http\\Request), Object(Closure))
#36 /Users/segunawotunde/Projects/cipher-learn-app/vendor/laravel/framework/src/Illuminate/Http/Middleware/ValidatePostSize.php(27): Illuminate\\Pipeline\\Pipeline->Illuminate\\Pipeline\\{closure}(Object(Illuminate\\Http\\Request))
#37 /Users/segunawotunde/Projects/cipher-learn-app/vendor/laravel/framework/src/Illuminate/Pipeline/Pipeline.php(219): Illuminate\\Http\\Middleware\\ValidatePostSize->handle(Object(Illuminate\\Http\\Request), Object(Closure))
#38 /Users/segunawotunde/Projects/cipher-learn-app/vendor/laravel/framework/src/Illuminate/Foundation/Http/Middleware/PreventRequestsDuringMaintenance.php(109): Illuminate\\Pipeline\\Pipeline->Illuminate\\Pipeline\\{closure}(Object(Illuminate\\Http\\Request))
#39 /Users/segunawotunde/Projects/cipher-learn-app/vendor/laravel/framework/src/Illuminate/Pipeline/Pipeline.php(219): Illuminate\\Foundation\\Http\\Middleware\\PreventRequestsDuringMaintenance->handle(Object(Illuminate\\Http\\Request), Object(Closure))
#40 /Users/segunawotunde/Projects/cipher-learn-app/vendor/laravel/framework/src/Illuminate/Http/Middleware/HandleCors.php(61): Illuminate\\Pipeline\\Pipeline->Illuminate\\Pipeline\\{closure}(Object(Illuminate\\Http\\Request))
#41 /Users/segunawotunde/Projects/cipher-learn-app/vendor/laravel/framework/src/Illuminate/Pipeline/Pipeline.php(219): Illuminate\\Http\\Middleware\\HandleCors->handle(Object(Illuminate\\Http\\Request), Object(Closure))
#42 /Users/segunawotunde/Projects/cipher-learn-app/vendor/laravel/framework/src/Illuminate/Http/Middleware/TrustProxies.php(58): Illuminate\\Pipeline\\Pipeline->Illuminate\\Pipeline\\{closure}(Object(Illuminate\\Http\\Request))
#43 /Users/segunawotunde/Projects/cipher-learn-app/vendor/laravel/framework/src/Illuminate/Pipeline/Pipeline.php(219): Illuminate\\Http\\Middleware\\TrustProxies->handle(Object(Illuminate\\Http\\Request), Object(Closure))
#44 /Users/segunawotunde/Projects/cipher-learn-app/vendor/laravel/framework/src/Illuminate/Foundation/Http/Middleware/InvokeDeferredCallbacks.php(22): Illuminate\\Pipeline\\Pipeline->Illuminate\\Pipeline\\{closure}(Object(Illuminate\\Http\\Request))
#45 /Users/segunawotunde/Projects/cipher-learn-app/vendor/laravel/framework/src/Illuminate/Pipeline/Pipeline.php(219): Illuminate\\Foundation\\Http\\Middleware\\InvokeDeferredCallbacks->handle(Object(Illuminate\\Http\\Request), Object(Closure))
#46 /Users/segunawotunde/Projects/cipher-learn-app/vendor/laravel/framework/src/Illuminate/Http/Middleware/ValidatePathEncoding.php(26): Illuminate\\Pipeline\\Pipeline->Illuminate\\Pipeline\\{closure}(Object(Illuminate\\Http\\Request))
#47 /Users/segunawotunde/Projects/cipher-learn-app/vendor/laravel/framework/src/Illuminate/Pipeline/Pipeline.php(219): Illuminate\\Http\\Middleware\\ValidatePathEncoding->handle(Object(Illuminate\\Http\\Request), Object(Closure))
#48 /Users/segunawotunde/Projects/cipher-learn-app/vendor/laravel/framework/src/Illuminate/Pipeline/Pipeline.php(137): Illuminate\\Pipeline\\Pipeline->Illuminate\\Pipeline\\{closure}(Object(Illuminate\\Http\\Request))
#49 /Users/segunawotunde/Projects/cipher-learn-app/vendor/laravel/framework/src/Illuminate/Foundation/Http/Kernel.php(175): Illuminate\\Pipeline\\Pipeline->then(Object(Closure))
#50 /Users/segunawotunde/Projects/cipher-learn-app/vendor/laravel/framework/src/Illuminate/Foundation/Http/Kernel.php(144): Illuminate\\Foundation\\Http\\Kernel->sendRequestThroughRouter(Object(Illuminate\\Http\\Request))
#51 /Users/segunawotunde/Projects/cipher-learn-app/vendor/laravel/framework/src/Illuminate/Foundation/Testing/Concerns/MakesHttpRequests.php(607): Illuminate\\Foundation\\Http\\Kernel->handle(Object(Illuminate\\Http\\Request))
#52 /Users/segunawotunde/Projects/cipher-learn-app/vendor/laravel/framework/src/Illuminate/Foundation/Testing/Concerns/MakesHttpRequests.php(368): Illuminate\\Foundation\\Testing\\TestCase->call('GET', 'http://localhos...', Array, Array, Array, Array)
#53 /Users/segunawotunde/Projects/cipher-learn-app/tests/Feature/Filament/LearningPathResourceTest.php(50): Illuminate\\Foundation\\Testing\\TestCase->get('http://localhos...')
#54 /Users/segunawotunde/Projects/cipher-learn-app/vendor/pestphp/pest/src/Factories/TestCaseMethodFactory.php(171): P\\Tests\\Feature\\Filament\\LearningPathResourceTest->{closure}()
#55 [internal function]: P\\Tests\\Feature\\Filament\\LearningPathResourceTest->Pest\\Factories\\{closure}()
#56 /Users/segunawotunde/Projects/cipher-learn-app/vendor/pestphp/pest/src/Concerns/Testable.php(419): call_user_func_array(Object(Closure), Array)
#57 /Users/segunawotunde/Projects/cipher-learn-app/vendor/pestphp/pest/src/Support/ExceptionTrace.php(26): P\\Tests\\Feature\\Filament\\LearningPathResourceTest->Pest\\Concerns\\{closure}()
#58 /Users/segunawotunde/Projects/cipher-learn-app/vendor/pestphp/pest/src/Concerns/Testable.php(419): Pest\\Support\\ExceptionTrace::ensure(Object(Closure))
#59 /Users/segunawotunde/Projects/cipher-learn-app/vendor/pestphp/pest/src/Concerns/Testable.php(321): P\\Tests\\Feature\\Filament\\LearningPathResourceTest->__callClosure(Object(Closure), Array)
#60 /Users/segunawotunde/Projects/cipher-learn-app/vendor/pestphp/pest/src/Factories/TestCaseFactory.php(173) : eval()'d code(26): P\\Tests\\Feature\\Filament\\LearningPathResourceTest->__runTest(Object(Closure))
#61 /Users/segunawotunde/Projects/cipher-learn-app/vendor/phpunit/phpunit/src/Framework/TestCase.php(1667): P\\Tests\\Feature\\Filament\\LearningPathResourceTest->__pest_evaluable_it_renders_the_learning_paths_list_for_an_authorised_user()
#62 /Users/segunawotunde/Projects/cipher-learn-app/vendor/phpunit/phpunit/src/Framework/TestCase.php(519): PHPUnit\\Framework\\TestCase->runTest()
#63 /Users/segunawotunde/Projects/cipher-learn-app/vendor/phpunit/phpunit/src/Framework/TestRunner/TestRunner.php(87): PHPUnit\\Framework\\TestCase->runBare()
#64 /Users/segunawotunde/Projects/cipher-learn-app/vendor/phpunit/phpunit/src/Framework/TestCase.php(365): PHPUnit\\Framework\\TestRunner->run(Object(P\\Tests\\Feature\\Filament\\LearningPathResourceTest))
#65 /Users/segunawotunde/Projects/cipher-learn-app/vendor/phpunit/phpunit/src/Framework/TestSuite.php(369): PHPUnit\\Framework\\TestCase->run()
#66 /Users/segunawotunde/Projects/cipher-learn-app/vendor/phpunit/phpunit/src/Framework/TestSuite.php(369): PHPUnit\\Framework\\TestSuite->run()
#67 /Users/segunawotunde/Projects/cipher-learn-app/vendor/phpunit/phpunit/src/Framework/TestSuite.php(369): PHPUnit\\Framework\\TestSuite->run()
#68 /Users/segunawotunde/Projects/cipher-learn-app/vendor/phpunit/phpunit/src/TextUI/TestRunner.php(64): PHPUnit\\Framework\\TestSuite->run()
#69 /Users/segunawotunde/Projects/cipher-learn-app/vendor/phpunit/phpunit/src/TextUI/Application.php(211): PHPUnit\\TextUI\\TestRunner->run(Object(PHPUnit\\TextUI\\Configuration\\Configuration), Object(PHPUnit\\Runner\\ResultCache\\DefaultResultCache), Object(PHPUnit\\Framework\\TestSuite))
#70 /Users/segunawotunde/Projects/cipher-learn-app/vendor/pestphp/pest/src/Kernel.php(103): PHPUnit\\TextUI\\Application->run(Array)
#71 /Users/segunawotunde/Projects/cipher-learn-app/vendor/pestphp/pest/bin/pest(184): Pest\\Kernel->handle(Array, Array)
#72 /Users/segunawotunde/Projects/cipher-learn-app/vendor/pestphp/pest/bin/pest(192): {closure}()
#73 /Users/segunawotunde/Projects/cipher-learn-app/vendor/bin/pest(119): include('/Users/segunawo...')
#74 {main}
"} 
[2026-08-23 10:06:58] testing.ERROR: No application encryption key has been specified. {"request_id":"4f2a92dd-e7bf-4e16-b104-a3a765d7db5d","exception":"[object] (Illuminate\\Encryption\\MissingAppKeyException(code: 0): No application encryption key has been specified. at /Users/segunawotunde/Projects/cipher-learn-app/vendor/laravel/framework/src/Illuminate/Encryption/EncryptionServiceProvider.php:83)
[stacktrace]
#0 /Users/segunawotunde/Projects/cipher-learn-app/vendor/laravel/framework/src/Illuminate/Support/helpers.php(393): Illuminate\\Encryption\\EncryptionServiceProvider->Illuminate\\Encryption\\{closure}(NULL)
#1 /Users/segunawotunde/Projects/cipher-learn-app/vendor/laravel/framework/src/Illuminate/Encryption/EncryptionServiceProvider.php(81): tap(NULL, Object(Closure))
#2 /Users/segunawotunde/Projects/cipher-learn-app/vendor/laravel/framework/src/Illuminate/Encryption/EncryptionServiceProvider.php(64): Illuminate\\Encryption\\EncryptionServiceProvider->key(Array)
#3 /Users/segunawotunde/Projects/cipher-learn-app/vendor/laravel/framework/src/Illuminate/Encryption/EncryptionServiceProvider.php(32): Illuminate\\Encryption\\EncryptionServiceProvider->parseKey(Array)
#4 /Users/segunawotunde/Projects/cipher-learn-app/vendor/laravel/framework/src/Illuminate/Container/Container.php(1115): Illuminate\\Encryption\\EncryptionServiceProvider->Illuminate\\Encryption\\{closure}(Object(Illuminate\\Foundation\\Application), Array)
#5 /Users/segunawotunde/Projects/cipher-learn-app/vendor/laravel/framework/src/Illuminate/Container/Container.php(933): Illuminate\\Container\\Container->build(Object(Closure))
#6 /Users/segunawotunde/Projects/cipher-learn-app/vendor/laravel/framework/src/Illuminate/Foundation/Application.php(1078): Illuminate\\Container\\Container->resolve('encrypter', Array, true)
#7 /Users/segunawotunde/Projects/cipher-learn-app/vendor/laravel/framework/src/Illuminate/Container/Container.php(864): Illuminate\\Foundation\\Application->resolve('encrypter', Array)
#8 /Users/segunawotunde/Projects/cipher-learn-app/vendor/laravel/framework/src/Illuminate/Foundation/Application.php(1058): Illuminate\\Container\\Container->make('encrypter', Array)
#9 /Users/segunawotunde/Projects/cipher-learn-app/vendor/laravel/framework/src/Illuminate/Container/Container.php(1336): Illuminate\\Foundation\\Application->make('encrypter')
#10 /Users/segunawotunde/Projects/cipher-learn-app/vendor/laravel/framework/src/Illuminate/Container/Container.php(1237): Illuminate\\Container\\Container->resolveClass(Object(ReflectionParameter), 'Illuminate\\\\Cont...')
#11 /Users/segunawotunde/Projects/cipher-learn-app/vendor/laravel/framework/src/Illuminate/Container/Container.php(1162): Illuminate\\Container\\Container->resolveDependencies(Array)
#12 /Users/segunawotunde/Projects/cipher-learn-app/vendor/laravel/framework/src/Illuminate/Container/Container.php(933): Illuminate\\Container\\Container->build('Illuminate\\\\Cook...')
#13 /Users/segunawotunde/Projects/cipher-learn-app/vendor/laravel/framework/src/Illuminate/Foundation/Application.php(1078): Illuminate\\Container\\Container->resolve('Illuminate\\\\Cook...', Array, true)
#14 /Users/segunawotunde/Projects/cipher-learn-app/vendor/laravel/framework/src/Illuminate/Container/Container.php(864): Illuminate\\Foundation\\Application->resolve('Illuminate\\\\Cook...', Array)
#15 /Users/segunawotunde/Projects/cipher-learn-app/vendor/laravel/framework/src/Illuminate/Foundation/Application.php(1058): Illuminate\\Container\\Container->make('Illuminate\\\\Cook...', Array)
#16 /Users/segunawotunde/Projects/cipher-learn-app/vendor/laravel/framework/src/Illuminate/Pipeline/Pipeline.php(208): Illuminate\\Foundation\\Application->make('Illuminate\\\\Cook...')
#17 /Users/segunawotunde/Projects/cipher-learn-app/vendor/laravel/framework/src/Illuminate/Pipeline/Pipeline.php(137): Illuminate\\Pipeline\\Pipeline->Illuminate\\Pipeline\\{closure}(Object(Illuminate\\Http\\Request))
#18 /Users/segunawotunde/Projects/cipher-learn-app/vendor/laravel/framework/src/Illuminate/Routing/Router.php(821): Illuminate\\Pipeline\\Pipeline->then(Object(Closure))
#19 /Users/segunawotunde/Projects/cipher-learn-app/vendor/laravel/framework/src/Illuminate/Routing/Router.php(800): Illuminate\\Routing\\Router->runRouteWithinStack(Object(Illuminate\\Routing\\Route), Object(Illuminate\\Http\\Request))
#20 /Users/segunawotunde/Projects/cipher-learn-app/vendor/laravel/framework/src/Illuminate/Routing/Router.php(764): Illuminate\\Routing\\Router->runRoute(Object(Illuminate\\Http\\Request), Object(Illuminate\\Routing\\Route))
#21 /Users/segunawotunde/Projects/cipher-learn-app/vendor/laravel/framework/src/Illuminate/Routing/Router.php(753): Illuminate\\Routing\\Router->dispatchToRoute(Object(Illuminate\\Http\\Request))
#22 /Users/segunawotunde/Projects/cipher-learn-app/vendor/laravel/framework/src/Illuminate/Foundation/Http/Kernel.php(200): Illuminate\\Routing\\Router->dispatch(Object(Illuminate\\Http\\Request))
#23 /Users/segunawotunde/Projects/cipher-learn-app/vendor/laravel/framework/src/Illuminate/Pipeline/Pipeline.php(180): Illuminate\\Foundation\\Http\\Kernel->Illuminate\\Foundation\\Http\\{closure}(Object(Illuminate\\Http\\Request))
#24 /Users/segunawotunde/Projects/cipher-learn-app/vendor/livewire/livewire/src/Features/SupportDisablingBackButtonCache/DisableBackButtonCacheMiddleware.php(19): Illuminate\\Pipeline\\Pipeline->Illuminate\\Pipeline\\{closure}(Object(Illuminate\\Http\\Request))
#25 /Users/segunawotunde/Projects/cipher-learn-app/vendor/laravel/framework/src/Illuminate/Pipeline/Pipeline.php(219): Livewire\\Features\\SupportDisablingBackButtonCache\\DisableBackButtonCacheMiddleware->handle(Object(Illuminate\\Http\\Request), Object(Closure))
#26 /Users/segunawotunde/Projects/cipher-learn-app/app/Http/Middleware/AssignRequestId.php(30): Illuminate\\Pipeline\\Pipeline->Illuminate\\Pipeline\\{closure}(Object(Illuminate\\Http\\Request))
#27 /Users/segunawotunde/Projects/cipher-learn-app/vendor/laravel/framework/src/Illuminate/Pipeline/Pipeline.php(219): App\\Http\\Middleware\\AssignRequestId->handle(Object(Illuminate\\Http\\Request), Object(Closure))
#28 /Users/segunawotunde/Projects/cipher-learn-app/vendor/laravel/framework/src/Illuminate/Foundation/Http/Middleware/TransformsRequest.php(21): Illuminate\\Pipeline\\Pipeline->Illuminate\\Pipeline\\{closure}(Object(Illuminate\\Http\\Request))
#29 /Users/segunawotunde/Projects/cipher-learn-app/vendor/laravel/framework/src/Illuminate/Foundation/Http/Middleware/ConvertEmptyStringsToNull.php(31): Illuminate\\Foundation\\Http\\Middleware\\TransformsRequest->handle(Object(Illuminate\\Http\\Request), Object(Closure))
#30 /Users/segunawotunde/Projects/cipher-learn-app/vendor/laravel/framework/src/Illuminate/Pipeline/Pipeline.php(219): Illuminate\\Foundation\\Http\\Middleware\\ConvertEmptyStringsToNull->handle(Object(Illuminate\\Http\\Request), Object(Closure))
#31 /Users/segunawotunde/Projects/cipher-learn-app/vendor/laravel/framework/src/Illuminate/Foundation/Http/Middleware/TransformsRequest.php(21): Illuminate\\Pipeline\\Pipeline->Illuminate\\Pipeline\\{closure}(Object(Illuminate\\Http\\Request))
#32 /Users/segunawotunde/Projects/cipher-learn-app/vendor/laravel/framework/src/Illuminate/Foundation/Http/Middleware/TrimStrings.php(51): Illuminate\\Foundation\\Http\\Middleware\\TransformsRequest->handle(Object(Illuminate\\Http\\Request), Object(Closure))
#33 /Users/segunawotunde/Projects/cipher-learn-app/vendor/laravel/framework/src/Illuminate/Pipeline/Pipeline.php(219): Illuminate\\Foundation\\Http\\Middleware\\TrimStrings->handle(Object(Illuminate\\Http\\Request), Object(Closure))
#34 /Users/segunawotunde/Projects/cipher-learn-app/vendor/laravel/framework/src/Illuminate/Http/Middleware/ValidatePostSize.php(27): Illuminate\\Pipeline\\Pipeline->Illuminate\\Pipeline\\{closure}(Object(Illuminate\\Http\\Request))
#35 /Users/segunawotunde/Projects/cipher-learn-app/vendor/laravel/framework/src/Illuminate/Pipeline/Pipeline.php(219): Illuminate\\Http\\Middleware\\ValidatePostSize->handle(Object(Illuminate\\Http\\Request), Object(Closure))
#36 /Users/segunawotunde/Projects/cipher-learn-app/vendor/laravel/framework/src/Illuminate/Foundation/Http/Middleware/PreventRequestsDuringMaintenance.php(109): Illuminate\\Pipeline\\Pipeline->Illuminate\\Pipeline\\{closure}(Object(Illuminate\\Http\\Request))
#37 /Users/segunawotunde/Projects/cipher-learn-app/vendor/laravel/framework/src/Illuminate/Pipeline/Pipeline.php(219): Illuminate\\Foundation\\Http\\Middleware\\PreventRequestsDuringMaintenance->handle(Object(Illuminate\\Http\\Request), Object(Closure))
#38 /Users/segunawotunde/Projects/cipher-learn-app/vendor/laravel/framework/src/Illuminate/Http/Middleware/HandleCors.php(61): Illuminate\\Pipeline\\Pipeline->Illuminate\\Pipeline\\{closure}(Object(Illuminate\\Http\\Request))
#39 /Users/segunawotunde/Projects/cipher-learn-app/vendor/laravel/framework/src/Illuminate/Pipeline/Pipeline.php(219): Illuminate\\Http\\Middleware\\HandleCors->handle(Object(Illuminate\\Http\\Request), Object(Closure))
#40 /Users/segunawotunde/Projects/cipher-learn-app/vendor/laravel/framework/src/Illuminate/Http/Middleware/TrustProxies.php(58): Illuminate\\Pipeline\\Pipeline->Illuminate\\Pipeline\\{closure}(Object(Illuminate\\Http\\Request))
#41 /Users/segunawotunde/Projects/cipher-learn-app/vendor/laravel/framework/src/Illuminate/Pipeline/Pipeline.php(219): Illuminate\\Http\\Middleware\\TrustProxies->handle(Object(Illuminate\\Http\\Request), Object(Closure))
#42 /Users/segunawotunde/Projects/cipher-learn-app/vendor/laravel/framework/src/Illuminate/Foundation/Http/Middleware/InvokeDeferredCallbacks.php(22): Illuminate\\Pipeline\\Pipeline->Illuminate\\Pipeline\\{closure}(Object(Illuminate\\Http\\Request))
#43 /Users/segunawotunde/Projects/cipher-learn-app/vendor/laravel/framework/src/Illuminate/Pipeline/Pipeline.php(219): Illuminate\\Foundation\\Http\\Middleware\\InvokeDeferredCallbacks->handle(Object(Illuminate\\Http\\Request), Object(Closure))
#44 /Users/segunawotunde/Projects/cipher-learn-app/vendor/laravel/framework/src/Illuminate/Http/Middleware/ValidatePathEncoding.php(26): Illuminate\\Pipeline\\Pipeline->Illuminate\\Pipeline\\{closure}(Object(Illuminate\\Http\\Request))
#45 /Users/segunawotunde/Projects/cipher-learn-app/vendor/laravel/framework/src/Illuminate/Pipeline/Pipeline.php(219): Illuminate\\Http\\Middleware\\ValidatePathEncoding->handle(Object(Illuminate\\Http\\Request), Object(Closure))
#46 /Users/segunawotunde/Projects/cipher-learn-app/vendor/laravel/framework/src/Illuminate/Pipeline/Pipeline.php(137): Illuminate\\Pipeline\\Pipeline->Illuminate\\Pipeline\\{closure}(Object(Illuminate\\Http\\Request))
#47 /Users/segunawotunde/Projects/cipher-learn-app/vendor/laravel/framework/src/Illuminate/Foundation/Http/Kernel.php(175): Illuminate\\Pipeline\\Pipeline->then(Object(Closure))
#48 /Users/segunawotunde/Projects/cipher-learn-app/vendor/laravel/framework/src/Illuminate/Foundation/Http/Kernel.php(144): Illuminate\\Foundation\\Http\\Kernel->sendRequestThroughRouter(Object(Illuminate\\Http\\Request))
#49 /Users/segunawotunde/Projects/cipher-learn-app/vendor/laravel/framework/src/Illuminate/Foundation/Testing/Concerns/MakesHttpRequests.php(607): Illuminate\\Foundation\\Http\\Kernel->handle(Object(Illuminate\\Http\\Request))
#50 /Users/segunawotunde/Projects/cipher-learn-app/vendor/laravel/framework/src/Illuminate/Foundation/Testing/Concerns/MakesHttpRequests.php(573): Illuminate\\Foundation\\Testing\\TestCase->call('GET', '/healthz', Array, Array, Array, Array, '[]')
#51 /Users/segunawotunde/Projects/cipher-learn-app/vendor/laravel/framework/src/Illuminate/Foundation/Testing/Concerns/MakesHttpRequests.php(381): Illuminate\\Foundation\\Testing\\TestCase->json('GET', '/healthz', Array, Array, 0)
#52 /Users/segunawotunde/Projects/cipher-learn-app/tests/Feature/HealthTest.php(6): Illuminate\\Foundation\\Testing\\TestCase->getJson('/healthz')
#53 /Users/segunawotunde/Projects/cipher-learn-app/vendor/pestphp/pest/src/Factories/TestCaseMethodFactory.php(171): P\\Tests\\Feature\\HealthTest->{closure}()
#54 [internal function]: P\\Tests\\Feature\\HealthTest->Pest\\Factories\\{closure}()
#55 /Users/segunawotunde/Projects/cipher-learn-app/vendor/pestphp/pest/src/Concerns/Testable.php(419): call_user_func_array(Object(Closure), Array)
#56 /Users/segunawotunde/Projects/cipher-learn-app/vendor/pestphp/pest/src/Support/ExceptionTrace.php(26): P\\Tests\\Feature\\HealthTest->Pest\\Concerns\\{closure}()
#57 /Users/segunawotunde/Projects/cipher-learn-app/vendor/pestphp/pest/src/Concerns/Testable.php(419): Pest\\Support\\ExceptionTrace::ensure(Object(Closure))
#58 /Users/segunawotunde/Projects/cipher-learn-app/vendor/pestphp/pest/src/Concerns/Testable.php(321): P\\Tests\\Feature\\HealthTest->__callClosure(Object(Closure), Array)
#59 /Users/segunawotunde/Projects/cipher-learn-app/vendor/pestphp/pest/src/Factories/TestCaseFactory.php(173) : eval()'d code(17): P\\Tests\\Feature\\HealthTest->__runTest(Object(Closure))
#60 /Users/segunawotunde/Projects/cipher-learn-app/vendor/phpunit/phpunit/src/Framework/TestCase.php(1667): P\\Tests\\Feature\\HealthTest->__pest_evaluable_it_reports_liveness_without_touching_dependencies()
#61 /Users/segunawotunde/Projects/cipher-learn-app/vendor/phpunit/phpunit/src/Framework/TestCase.php(519): PHPUnit\\Framework\\TestCase->runTest()
#62 /Users/segunawotunde/Projects/cipher-learn-app/vendor/phpunit/phpunit/src/Framework/TestRunner/TestRunner.php(87): PHPUnit\\Framework\\TestCase->runBare()
#63 /Users/segunawotunde/Projects/cipher-learn-app/vendor/phpunit/phpunit/src/Framework/TestCase.php(365): PHPUnit\\Framework\\TestRunner->run(Object(P\\Tests\\Feature\\HealthTest))
#64 /Users/segunawotunde/Projects/cipher-learn-app/vendor/phpunit/phpunit/src/Framework/TestSuite.php(369): PHPUnit\\Framework\\TestCase->run()
#65 /Users/segunawotunde/Projects/cipher-learn-app/vendor/phpunit/phpunit/src/Framework/TestSuite.php(369): PHPUnit\\Framework\\TestSuite->run()
#66 /Users/segunawotunde/Projects/cipher-learn-app/vendor/phpunit/phpunit/src/Framework/TestSuite.php(369): PHPUnit\\Framework\\TestSuite->run()
#67 /Users/segunawotunde/Projects/cipher-learn-app/vendor/phpunit/phpunit/src/TextUI/TestRunner.php(64): PHPUnit\\Framework\\TestSuite->run()
#68 /Users/segunawotunde/Projects/cipher-learn-app/vendor/phpunit/phpunit/src/TextUI/Application.php(211): PHPUnit\\TextUI\\TestRunner->run(Object(PHPUnit\\TextUI\\Configuration\\Configuration), Object(PHPUnit\\Runner\\ResultCache\\DefaultResultCache), Object(PHPUnit\\Framework\\TestSuite))
#69 /Users/segunawotunde/Projects/cipher-learn-app/vendor/pestphp/pest/src/Kernel.php(103): PHPUnit\\TextUI\\Application->run(Array)
#70 /Users/segunawotunde/Projects/cipher-learn-app/vendor/pestphp/pest/bin/pest(184): Pest\\Kernel->handle(Array, Array)
#71 /Users/segunawotunde/Projects/cipher-learn-app/vendor/pestphp/pest/bin/pest(192): {closure}()
#72 /Users/segunawotunde/Projects/cipher-learn-app/vendor/bin/pest(119): include('/Users/segunawo...')
#73 {main}
"} 
[2026-08-23 10:06:58] testing.ERROR: No application encryption key has been specified. {"request_id":"559291bc-8216-47ba-9ea5-030dfa1860fd","exception":"[object] (Illuminate\\Encryption\\MissingAppKeyException(code: 0): No application encryption key has been specified. at /Users/segunawotunde/Projects/cipher-learn-app/vendor/laravel/framework/src/Illuminate/Encryption/EncryptionServiceProvider.php:83)
[stacktrace]
#0 /Users/segunawotunde/Projects/cipher-learn-app/vendor/laravel/framework/src/Illuminate/Support/helpers.php(393): Illuminate\\Encryption\\EncryptionServiceProvider->Illuminate\\Encryption\\{closure}(NULL)
#1 /Users/segunawotunde/Projects/cipher-learn-app/vendor/laravel/framework/src/Illuminate/Encryption/EncryptionServiceProvider.php(81): tap(NULL, Object(Closure))
#2 /Users/segunawotunde/Projects/cipher-learn-app/vendor/laravel/framework/src/Illuminate/Encryption/EncryptionServiceProvider.php(64): Illuminate\\Encryption\\EncryptionServiceProvider->key(Array)
#3 /Users/segunawotunde/Projects/cipher-learn-app/vendor/laravel/framework/src/Illuminate/Encryption/EncryptionServiceProvider.php(32): Illuminate\\Encryption\\EncryptionServiceProvider->parseKey(Array)
#4 /Users/segunawotunde/Projects/cipher-learn-app/vendor/laravel/framework/src/Illuminate/Container/Container.php(1115): Illuminate\\Encryption\\EncryptionServiceProvider->Illuminate\\Encryption\\{closure}(Object(Illuminate\\Foundation\\Application), Array)
#5 /Users/segunawotunde/Projects/cipher-learn-app/vendor/laravel/framework/src/Illuminate/Container/Container.php(933): Illuminate\\Container\\Container->build(Object(Closure))
#6 /Users/segunawotunde/Projects/cipher-learn-app/vendor/laravel/framework/src/Illuminate/Foundation/Application.php(1078): Illuminate\\Container\\Container->resolve('encrypter', Array, true)
#7 /Users/segunawotunde/Projects/cipher-learn-app/vendor/laravel/framework/src/Illuminate/Container/Container.php(864): Illuminate\\Foundation\\Application->resolve('encrypter', Array)
#8 /Users/segunawotunde/Projects/cipher-learn-app/vendor/laravel/framework/src/Illuminate/Foundation/Application.php(1058): Illuminate\\Container\\Container->make('encrypter', Array)
#9 /Users/segunawotunde/Projects/cipher-learn-app/vendor/laravel/framework/src/Illuminate/Container/Container.php(1336): Illuminate\\Foundation\\Application->make('encrypter')
#10 /Users/segunawotunde/Projects/cipher-learn-app/vendor/laravel/framework/src/Illuminate/Container/Container.php(1237): Illuminate\\Container\\Container->resolveClass(Object(ReflectionParameter), 'Illuminate\\\\Cont...')
#11 /Users/segunawotunde/Projects/cipher-learn-app/vendor/laravel/framework/src/Illuminate/Container/Container.php(1162): Illuminate\\Container\\Container->resolveDependencies(Array)
#12 /Users/segunawotunde/Projects/cipher-learn-app/vendor/laravel/framework/src/Illuminate/Container/Container.php(933): Illuminate\\Container\\Container->build('Illuminate\\\\Cook...')
#13 /Users/segunawotunde/Projects/cipher-learn-app/vendor/laravel/framework/src/Illuminate/Foundation/Application.php(1078): Illuminate\\Container\\Container->resolve('Illuminate\\\\Cook...', Array, true)
#14 /Users/segunawotunde/Projects/cipher-learn-app/vendor/laravel/framework/src/Illuminate/Container/Container.php(864): Illuminate\\Foundation\\Application->resolve('Illuminate\\\\Cook...', Array)
#15 /Users/segunawotunde/Projects/cipher-learn-app/vendor/laravel/framework/src/Illuminate/Foundation/Application.php(1058): Illuminate\\Container\\Container->make('Illuminate\\\\Cook...', Array)
#16 /Users/segunawotunde/Projects/cipher-learn-app/vendor/laravel/framework/src/Illuminate/Pipeline/Pipeline.php(208): Illuminate\\Foundation\\Application->make('Illuminate\\\\Cook...')
#17 /Users/segunawotunde/Projects/cipher-learn-app/vendor/laravel/framework/src/Illuminate/Pipeline/Pipeline.php(137): Illuminate\\Pipeline\\Pipeline->Illuminate\\Pipeline\\{closure}(Object(Illuminate\\Http\\Request))
#18 /Users/segunawotunde/Projects/cipher-learn-app/vendor/laravel/framework/src/Illuminate/Routing/Router.php(821): Illuminate\\Pipeline\\Pipeline->then(Object(Closure))
#19 /Users/segunawotunde/Projects/cipher-learn-app/vendor/laravel/framework/src/Illuminate/Routing/Router.php(800): Illuminate\\Routing\\Router->runRouteWithinStack(Object(Illuminate\\Routing\\Route), Object(Illuminate\\Http\\Request))
#20 /Users/segunawotunde/Projects/cipher-learn-app/vendor/laravel/framework/src/Illuminate/Routing/Router.php(764): Illuminate\\Routing\\Router->runRoute(Object(Illuminate\\Http\\Request), Object(Illuminate\\Routing\\Route))
#21 /Users/segunawotunde/Projects/cipher-learn-app/vendor/laravel/framework/src/Illuminate/Routing/Router.php(753): Illuminate\\Routing\\Router->dispatchToRoute(Object(Illuminate\\Http\\Request))
#22 /Users/segunawotunde/Projects/cipher-learn-app/vendor/laravel/framework/src/Illuminate/Foundation/Http/Kernel.php(200): Illuminate\\Routing\\Router->dispatch(Object(Illuminate\\Http\\Request))
#23 /Users/segunawotunde/Projects/cipher-learn-app/vendor/laravel/framework/src/Illuminate/Pipeline/Pipeline.php(180): Illuminate\\Foundation\\Http\\Kernel->Illuminate\\Foundation\\Http\\{closure}(Object(Illuminate\\Http\\Request))
#24 /Users/segunawotunde/Projects/cipher-learn-app/vendor/livewire/livewire/src/Features/SupportDisablingBackButtonCache/DisableBackButtonCacheMiddleware.php(19): Illuminate\\Pipeline\\Pipeline->Illuminate\\Pipeline\\{closure}(Object(Illuminate\\Http\\Request))
#25 /Users/segunawotunde/Projects/cipher-learn-app/vendor/laravel/framework/src/Illuminate/Pipeline/Pipeline.php(219): Livewire\\Features\\SupportDisablingBackButtonCache\\DisableBackButtonCacheMiddleware->handle(Object(Illuminate\\Http\\Request), Object(Closure))
#26 /Users/segunawotunde/Projects/cipher-learn-app/app/Http/Middleware/AssignRequestId.php(30): Illuminate\\Pipeline\\Pipeline->Illuminate\\Pipeline\\{closure}(Object(Illuminate\\Http\\Request))
#27 /Users/segunawotunde/Projects/cipher-learn-app/vendor/laravel/framework/src/Illuminate/Pipeline/Pipeline.php(219): App\\Http\\Middleware\\AssignRequestId->handle(Object(Illuminate\\Http\\Request), Object(Closure))
#28 /Users/segunawotunde/Projects/cipher-learn-app/vendor/laravel/framework/src/Illuminate/Foundation/Http/Middleware/TransformsRequest.php(21): Illuminate\\Pipeline\\Pipeline->Illuminate\\Pipeline\\{closure}(Object(Illuminate\\Http\\Request))
#29 /Users/segunawotunde/Projects/cipher-learn-app/vendor/laravel/framework/src/Illuminate/Foundation/Http/Middleware/ConvertEmptyStringsToNull.php(31): Illuminate\\Foundation\\Http\\Middleware\\TransformsRequest->handle(Object(Illuminate\\Http\\Request), Object(Closure))
#30 /Users/segunawotunde/Projects/cipher-learn-app/vendor/laravel/framework/src/Illuminate/Pipeline/Pipeline.php(219): Illuminate\\Foundation\\Http\\Middleware\\ConvertEmptyStringsToNull->handle(Object(Illuminate\\Http\\Request), Object(Closure))
#31 /Users/segunawotunde/Projects/cipher-learn-app/vendor/laravel/framework/src/Illuminate/Foundation/Http/Middleware/TransformsRequest.php(21): Illuminate\\Pipeline\\Pipeline->Illuminate\\Pipeline\\{closure}(Object(Illuminate\\Http\\Request))
#32 /Users/segunawotunde/Projects/cipher-learn-app/vendor/laravel/framework/src/Illuminate/Foundation/Http/Middleware/TrimStrings.php(51): Illuminate\\Foundation\\Http\\Middleware\\TransformsRequest->handle(Object(Illuminate\\Http\\Request), Object(Closure))
#33 /Users/segunawotunde/Projects/cipher-learn-app/vendor/laravel/framework/src/Illuminate/Pipeline/Pipeline.php(219): Illuminate\\Foundation\\Http\\Middleware\\TrimStrings->handle(Object(Illuminate\\Http\\Request), Object(Closure))
#34 /Users/segunawotunde/Projects/cipher-learn-app/vendor/laravel/framework/src/Illuminate/Http/Middleware/ValidatePostSize.php(27): Illuminate\\Pipeline\\Pipeline->Illuminate\\Pipeline\\{closure}(Object(Illuminate\\Http\\Request))
#35 /Users/segunawotunde/Projects/cipher-learn-app/vendor/laravel/framework/src/Illuminate/Pipeline/Pipeline.php(219): Illuminate\\Http\\Middleware\\ValidatePostSize->handle(Object(Illuminate\\Http\\Request), Object(Closure))
#36 /Users/segunawotunde/Projects/cipher-learn-app/vendor/laravel/framework/src/Illuminate/Foundation/Http/Middleware/PreventRequestsDuringMaintenance.php(109): Illuminate\\Pipeline\\Pipeline->Illuminate\\Pipeline\\{closure}(Object(Illuminate\\Http\\Request))
#37 /Users/segunawotunde/Projects/cipher-learn-app/vendor/laravel/framework/src/Illuminate/Pipeline/Pipeline.php(219): Illuminate\\Foundation\\Http\\Middleware\\PreventRequestsDuringMaintenance->handle(Object(Illuminate\\Http\\Request), Object(Closure))
#38 /Users/segunawotunde/Projects/cipher-learn-app/vendor/laravel/framework/src/Illuminate/Http/Middleware/HandleCors.php(61): Illuminate\\Pipeline\\Pipeline->Illuminate\\Pipeline\\{closure}(Object(Illuminate\\Http\\Request))
#39 /Users/segunawotunde/Projects/cipher-learn-app/vendor/laravel/framework/src/Illuminate/Pipeline/Pipeline.php(219): Illuminate\\Http\\Middleware\\HandleCors->handle(Object(Illuminate\\Http\\Request), Object(Closure))
#40 /Users/segunawotunde/Projects/cipher-learn-app/vendor/laravel/framework/src/Illuminate/Http/Middleware/TrustProxies.php(58): Illuminate\\Pipeline\\Pipeline->Illuminate\\Pipeline\\{closure}(Object(Illuminate\\Http\\Request))
#41 /Users/segunawotunde/Projects/cipher-learn-app/vendor/laravel/framework/src/Illuminate/Pipeline/Pipeline.php(219): Illuminate\\Http\\Middleware\\TrustProxies->handle(Object(Illuminate\\Http\\Request), Object(Closure))
#42 /Users/segunawotunde/Projects/cipher-learn-app/vendor/laravel/framework/src/Illuminate/Foundation/Http/Middleware/InvokeDeferredCallbacks.php(22): Illuminate\\Pipeline\\Pipeline->Illuminate\\Pipeline\\{closure}(Object(Illuminate\\Http\\Request))
#43 /Users/segunawotunde/Projects/cipher-learn-app/vendor/laravel/framework/src/Illuminate/Pipeline/Pipeline.php(219): Illuminate\\Foundation\\Http\\Middleware\\InvokeDeferredCallbacks->handle(Object(Illuminate\\Http\\Request), Object(Closure))
#44 /Users/segunawotunde/Projects/cipher-learn-app/vendor/laravel/framework/src/Illuminate/Http/Middleware/ValidatePathEncoding.php(26): Illuminate\\Pipeline\\Pipeline->Illuminate\\Pipeline\\{closure}(Object(Illuminate\\Http\\Request))
#45 /Users/segunawotunde/Projects/cipher-learn-app/vendor/laravel/framework/src/Illuminate/Pipeline/Pipeline.php(219): Illuminate\\Http\\Middleware\\ValidatePathEncoding->handle(Object(Illuminate\\Http\\Request), Object(Closure))
#46 /Users/segunawotunde/Projects/cipher-learn-app/vendor/laravel/framework/src/Illuminate/Pipeline/Pipeline.php(137): Illuminate\\Pipeline\\Pipeline->Illuminate\\Pipeline\\{closure}(Object(Illuminate\\Http\\Request))
#47 /Users/segunawotunde/Projects/cipher-learn-app/vendor/laravel/framework/src/Illuminate/Foundation/Http/Kernel.php(175): Illuminate\\Pipeline\\Pipeline->then(Object(Closure))
#48 /Users/segunawotunde/Projects/cipher-learn-app/vendor/laravel/framework/src/Illuminate/Foundation/Http/Kernel.php(144): Illuminate\\Foundation\\Http\\Kernel->sendRequestThroughRouter(Object(Illuminate\\Http\\Request))
#49 /Users/segunawotunde/Projects/cipher-learn-app/vendor/laravel/framework/src/Illuminate/Foundation/Testing/Concerns/MakesHttpRequests.php(607): Illuminate\\Foundation\\Http\\Kernel->handle(Object(Illuminate\\Http\\Request))
#50 /Users/segunawotunde/Projects/cipher-learn-app/vendor/laravel/framework/src/Illuminate/Foundation/Testing/Concerns/MakesHttpRequests.php(573): Illuminate\\Foundation\\Testing\\TestCase->call('GET', '/readyz', Array, Array, Array, Array, '[]')
#51 /Users/segunawotunde/Projects/cipher-learn-app/vendor/laravel/framework/src/Illuminate/Foundation/Testing/Concerns/MakesHttpRequests.php(381): Illuminate\\Foundation\\Testing\\TestCase->json('GET', '/readyz', Array, Array, 0)
#52 /Users/segunawotunde/Projects/cipher-learn-app/tests/Feature/HealthTest.php(16): Illuminate\\Foundation\\Testing\\TestCase->getJson('/readyz')
#53 /Users/segunawotunde/Projects/cipher-learn-app/vendor/pestphp/pest/src/Factories/TestCaseMethodFactory.php(171): P\\Tests\\Feature\\HealthTest->{closure}()
#54 [internal function]: P\\Tests\\Feature\\HealthTest->Pest\\Factories\\{closure}()
#55 /Users/segunawotunde/Projects/cipher-learn-app/vendor/pestphp/pest/src/Concerns/Testable.php(419): call_user_func_array(Object(Closure), Array)
#56 /Users/segunawotunde/Projects/cipher-learn-app/vendor/pestphp/pest/src/Support/ExceptionTrace.php(26): P\\Tests\\Feature\\HealthTest->Pest\\Concerns\\{closure}()
#57 /Users/segunawotunde/Projects/cipher-learn-app/vendor/pestphp/pest/src/Concerns/Testable.php(419): Pest\\Support\\ExceptionTrace::ensure(Object(Closure))
#58 /Users/segunawotunde/Projects/cipher-learn-app/vendor/pestphp/pest/src/Concerns/Testable.php(321): P\\Tests\\Feature\\HealthTest->__callClosure(Object(Closure), Array)
#59 /Users/segunawotunde/Projects/cipher-learn-app/vendor/pestphp/pest/src/Factories/TestCaseFactory.php(173) : eval()'d code(26): P\\Tests\\Feature\\HealthTest->__runTest(Object(Closure))
#60 /Users/segunawotunde/Projects/cipher-learn-app/vendor/phpunit/phpunit/src/Framework/TestCase.php(1667): P\\Tests\\Feature\\HealthTest->__pest_evaluable_it_reports_readiness_with_a_per_dependency_breakdown()
#61 /Users/segunawotunde/Projects/cipher-learn-app/vendor/phpunit/phpunit/src/Framework/TestCase.php(519): PHPUnit\\Framework\\TestCase->runTest()
#62 /Users/segunawotunde/Projects/cipher-learn-app/vendor/phpunit/phpunit/src/Framework/TestRunner/TestRunner.php(87): PHPUnit\\Framework\\TestCase->runBare()
#63 /Users/segunawotunde/Projects/cipher-learn-app/vendor/phpunit/phpunit/src/Framework/TestCase.php(365): PHPUnit\\Framework\\TestRunner->run(Object(P\\Tests\\Feature\\HealthTest))
#64 /Users/segunawotunde/Projects/cipher-learn-app/vendor/phpunit/phpunit/src/Framework/TestSuite.php(369): PHPUnit\\Framework\\TestCase->run()
#65 /Users/segunawotunde/Projects/cipher-learn-app/vendor/phpunit/phpunit/src/Framework/TestSuite.php(369): PHPUnit\\Framework\\TestSuite->run()
#66 /Users/segunawotunde/Projects/cipher-learn-app/vendor/phpunit/phpunit/src/Framework/TestSuite.php(369): PHPUnit\\Framework\\TestSuite->run()
#67 /Users/segunawotunde/Projects/cipher-learn-app/vendor/phpunit/phpunit/src/TextUI/TestRunner.php(64): PHPUnit\\Framework\\TestSuite->run()
#68 /Users/segunawotunde/Projects/cipher-learn-app/vendor/phpunit/phpunit/src/TextUI/Application.php(211): PHPUnit\\TextUI\\TestRunner->run(Object(PHPUnit\\TextUI\\Configuration\\Configuration), Object(PHPUnit\\Runner\\ResultCache\\DefaultResultCache), Object(PHPUnit\\Framework\\TestSuite))
#69 /Users/segunawotunde/Projects/cipher-learn-app/vendor/pestphp/pest/src/Kernel.php(103): PHPUnit\\TextUI\\Application->run(Array)
#70 /Users/segunawotunde/Projects/cipher-learn-app/vendor/pestphp/pest/bin/pest(184): Pest\\Kernel->handle(Array, Array)
#71 /Users/segunawotunde/Projects/cipher-learn-app/vendor/pestphp/pest/bin/pest(192): {closure}()
#72 /Users/segunawotunde/Projects/cipher-learn-app/vendor/bin/pest(119): include('/Users/segunawo...')
#73 {main}
"} 
[2026-08-23 10:07:00] testing.ERROR: No application encryption key has been specified. {"request_id":"f1da925f-d336-4287-8f60-45551c6ea321","exception":"[object] (Illuminate\\Encryption\\MissingAppKeyException(code: 0): No application encryption key has been specified. at /Users/segunawotunde/Projects/cipher-learn-app/vendor/laravel/framework/src/Illuminate/Encryption/EncryptionServiceProvider.php:83)
[stacktrace]
#0 /Users/segunawotunde/Projects/cipher-learn-app/vendor/laravel/framework/src/Illuminate/Support/helpers.php(393): Illuminate\\Encryption\\EncryptionServiceProvider->Illuminate\\Encryption\\{closure}(NULL)
#1 /Users/segunawotunde/Projects/cipher-learn-app/vendor/laravel/framework/src/Illuminate/Encryption/EncryptionServiceProvider.php(81): tap(NULL, Object(Closure))
#2 /Users/segunawotunde/Projects/cipher-learn-app/vendor/laravel/framework/src/Illuminate/Encryption/EncryptionServiceProvider.php(64): Illuminate\\Encryption\\EncryptionServiceProvider->key(Array)
#3 /Users/segunawotunde/Projects/cipher-learn-app/vendor/laravel/framework/src/Illuminate/Encryption/EncryptionServiceProvider.php(32): Illuminate\\Encryption\\EncryptionServiceProvider->parseKey(Array)
#4 /Users/segunawotunde/Projects/cipher-learn-app/vendor/laravel/framework/src/Illuminate/Container/Container.php(1115): Illuminate\\Encryption\\EncryptionServiceProvider->Illuminate\\Encryption\\{closure}(Object(Illuminate\\Foundation\\Application), Array)
#5 /Users/segunawotunde/Projects/cipher-learn-app/vendor/laravel/framework/src/Illuminate/Container/Container.php(933): Illuminate\\Container\\Container->build(Object(Closure))
#6 /Users/segunawotunde/Projects/cipher-learn-app/vendor/laravel/framework/src/Illuminate/Foundation/Application.php(1078): Illuminate\\Container\\Container->resolve('encrypter', Array, true)
#7 /Users/segunawotunde/Projects/cipher-learn-app/vendor/laravel/framework/src/Illuminate/Container/Container.php(864): Illuminate\\Foundation\\Application->resolve('encrypter', Array)
#8 /Users/segunawotunde/Projects/cipher-learn-app/vendor/laravel/framework/src/Illuminate/Foundation/Application.php(1058): Illuminate\\Container\\Container->make('encrypter', Array)
#9 /Users/segunawotunde/Projects/cipher-learn-app/vendor/laravel/framework/src/Illuminate/Container/Container.php(1336): Illuminate\\Foundation\\Application->make('encrypter')
#10 /Users/segunawotunde/Projects/cipher-learn-app/vendor/laravel/framework/src/Illuminate/Container/Container.php(1237): Illuminate\\Container\\Container->resolveClass(Object(ReflectionParameter), 'Illuminate\\\\Cont...')
#11 /Users/segunawotunde/Projects/cipher-learn-app/vendor/laravel/framework/src/Illuminate/Container/Container.php(1162): Illuminate\\Container\\Container->resolveDependencies(Array)
#12 /Users/segunawotunde/Projects/cipher-learn-app/vendor/laravel/framework/src/Illuminate/Container/Container.php(933): Illuminate\\Container\\Container->build('Illuminate\\\\Cook...')
#13 /Users/segunawotunde/Projects/cipher-learn-app/vendor/laravel/framework/src/Illuminate/Foundation/Application.php(1078): Illuminate\\Container\\Container->resolve('Illuminate\\\\Cook...', Array, true)
#14 /Users/segunawotunde/Projects/cipher-learn-app/vendor/laravel/framework/src/Illuminate/Container/Container.php(864): Illuminate\\Foundation\\Application->resolve('Illuminate\\\\Cook...', Array)
#15 /Users/segunawotunde/Projects/cipher-learn-app/vendor/laravel/framework/src/Illuminate/Foundation/Application.php(1058): Illuminate\\Container\\Container->make('Illuminate\\\\Cook...', Array)
#16 /Users/segunawotunde/Projects/cipher-learn-app/vendor/laravel/framework/src/Illuminate/Pipeline/Pipeline.php(208): Illuminate\\Foundation\\Application->make('Illuminate\\\\Cook...')
#17 /Users/segunawotunde/Projects/cipher-learn-app/vendor/laravel/framework/src/Illuminate/Pipeline/Pipeline.php(137): Illuminate\\Pipeline\\Pipeline->Illuminate\\Pipeline\\{closure}(Object(Illuminate\\Http\\Request))
#18 /Users/segunawotunde/Projects/cipher-learn-app/vendor/laravel/framework/src/Illuminate/Routing/Router.php(821): Illuminate\\Pipeline\\Pipeline->then(Object(Closure))
#19 /Users/segunawotunde/Projects/cipher-learn-app/vendor/laravel/framework/src/Illuminate/Routing/Router.php(800): Illuminate\\Routing\\Router->runRouteWithinStack(Object(Illuminate\\Routing\\Route), Object(Illuminate\\Http\\Request))
#20 /Users/segunawotunde/Projects/cipher-learn-app/vendor/laravel/framework/src/Illuminate/Routing/Router.php(764): Illuminate\\Routing\\Router->runRoute(Object(Illuminate\\Http\\Request), Object(Illuminate\\Routing\\Route))
#21 /Users/segunawotunde/Projects/cipher-learn-app/vendor/laravel/framework/src/Illuminate/Routing/Router.php(753): Illuminate\\Routing\\Router->dispatchToRoute(Object(Illuminate\\Http\\Request))
#22 /Users/segunawotunde/Projects/cipher-learn-app/vendor/laravel/framework/src/Illuminate/Foundation/Http/Kernel.php(200): Illuminate\\Routing\\Router->dispatch(Object(Illuminate\\Http\\Request))
#23 /Users/segunawotunde/Projects/cipher-learn-app/vendor/laravel/framework/src/Illuminate/Pipeline/Pipeline.php(180): Illuminate\\Foundation\\Http\\Kernel->Illuminate\\Foundation\\Http\\{closure}(Object(Illuminate\\Http\\Request))
#24 /Users/segunawotunde/Projects/cipher-learn-app/vendor/livewire/livewire/src/Features/SupportDisablingBackButtonCache/DisableBackButtonCacheMiddleware.php(19): Illuminate\\Pipeline\\Pipeline->Illuminate\\Pipeline\\{closure}(Object(Illuminate\\Http\\Request))
#25 /Users/segunawotunde/Projects/cipher-learn-app/vendor/laravel/framework/src/Illuminate/Pipeline/Pipeline.php(219): Livewire\\Features\\SupportDisablingBackButtonCache\\DisableBackButtonCacheMiddleware->handle(Object(Illuminate\\Http\\Request), Object(Closure))
#26 /Users/segunawotunde/Projects/cipher-learn-app/app/Http/Middleware/AssignRequestId.php(30): Illuminate\\Pipeline\\Pipeline->Illuminate\\Pipeline\\{closure}(Object(Illuminate\\Http\\Request))
#27 /Users/segunawotunde/Projects/cipher-learn-app/vendor/laravel/framework/src/Illuminate/Pipeline/Pipeline.php(219): App\\Http\\Middleware\\AssignRequestId->handle(Object(Illuminate\\Http\\Request), Object(Closure))
#28 /Users/segunawotunde/Projects/cipher-learn-app/vendor/laravel/framework/src/Illuminate/Foundation/Http/Middleware/TransformsRequest.php(21): Illuminate\\Pipeline\\Pipeline->Illuminate\\Pipeline\\{closure}(Object(Illuminate\\Http\\Request))
#29 /Users/segunawotunde/Projects/cipher-learn-app/vendor/laravel/framework/src/Illuminate/Foundation/Http/Middleware/ConvertEmptyStringsToNull.php(31): Illuminate\\Foundation\\Http\\Middleware\\TransformsRequest->handle(Object(Illuminate\\Http\\Request), Object(Closure))
#30 /Users/segunawotunde/Projects/cipher-learn-app/vendor/laravel/framework/src/Illuminate/Pipeline/Pipeline.php(219): Illuminate\\Foundation\\Http\\Middleware\\ConvertEmptyStringsToNull->handle(Object(Illuminate\\Http\\Request), Object(Closure))
#31 /Users/segunawotunde/Projects/cipher-learn-app/vendor/laravel/framework/src/Illuminate/Foundation/Http/Middleware/TransformsRequest.php(21): Illuminate\\Pipeline\\Pipeline->Illuminate\\Pipeline\\{closure}(Object(Illuminate\\Http\\Request))
#32 /Users/segunawotunde/Projects/cipher-learn-app/vendor/laravel/framework/src/Illuminate/Foundation/Http/Middleware/TrimStrings.php(51): Illuminate\\Foundation\\Http\\Middleware\\TransformsRequest->handle(Object(Illuminate\\Http\\Request), Object(Closure))
#33 /Users/segunawotunde/Projects/cipher-learn-app/vendor/laravel/framework/src/Illuminate/Pipeline/Pipeline.php(219): Illuminate\\Foundation\\Http\\Middleware\\TrimStrings->handle(Object(Illuminate\\Http\\Request), Object(Closure))
#34 /Users/segunawotunde/Projects/cipher-learn-app/vendor/laravel/framework/src/Illuminate/Http/Middleware/ValidatePostSize.php(27): Illuminate\\Pipeline\\Pipeline->Illuminate\\Pipeline\\{closure}(Object(Illuminate\\Http\\Request))
#35 /Users/segunawotunde/Projects/cipher-learn-app/vendor/laravel/framework/src/Illuminate/Pipeline/Pipeline.php(219): Illuminate\\Http\\Middleware\\ValidatePostSize->handle(Object(Illuminate\\Http\\Request), Object(Closure))
#36 /Users/segunawotunde/Projects/cipher-learn-app/vendor/laravel/framework/src/Illuminate/Foundation/Http/Middleware/PreventRequestsDuringMaintenance.php(109): Illuminate\\Pipeline\\Pipeline->Illuminate\\Pipeline\\{closure}(Object(Illuminate\\Http\\Request))
#37 /Users/segunawotunde/Projects/cipher-learn-app/vendor/laravel/framework/src/Illuminate/Pipeline/Pipeline.php(219): Illuminate\\Foundation\\Http\\Middleware\\PreventRequestsDuringMaintenance->handle(Object(Illuminate\\Http\\Request), Object(Closure))
#38 /Users/segunawotunde/Projects/cipher-learn-app/vendor/laravel/framework/src/Illuminate/Http/Middleware/HandleCors.php(61): Illuminate\\Pipeline\\Pipeline->Illuminate\\Pipeline\\{closure}(Object(Illuminate\\Http\\Request))
#39 /Users/segunawotunde/Projects/cipher-learn-app/vendor/laravel/framework/src/Illuminate/Pipeline/Pipeline.php(219): Illuminate\\Http\\Middleware\\HandleCors->handle(Object(Illuminate\\Http\\Request), Object(Closure))
#40 /Users/segunawotunde/Projects/cipher-learn-app/vendor/laravel/framework/src/Illuminate/Http/Middleware/TrustProxies.php(58): Illuminate\\Pipeline\\Pipeline->Illuminate\\Pipeline\\{closure}(Object(Illuminate\\Http\\Request))
#41 /Users/segunawotunde/Projects/cipher-learn-app/vendor/laravel/framework/src/Illuminate/Pipeline/Pipeline.php(219): Illuminate\\Http\\Middleware\\TrustProxies->handle(Object(Illuminate\\Http\\Request), Object(Closure))
#42 /Users/segunawotunde/Projects/cipher-learn-app/vendor/laravel/framework/src/Illuminate/Foundation/Http/Middleware/InvokeDeferredCallbacks.php(22): Illuminate\\Pipeline\\Pipeline->Illuminate\\Pipeline\\{closure}(Object(Illuminate\\Http\\Request))
#43 /Users/segunawotunde/Projects/cipher-learn-app/vendor/laravel/framework/src/Illuminate/Pipeline/Pipeline.php(219): Illuminate\\Foundation\\Http\\Middleware\\InvokeDeferredCallbacks->handle(Object(Illuminate\\Http\\Request), Object(Closure))
#44 /Users/segunawotunde/Projects/cipher-learn-app/vendor/laravel/framework/src/Illuminate/Http/Middleware/ValidatePathEncoding.php(26): Illuminate\\Pipeline\\Pipeline->Illuminate\\Pipeline\\{closure}(Object(Illuminate\\Http\\Request))
#45 /Users/segunawotunde/Projects/cipher-learn-app/vendor/laravel/framework/src/Illuminate/Pipeline/Pipeline.php(219): Illuminate\\Http\\Middleware\\ValidatePathEncoding->handle(Object(Illuminate\\Http\\Request), Object(Closure))
#46 /Users/segunawotunde/Projects/cipher-learn-app/vendor/laravel/framework/src/Illuminate/Pipeline/Pipeline.php(137): Illuminate\\Pipeline\\Pipeline->Illuminate\\Pipeline\\{closure}(Object(Illuminate\\Http\\Request))
#47 /Users/segunawotunde/Projects/cipher-learn-app/vendor/laravel/framework/src/Illuminate/Foundation/Http/Kernel.php(175): Illuminate\\Pipeline\\Pipeline->then(Object(Closure))
#48 /Users/segunawotunde/Projects/cipher-learn-app/vendor/laravel/framework/src/Illuminate/Foundation/Http/Kernel.php(144): Illuminate\\Foundation\\Http\\Kernel->sendRequestThroughRouter(Object(Illuminate\\Http\\Request))
#49 /Users/segunawotunde/Projects/cipher-learn-app/vendor/laravel/framework/src/Illuminate/Foundation/Testing/Concerns/MakesHttpRequests.php(607): Illuminate\\Foundation\\Http\\Kernel->handle(Object(Illuminate\\Http\\Request))
#50 /Users/segunawotunde/Projects/cipher-learn-app/vendor/laravel/framework/src/Illuminate/Foundation/Testing/Concerns/MakesHttpRequests.php(368): Illuminate\\Foundation\\Testing\\TestCase->call('GET', '/portal/catalog...', Array, Array, Array, Array)
#51 /Users/segunawotunde/Projects/cipher-learn-app/tests/Feature/Portal/CatalogueTest.php(31): Illuminate\\Foundation\\Testing\\TestCase->get('/portal/catalog...')
#52 /Users/segunawotunde/Projects/cipher-learn-app/vendor/pestphp/pest/src/Factories/TestCaseMethodFactory.php(171): P\\Tests\\Feature\\Portal\\CatalogueTest->{closure}()
#53 [internal function]: P\\Tests\\Feature\\Portal\\CatalogueTest->Pest\\Factories\\{closure}()
#54 /Users/segunawotunde/Projects/cipher-learn-app/vendor/pestphp/pest/src/Concerns/Testable.php(419): call_user_func_array(Object(Closure), Array)
#55 /Users/segunawotunde/Projects/cipher-learn-app/vendor/pestphp/pest/src/Support/ExceptionTrace.php(26): P\\Tests\\Feature\\Portal\\CatalogueTest->Pest\\Concerns\\{closure}()
#56 /Users/segunawotunde/Projects/cipher-learn-app/vendor/pestphp/pest/src/Concerns/Testable.php(419): Pest\\Support\\ExceptionTrace::ensure(Object(Closure))
#57 /Users/segunawotunde/Projects/cipher-learn-app/vendor/pestphp/pest/src/Concerns/Testable.php(321): P\\Tests\\Feature\\Portal\\CatalogueTest->__callClosure(Object(Closure), Array)
#58 /Users/segunawotunde/Projects/cipher-learn-app/vendor/pestphp/pest/src/Factories/TestCaseFactory.php(173) : eval()'d code(17): P\\Tests\\Feature\\Portal\\CatalogueTest->__runTest(Object(Closure))
#59 /Users/segunawotunde/Projects/cipher-learn-app/vendor/phpunit/phpunit/src/Framework/TestCase.php(1667): P\\Tests\\Feature\\Portal\\CatalogueTest->__pest_evaluable_it_requires_authentication()
#60 /Users/segunawotunde/Projects/cipher-learn-app/vendor/phpunit/phpunit/src/Framework/TestCase.php(519): PHPUnit\\Framework\\TestCase->runTest()
#61 /Users/segunawotunde/Projects/cipher-learn-app/vendor/phpunit/phpunit/src/Framework/TestRunner/TestRunner.php(87): PHPUnit\\Framework\\TestCase->runBare()
#62 /Users/segunawotunde/Projects/cipher-learn-app/vendor/phpunit/phpunit/src/Framework/TestCase.php(365): PHPUnit\\Framework\\TestRunner->run(Object(P\\Tests\\Feature\\Portal\\CatalogueTest))
#63 /Users/segunawotunde/Projects/cipher-learn-app/vendor/phpunit/phpunit/src/Framework/TestSuite.php(369): PHPUnit\\Framework\\TestCase->run()
#64 /Users/segunawotunde/Projects/cipher-learn-app/vendor/phpunit/phpunit/src/Framework/TestSuite.php(369): PHPUnit\\Framework\\TestSuite->run()
#65 /Users/segunawotunde/Projects/cipher-learn-app/vendor/phpunit/phpunit/src/Framework/TestSuite.php(369): PHPUnit\\Framework\\TestSuite->run()
#66 /Users/segunawotunde/Projects/cipher-learn-app/vendor/phpunit/phpunit/src/TextUI/TestRunner.php(64): PHPUnit\\Framework\\TestSuite->run()
#67 /Users/segunawotunde/Projects/cipher-learn-app/vendor/phpunit/phpunit/src/TextUI/Application.php(211): PHPUnit\\TextUI\\TestRunner->run(Object(PHPUnit\\TextUI\\Configuration\\Configuration), Object(PHPUnit\\Runner\\ResultCache\\DefaultResultCache), Object(PHPUnit\\Framework\\TestSuite))
#68 /Users/segunawotunde/Projects/cipher-learn-app/vendor/pestphp/pest/src/Kernel.php(103): PHPUnit\\TextUI\\Application->run(Array)
#69 /Users/segunawotunde/Projects/cipher-learn-app/vendor/pestphp/pest/bin/pest(184): Pest\\Kernel->handle(Array, Array)
#70 /Users/segunawotunde/Projects/cipher-learn-app/vendor/pestphp/pest/bin/pest(192): {closure}()
#71 /Users/segunawotunde/Projects/cipher-learn-app/vendor/bin/pest(119): include('/Users/segunawo...')
#72 {main}
"} 
[2026-08-23 10:07:00] testing.ERROR: No application encryption key has been specified. {"request_id":"f58a6b7e-aa17-44a2-bd11-51e0fa2171ea","userId":"01m0q1cz52dhhhzk9dkpp1epf5","exception":"[object] (Illuminate\\Encryption\\MissingAppKeyException(code: 0): No application encryption key has been specified. at /Users/segunawotunde/Projects/cipher-learn-app/vendor/laravel/framework/src/Illuminate/Encryption/EncryptionServiceProvider.php:83)
[stacktrace]
#0 /Users/segunawotunde/Projects/cipher-learn-app/vendor/laravel/framework/src/Illuminate/Support/helpers.php(393): Illuminate\\Encryption\\EncryptionServiceProvider->Illuminate\\Encryption\\{closure}(NULL)
#1 /Users/segunawotunde/Projects/cipher-learn-app/vendor/laravel/framework/src/Illuminate/Encryption/EncryptionServiceProvider.php(81): tap(NULL, Object(Closure))
#2 /Users/segunawotunde/Projects/cipher-learn-app/vendor/laravel/framework/src/Illuminate/Encryption/EncryptionServiceProvider.php(64): Illuminate\\Encryption\\EncryptionServiceProvider->key(Array)
#3 /Users/segunawotunde/Projects/cipher-learn-app/vendor/laravel/framework/src/Illuminate/Encryption/EncryptionServiceProvider.php(32): Illuminate\\Encryption\\EncryptionServiceProvider->parseKey(Array)
#4 /Users/segunawotunde/Projects/cipher-learn-app/vendor/laravel/framework/src/Illuminate/Container/Container.php(1115): Illuminate\\Encryption\\EncryptionServiceProvider->Illuminate\\Encryption\\{closure}(Object(Illuminate\\Foundation\\Application), Array)
#5 /Users/segunawotunde/Projects/cipher-learn-app/vendor/laravel/framework/src/Illuminate/Container/Container.php(933): Illuminate\\Container\\Container->build(Object(Closure))
#6 /Users/segunawotunde/Projects/cipher-learn-app/vendor/laravel/framework/src/Illuminate/Foundation/Application.php(1078): Illuminate\\Container\\Container->resolve('encrypter', Array, true)
#7 /Users/segunawotunde/Projects/cipher-learn-app/vendor/laravel/framework/src/Illuminate/Container/Container.php(864): Illuminate\\Foundation\\Application->resolve('encrypter', Array)
#8 /Users/segunawotunde/Projects/cipher-learn-app/vendor/laravel/framework/src/Illuminate/Foundation/Application.php(1058): Illuminate\\Container\\Container->make('encrypter', Array)
#9 /Users/segunawotunde/Projects/cipher-learn-app/vendor/laravel/framework/src/Illuminate/Container/Container.php(1336): Illuminate\\Foundation\\Application->make('encrypter')
#10 /Users/segunawotunde/Projects/cipher-learn-app/vendor/laravel/framework/src/Illuminate/Container/Container.php(1237): Illuminate\\Container\\Container->resolveClass(Object(ReflectionParameter), 'Illuminate\\\\Cont...')
#11 /Users/segunawotunde/Projects/cipher-learn-app/vendor/laravel/framework/src/Illuminate/Container/Container.php(1162): Illuminate\\Container\\Container->resolveDependencies(Array)
#12 /Users/segunawotunde/Projects/cipher-learn-app/vendor/laravel/framework/src/Illuminate/Container/Container.php(933): Illuminate\\Container\\Container->build('Illuminate\\\\Cook...')
#13 /Users/segunawotunde/Projects/cipher-learn-app/vendor/laravel/framework/src/Illuminate/Foundation/Application.php(1078): Illuminate\\Container\\Container->resolve('Illuminate\\\\Cook...', Array, true)
#14 /Users/segunawotunde/Projects/cipher-learn-app/vendor/laravel/framework/src/Illuminate/Container/Container.php(864): Illuminate\\Foundation\\Application->resolve('Illuminate\\\\Cook...', Array)
#15 /Users/segunawotunde/Projects/cipher-learn-app/vendor/laravel/framework/src/Illuminate/Foundation/Application.php(1058): Illuminate\\Container\\Container->make('Illuminate\\\\Cook...', Array)
#16 /Users/segunawotunde/Projects/cipher-learn-app/vendor/laravel/framework/src/Illuminate/Pipeline/Pipeline.php(208): Illuminate\\Foundation\\Application->make('Illuminate\\\\Cook...')
#17 /Users/segunawotunde/Projects/cipher-learn-app/vendor/laravel/framework/src/Illuminate/Pipeline/Pipeline.php(137): Illuminate\\Pipeline\\Pipeline->Illuminate\\Pipeline\\{closure}(Object(Illuminate\\Http\\Request))
#18 /Users/segunawotunde/Projects/cipher-learn-app/vendor/laravel/framework/src/Illuminate/Routing/Router.php(821): Illuminate\\Pipeline\\Pipeline->then(Object(Closure))
#19 /Users/segunawotunde/Projects/cipher-learn-app/vendor/laravel/framework/src/Illuminate/Routing/Router.php(800): Illuminate\\Routing\\Router->runRouteWithinStack(Object(Illuminate\\Routing\\Route), Object(Illuminate\\Http\\Request))
#20 /Users/segunawotunde/Projects/cipher-learn-app/vendor/laravel/framework/src/Illuminate/Routing/Router.php(764): Illuminate\\Routing\\Router->runRoute(Object(Illuminate\\Http\\Request), Object(Illuminate\\Routing\\Route))
#21 /Users/segunawotunde/Projects/cipher-learn-app/vendor/laravel/framework/src/Illuminate/Routing/Router.php(753): Illuminate\\Routing\\Router->dispatchToRoute(Object(Illuminate\\Http\\Request))
#22 /Users/segunawotunde/Projects/cipher-learn-app/vendor/laravel/framework/src/Illuminate/Foundation/Http/Kernel.php(200): Illuminate\\Routing\\Router->dispatch(Object(Illuminate\\Http\\Request))
#23 /Users/segunawotunde/Projects/cipher-learn-app/vendor/laravel/framework/src/Illuminate/Pipeline/Pipeline.php(180): Illuminate\\Foundation\\Http\\Kernel->Illuminate\\Foundation\\Http\\{closure}(Object(Illuminate\\Http\\Request))
#24 /Users/segunawotunde/Projects/cipher-learn-app/vendor/livewire/livewire/src/Features/SupportDisablingBackButtonCache/DisableBackButtonCacheMiddleware.php(19): Illuminate\\Pipeline\\Pipeline->Illuminate\\Pipeline\\{closure}(Object(Illuminate\\Http\\Request))
#25 /Users/segunawotunde/Projects/cipher-learn-app/vendor/laravel/framework/src/Illuminate/Pipeline/Pipeline.php(219): Livewire\\Features\\SupportDisablingBackButtonCache\\DisableBackButtonCacheMiddleware->handle(Object(Illuminate\\Http\\Request), Object(Closure))
#26 /Users/segunawotunde/Projects/cipher-learn-app/app/Http/Middleware/AssignRequestId.php(30): Illuminate\\Pipeline\\Pipeline->Illuminate\\Pipeline\\{closure}(Object(Illuminate\\Http\\Request))
#27 /Users/segunawotunde/Projects/cipher-learn-app/vendor/laravel/framework/src/Illuminate/Pipeline/Pipeline.php(219): App\\Http\\Middleware\\AssignRequestId->handle(Object(Illuminate\\Http\\Request), Object(Closure))
#28 /Users/segunawotunde/Projects/cipher-learn-app/vendor/laravel/framework/src/Illuminate/Foundation/Http/Middleware/TransformsRequest.php(21): Illuminate\\Pipeline\\Pipeline->Illuminate\\Pipeline\\{closure}(Object(Illuminate\\Http\\Request))
#29 /Users/segunawotunde/Projects/cipher-learn-app/vendor/laravel/framework/src/Illuminate/Foundation/Http/Middleware/ConvertEmptyStringsToNull.php(31): Illuminate\\Foundation\\Http\\Middleware\\TransformsRequest->handle(Object(Illuminate\\Http\\Request), Object(Closure))
#30 /Users/segunawotunde/Projects/cipher-learn-app/vendor/laravel/framework/src/Illuminate/Pipeline/Pipeline.php(219): Illuminate\\Foundation\\Http\\Middleware\\ConvertEmptyStringsToNull->handle(Object(Illuminate\\Http\\Request), Object(Closure))
#31 /Users/segunawotunde/Projects/cipher-learn-app/vendor/laravel/framework/src/Illuminate/Foundation/Http/Middleware/TransformsRequest.php(21): Illuminate\\Pipeline\\Pipeline->Illuminate\\Pipeline\\{closure}(Object(Illuminate\\Http\\Request))
#32 /Users/segunawotunde/Projects/cipher-learn-app/vendor/laravel/framework/src/Illuminate/Foundation/Http/Middleware/TrimStrings.php(51): Illuminate\\Foundation\\Http\\Middleware\\TransformsRequest->handle(Object(Illuminate\\Http\\Request), Object(Closure))
#33 /Users/segunawotunde/Projects/cipher-learn-app/vendor/laravel/framework/src/Illuminate/Pipeline/Pipeline.php(219): Illuminate\\Foundation\\Http\\Middleware\\TrimStrings->handle(Object(Illuminate\\Http\\Request), Object(Closure))
#34 /Users/segunawotunde/Projects/cipher-learn-app/vendor/laravel/framework/src/Illuminate/Http/Middleware/ValidatePostSize.php(27): Illuminate\\Pipeline\\Pipeline->Illuminate\\Pipeline\\{closure}(Object(Illuminate\\Http\\Request))
#35 /Users/segunawotunde/Projects/cipher-learn-app/vendor/laravel/framework/src/Illuminate/Pipeline/Pipeline.php(219): Illuminate\\Http\\Middleware\\ValidatePostSize->handle(Object(Illuminate\\Http\\Request), Object(Closure))
#36 /Users/segunawotunde/Projects/cipher-learn-app/vendor/laravel/framework/src/Illuminate/Foundation/Http/Middleware/PreventRequestsDuringMaintenance.php(109): Illuminate\\Pipeline\\Pipeline->Illuminate\\Pipeline\\{closure}(Object(Illuminate\\Http\\Request))
#37 /Users/segunawotunde/Projects/cipher-learn-app/vendor/laravel/framework/src/Illuminate/Pipeline/Pipeline.php(219): Illuminate\\Foundation\\Http\\Middleware\\PreventRequestsDuringMaintenance->handle(Object(Illuminate\\Http\\Request), Object(Closure))
#38 /Users/segunawotunde/Projects/cipher-learn-app/vendor/laravel/framework/src/Illuminate/Http/Middleware/HandleCors.php(61): Illuminate\\Pipeline\\Pipeline->Illuminate\\Pipeline\\{closure}(Object(Illuminate\\Http\\Request))
#39 /Users/segunawotunde/Projects/cipher-learn-app/vendor/laravel/framework/src/Illuminate/Pipeline/Pipeline.php(219): Illuminate\\Http\\Middleware\\HandleCors->handle(Object(Illuminate\\Http\\Request), Object(Closure))
#40 /Users/segunawotunde/Projects/cipher-learn-app/vendor/laravel/framework/src/Illuminate/Http/Middleware/TrustProxies.php(58): Illuminate\\Pipeline\\Pipeline->Illuminate\\Pipeline\\{closure}(Object(Illuminate\\Http\\Request))
#41 /Users/segunawotunde/Projects/cipher-learn-app/vendor/laravel/framework/src/Illuminate/Pipeline/Pipeline.php(219): Illuminate\\Http\\Middleware\\TrustProxies->handle(Object(Illuminate\\Http\\Request), Object(Closure))
#42 /Users/segunawotunde/Projects/cipher-learn-app/vendor/laravel/framework/src/Illuminate/Foundation/Http/Middleware/InvokeDeferredCallbacks.php(22): Illuminate\\Pipeline\\Pipeline->Illuminate\\Pipeline\\{closure}(Object(Illuminate\\Http\\Request))
#43 /Users/segunawotunde/Projects/cipher-learn-app/vendor/laravel/framework/src/Illuminate/Pipeline/Pipeline.php(219): Illuminate\\Foundation\\Http\\Middleware\\InvokeDeferredCallbacks->handle(Object(Illuminate\\Http\\Request), Object(Closure))
#44 /Users/segunawotunde/Projects/cipher-learn-app/vendor/laravel/framework/src/Illuminate/Http/Middleware/ValidatePathEncoding.php(26): Illuminate\\Pipeline\\Pipeline->Illuminate\\Pipeline\\{closure}(Object(Illuminate\\Http\\Request))
#45 /Users/segunawotunde/Projects/cipher-learn-app/vendor/laravel/framework/src/Illuminate/Pipeline/Pipeline.php(219): Illuminate\\Http\\Middleware\\ValidatePathEncoding->handle(Object(Illuminate\\Http\\Request), Object(Closure))
#46 /Users/segunawotunde/Projects/cipher-learn-app/vendor/laravel/framework/src/Illuminate/Pipeline/Pipeline.php(137): Illuminate\\Pipeline\\Pipeline->Illuminate\\Pipeline\\{closure}(Object(Illuminate\\Http\\Request))
#47 /Users/segunawotunde/Projects/cipher-learn-app/vendor/laravel/framework/src/Illuminate/Foundation/Http/Kernel.php(175): Illuminate\\Pipeline\\Pipeline->then(Object(Closure))
#48 /Users/segunawotunde/Projects/cipher-learn-app/vendor/laravel/framework/src/Illuminate/Foundation/Http/Kernel.php(144): Illuminate\\Foundation\\Http\\Kernel->sendRequestThroughRouter(Object(Illuminate\\Http\\Request))
#49 /Users/segunawotunde/Projects/cipher-learn-app/vendor/laravel/framework/src/Illuminate/Foundation/Testing/Concerns/MakesHttpRequests.php(607): Illuminate\\Foundation\\Http\\Kernel->handle(Object(Illuminate\\Http\\Request))
#50 /Users/segunawotunde/Projects/cipher-learn-app/vendor/laravel/framework/src/Illuminate/Foundation/Testing/Concerns/MakesHttpRequests.php(368): Illuminate\\Foundation\\Testing\\TestCase->call('GET', 'http://localhos...', Array, Array, Array, Array)
#51 /Users/segunawotunde/Projects/cipher-learn-app/tests/Feature/Portal/CertificateFlowTest.php(108): Illuminate\\Foundation\\Testing\\TestCase->get('http://localhos...')
#52 /Users/segunawotunde/Projects/cipher-learn-app/vendor/pestphp/pest/src/Factories/TestCaseMethodFactory.php(171): P\\Tests\\Feature\\Portal\\CertificateFlowTest->{closure}()
#53 [internal function]: P\\Tests\\Feature\\Portal\\CertificateFlowTest->Pest\\Factories\\{closure}()
#54 /Users/segunawotunde/Projects/cipher-learn-app/vendor/pestphp/pest/src/Concerns/Testable.php(419): call_user_func_array(Object(Closure), Array)
#55 /Users/segunawotunde/Projects/cipher-learn-app/vendor/pestphp/pest/src/Support/ExceptionTrace.php(26): P\\Tests\\Feature\\Portal\\CertificateFlowTest->Pest\\Concerns\\{closure}()
#56 /Users/segunawotunde/Projects/cipher-learn-app/vendor/pestphp/pest/src/Concerns/Testable.php(419): Pest\\Support\\ExceptionTrace::ensure(Object(Closure))
#57 /Users/segunawotunde/Projects/cipher-learn-app/vendor/pestphp/pest/src/Concerns/Testable.php(321): P\\Tests\\Feature\\Portal\\CertificateFlowTest->__callClosure(Object(Closure), Array)
#58 /Users/segunawotunde/Projects/cipher-learn-app/vendor/pestphp/pest/src/Factories/TestCaseFactory.php(173) : eval()'d code(53): P\\Tests\\Feature\\Portal\\CertificateFlowTest->__runTest(Object(Closure))
#59 /Users/segunawotunde/Projects/cipher-learn-app/vendor/phpunit/phpunit/src/Framework/TestCase.php(1667): P\\Tests\\Feature\\Portal\\CertificateFlowTest->__pest_evaluable_it_shows_the_learner_their_own_printable_certificate()
#60 /Users/segunawotunde/Projects/cipher-learn-app/vendor/phpunit/phpunit/src/Framework/TestCase.php(519): PHPUnit\\Framework\\TestCase->runTest()
#61 /Users/segunawotunde/Projects/cipher-learn-app/vendor/phpunit/phpunit/src/Framework/TestRunner/TestRunner.php(87): PHPUnit\\Framework\\TestCase->runBare()
#62 /Users/segunawotunde/Projects/cipher-learn-app/vendor/phpunit/phpunit/src/Framework/TestCase.php(365): PHPUnit\\Framework\\TestRunner->run(Object(P\\Tests\\Feature\\Portal\\CertificateFlowTest))
#63 /Users/segunawotunde/Projects/cipher-learn-app/vendor/phpunit/phpunit/src/Framework/TestSuite.php(369): PHPUnit\\Framework\\TestCase->run()
#64 /Users/segunawotunde/Projects/cipher-learn-app/vendor/phpunit/phpunit/src/Framework/TestSuite.php(369): PHPUnit\\Framework\\TestSuite->run()
#65 /Users/segunawotunde/Projects/cipher-learn-app/vendor/phpunit/phpunit/src/Framework/TestSuite.php(369): PHPUnit\\Framework\\TestSuite->run()
#66 /Users/segunawotunde/Projects/cipher-learn-app/vendor/phpunit/phpunit/src/TextUI/TestRunner.php(64): PHPUnit\\Framework\\TestSuite->run()
#67 /Users/segunawotunde/Projects/cipher-learn-app/vendor/phpunit/phpunit/src/TextUI/Application.php(211): PHPUnit\\TextUI\\TestRunner->run(Object(PHPUnit\\TextUI\\Configuration\\Configuration), Object(PHPUnit\\Runner\\ResultCache\\DefaultResultCache), Object(PHPUnit\\Framework\\TestSuite))
#68 /Users/segunawotunde/Projects/cipher-learn-app/vendor/pestphp/pest/src/Kernel.php(103): PHPUnit\\TextUI\\Application->run(Array)
#69 /Users/segunawotunde/Projects/cipher-learn-app/vendor/pestphp/pest/bin/pest(184): Pest\\Kernel->handle(Array, Array)
#70 /Users/segunawotunde/Projects/cipher-learn-app/vendor/pestphp/pest/bin/pest(192): {closure}()
#71 /Users/segunawotunde/Projects/cipher-learn-app/vendor/bin/pest(119): include('/Users/segunawo...')
#72 {main}
"} 
[2026-08-23 10:07:00] testing.ERROR: No application encryption key has been specified. {"request_id":"d6f33125-26e8-4f18-b037-672736837aa5","userId":"01m0q1cz5wjcjbaaxn1rtcahkm","exception":"[object] (Illuminate\\Encryption\\MissingAppKeyException(code: 0): No application encryption key has been specified. at /Users/segunawotunde/Projects/cipher-learn-app/vendor/laravel/framework/src/Illuminate/Encryption/EncryptionServiceProvider.php:83)
[stacktrace]
#0 /Users/segunawotunde/Projects/cipher-learn-app/vendor/laravel/framework/src/Illuminate/Support/helpers.php(393): Illuminate\\Encryption\\EncryptionServiceProvider->Illuminate\\Encryption\\{closure}(NULL)
#1 /Users/segunawotunde/Projects/cipher-learn-app/vendor/laravel/framework/src/Illuminate/Encryption/EncryptionServiceProvider.php(81): tap(NULL, Object(Closure))
#2 /Users/segunawotunde/Projects/cipher-learn-app/vendor/laravel/framework/src/Illuminate/Encryption/EncryptionServiceProvider.php(64): Illuminate\\Encryption\\EncryptionServiceProvider->key(Array)
#3 /Users/segunawotunde/Projects/cipher-learn-app/vendor/laravel/framework/src/Illuminate/Encryption/EncryptionServiceProvider.php(32): Illuminate\\Encryption\\EncryptionServiceProvider->parseKey(Array)
#4 /Users/segunawotunde/Projects/cipher-learn-app/vendor/laravel/framework/src/Illuminate/Container/Container.php(1115): Illuminate\\Encryption\\EncryptionServiceProvider->Illuminate\\Encryption\\{closure}(Object(Illuminate\\Foundation\\Application), Array)
#5 /Users/segunawotunde/Projects/cipher-learn-app/vendor/laravel/framework/src/Illuminate/Container/Container.php(933): Illuminate\\Container\\Container->build(Object(Closure))
#6 /Users/segunawotunde/Projects/cipher-learn-app/vendor/laravel/framework/src/Illuminate/Foundation/Application.php(1078): Illuminate\\Container\\Container->resolve('encrypter', Array, true)
#7 /Users/segunawotunde/Projects/cipher-learn-app/vendor/laravel/framework/src/Illuminate/Container/Container.php(864): Illuminate\\Foundation\\Application->resolve('encrypter', Array)
#8 /Users/segunawotunde/Projects/cipher-learn-app/vendor/laravel/framework/src/Illuminate/Foundation/Application.php(1058): Illuminate\\Container\\Container->make('encrypter', Array)
#9 /Users/segunawotunde/Projects/cipher-learn-app/vendor/laravel/framework/src/Illuminate/Container/Container.php(1336): Illuminate\\Foundation\\Application->make('encrypter')
#10 /Users/segunawotunde/Projects/cipher-learn-app/vendor/laravel/framework/src/Illuminate/Container/Container.php(1237): Illuminate\\Container\\Container->resolveClass(Object(ReflectionParameter), 'Illuminate\\\\Cont...')
#11 /Users/segunawotunde/Projects/cipher-learn-app/vendor/laravel/framework/src/Illuminate/Container/Container.php(1162): Illuminate\\Container\\Container->resolveDependencies(Array)
#12 /Users/segunawotunde/Projects/cipher-learn-app/vendor/laravel/framework/src/Illuminate/Container/Container.php(933): Illuminate\\Container\\Container->build('Illuminate\\\\Cook...')
#13 /Users/segunawotunde/Projects/cipher-learn-app/vendor/laravel/framework/src/Illuminate/Foundation/Application.php(1078): Illuminate\\Container\\Container->resolve('Illuminate\\\\Cook...', Array, true)
#14 /Users/segunawotunde/Projects/cipher-learn-app/vendor/laravel/framework/src/Illuminate/Container/Container.php(864): Illuminate\\Foundation\\Application->resolve('Illuminate\\\\Cook...', Array)
#15 /Users/segunawotunde/Projects/cipher-learn-app/vendor/laravel/framework/src/Illuminate/Foundation/Application.php(1058): Illuminate\\Container\\Container->make('Illuminate\\\\Cook...', Array)
#16 /Users/segunawotunde/Projects/cipher-learn-app/vendor/laravel/framework/src/Illuminate/Pipeline/Pipeline.php(208): Illuminate\\Foundation\\Application->make('Illuminate\\\\Cook...')
#17 /Users/segunawotunde/Projects/cipher-learn-app/vendor/laravel/framework/src/Illuminate/Pipeline/Pipeline.php(137): Illuminate\\Pipeline\\Pipeline->Illuminate\\Pipeline\\{closure}(Object(Illuminate\\Http\\Request))
#18 /Users/segunawotunde/Projects/cipher-learn-app/vendor/laravel/framework/src/Illuminate/Routing/Router.php(821): Illuminate\\Pipeline\\Pipeline->then(Object(Closure))
#19 /Users/segunawotunde/Projects/cipher-learn-app/vendor/laravel/framework/src/Illuminate/Routing/Router.php(800): Illuminate\\Routing\\Router->runRouteWithinStack(Object(Illuminate\\Routing\\Route), Object(Illuminate\\Http\\Request))
#20 /Users/segunawotunde/Projects/cipher-learn-app/vendor/laravel/framework/src/Illuminate/Routing/Router.php(764): Illuminate\\Routing\\Router->runRoute(Object(Illuminate\\Http\\Request), Object(Illuminate\\Routing\\Route))
#21 /Users/segunawotunde/Projects/cipher-learn-app/vendor/laravel/framework/src/Illuminate/Routing/Router.php(753): Illuminate\\Routing\\Router->dispatchToRoute(Object(Illuminate\\Http\\Request))
#22 /Users/segunawotunde/Projects/cipher-learn-app/vendor/laravel/framework/src/Illuminate/Foundation/Http/Kernel.php(200): Illuminate\\Routing\\Router->dispatch(Object(Illuminate\\Http\\Request))
#23 /Users/segunawotunde/Projects/cipher-learn-app/vendor/laravel/framework/src/Illuminate/Pipeline/Pipeline.php(180): Illuminate\\Foundation\\Http\\Kernel->Illuminate\\Foundation\\Http\\{closure}(Object(Illuminate\\Http\\Request))
#24 /Users/segunawotunde/Projects/cipher-learn-app/vendor/livewire/livewire/src/Features/SupportDisablingBackButtonCache/DisableBackButtonCacheMiddleware.php(19): Illuminate\\Pipeline\\Pipeline->Illuminate\\Pipeline\\{closure}(Object(Illuminate\\Http\\Request))
#25 /Users/segunawotunde/Projects/cipher-learn-app/vendor/laravel/framework/src/Illuminate/Pipeline/Pipeline.php(219): Livewire\\Features\\SupportDisablingBackButtonCache\\DisableBackButtonCacheMiddleware->handle(Object(Illuminate\\Http\\Request), Object(Closure))
#26 /Users/segunawotunde/Projects/cipher-learn-app/app/Http/Middleware/AssignRequestId.php(30): Illuminate\\Pipeline\\Pipeline->Illuminate\\Pipeline\\{closure}(Object(Illuminate\\Http\\Request))
#27 /Users/segunawotunde/Projects/cipher-learn-app/vendor/laravel/framework/src/Illuminate/Pipeline/Pipeline.php(219): App\\Http\\Middleware\\AssignRequestId->handle(Object(Illuminate\\Http\\Request), Object(Closure))
#28 /Users/segunawotunde/Projects/cipher-learn-app/vendor/laravel/framework/src/Illuminate/Foundation/Http/Middleware/TransformsRequest.php(21): Illuminate\\Pipeline\\Pipeline->Illuminate\\Pipeline\\{closure}(Object(Illuminate\\Http\\Request))
#29 /Users/segunawotunde/Projects/cipher-learn-app/vendor/laravel/framework/src/Illuminate/Foundation/Http/Middleware/ConvertEmptyStringsToNull.php(31): Illuminate\\Foundation\\Http\\Middleware\\TransformsRequest->handle(Object(Illuminate\\Http\\Request), Object(Closure))
#30 /Users/segunawotunde/Projects/cipher-learn-app/vendor/laravel/framework/src/Illuminate/Pipeline/Pipeline.php(219): Illuminate\\Foundation\\Http\\Middleware\\ConvertEmptyStringsToNull->handle(Object(Illuminate\\Http\\Request), Object(Closure))
#31 /Users/segunawotunde/Projects/cipher-learn-app/vendor/laravel/framework/src/Illuminate/Foundation/Http/Middleware/TransformsRequest.php(21): Illuminate\\Pipeline\\Pipeline->Illuminate\\Pipeline\\{closure}(Object(Illuminate\\Http\\Request))
#32 /Users/segunawotunde/Projects/cipher-learn-app/vendor/laravel/framework/src/Illuminate/Foundation/Http/Middleware/TrimStrings.php(51): Illuminate\\Foundation\\Http\\Middleware\\TransformsRequest->handle(Object(Illuminate\\Http\\Request), Object(Closure))
#33 /Users/segunawotunde/Projects/cipher-learn-app/vendor/laravel/framework/src/Illuminate/Pipeline/Pipeline.php(219): Illuminate\\Foundation\\Http\\Middleware\\TrimStrings->handle(Object(Illuminate\\Http\\Request), Object(Closure))
#34 /Users/segunawotunde/Projects/cipher-learn-app/vendor/laravel/framework/src/Illuminate/Http/Middleware/ValidatePostSize.php(27): Illuminate\\Pipeline\\Pipeline->Illuminate\\Pipeline\\{closure}(Object(Illuminate\\Http\\Request))
#35 /Users/segunawotunde/Projects/cipher-learn-app/vendor/laravel/framework/src/Illuminate/Pipeline/Pipeline.php(219): Illuminate\\Http\\Middleware\\ValidatePostSize->handle(Object(Illuminate\\Http\\Request), Object(Closure))
#36 /Users/segunawotunde/Projects/cipher-learn-app/vendor/laravel/framework/src/Illuminate/Foundation/Http/Middleware/PreventRequestsDuringMaintenance.php(109): Illuminate\\Pipeline\\Pipeline->Illuminate\\Pipeline\\{closure}(Object(Illuminate\\Http\\Request))
#37 /Users/segunawotunde/Projects/cipher-learn-app/vendor/laravel/framework/src/Illuminate/Pipeline/Pipeline.php(219): Illuminate\\Foundation\\Http\\Middleware\\PreventRequestsDuringMaintenance->handle(Object(Illuminate\\Http\\Request), Object(Closure))
#38 /Users/segunawotunde/Projects/cipher-learn-app/vendor/laravel/framework/src/Illuminate/Http/Middleware/HandleCors.php(61): Illuminate\\Pipeline\\Pipeline->Illuminate\\Pipeline\\{closure}(Object(Illuminate\\Http\\Request))
#39 /Users/segunawotunde/Projects/cipher-learn-app/vendor/laravel/framework/src/Illuminate/Pipeline/Pipeline.php(219): Illuminate\\Http\\Middleware\\HandleCors->handle(Object(Illuminate\\Http\\Request), Object(Closure))
#40 /Users/segunawotunde/Projects/cipher-learn-app/vendor/laravel/framework/src/Illuminate/Http/Middleware/TrustProxies.php(58): Illuminate\\Pipeline\\Pipeline->Illuminate\\Pipeline\\{closure}(Object(Illuminate\\Http\\Request))
#41 /Users/segunawotunde/Projects/cipher-learn-app/vendor/laravel/framework/src/Illuminate/Pipeline/Pipeline.php(219): Illuminate\\Http\\Middleware\\TrustProxies->handle(Object(Illuminate\\Http\\Request), Object(Closure))
#42 /Users/segunawotunde/Projects/cipher-learn-app/vendor/laravel/framework/src/Illuminate/Foundation/Http/Middleware/InvokeDeferredCallbacks.php(22): Illuminate\\Pipeline\\Pipeline->Illuminate\\Pipeline\\{closure}(Object(Illuminate\\Http\\Request))
#43 /Users/segunawotunde/Projects/cipher-learn-app/vendor/laravel/framework/src/Illuminate/Pipeline/Pipeline.php(219): Illuminate\\Foundation\\Http\\Middleware\\InvokeDeferredCallbacks->handle(Object(Illuminate\\Http\\Request), Object(Closure))
#44 /Users/segunawotunde/Projects/cipher-learn-app/vendor/laravel/framework/src/Illuminate/Http/Middleware/ValidatePathEncoding.php(26): Illuminate\\Pipeline\\Pipeline->Illuminate\\Pipeline\\{closure}(Object(Illuminate\\Http\\Request))
#45 /Users/segunawotunde/Projects/cipher-learn-app/vendor/laravel/framework/src/Illuminate/Pipeline/Pipeline.php(219): Illuminate\\Http\\Middleware\\ValidatePathEncoding->handle(Object(Illuminate\\Http\\Request), Object(Closure))
#46 /Users/segunawotunde/Projects/cipher-learn-app/vendor/laravel/framework/src/Illuminate/Pipeline/Pipeline.php(137): Illuminate\\Pipeline\\Pipeline->Illuminate\\Pipeline\\{closure}(Object(Illuminate\\Http\\Request))
#47 /Users/segunawotunde/Projects/cipher-learn-app/vendor/laravel/framework/src/Illuminate/Foundation/Http/Kernel.php(175): Illuminate\\Pipeline\\Pipeline->then(Object(Closure))
#48 /Users/segunawotunde/Projects/cipher-learn-app/vendor/laravel/framework/src/Illuminate/Foundation/Http/Kernel.php(144): Illuminate\\Foundation\\Http\\Kernel->sendRequestThroughRouter(Object(Illuminate\\Http\\Request))
#49 /Users/segunawotunde/Projects/cipher-learn-app/vendor/laravel/framework/src/Illuminate/Foundation/Testing/Concerns/MakesHttpRequests.php(607): Illuminate\\Foundation\\Http\\Kernel->handle(Object(Illuminate\\Http\\Request))
#50 /Users/segunawotunde/Projects/cipher-learn-app/vendor/laravel/framework/src/Illuminate/Foundation/Testing/Concerns/MakesHttpRequests.php(368): Illuminate\\Foundation\\Testing\\TestCase->call('GET', 'http://localhos...', Array, Array, Array, Array)
#51 /Users/segunawotunde/Projects/cipher-learn-app/tests/Feature/Portal/CertificateFlowTest.php(124): Illuminate\\Foundation\\Testing\\TestCase->get('http://localhos...')
#52 /Users/segunawotunde/Projects/cipher-learn-app/vendor/pestphp/pest/src/Factories/TestCaseMethodFactory.php(171): P\\Tests\\Feature\\Portal\\CertificateFlowTest->{closure}()
#53 [internal function]: P\\Tests\\Feature\\Portal\\CertificateFlowTest->Pest\\Factories\\{closure}()
#54 /Users/segunawotunde/Projects/cipher-learn-app/vendor/pestphp/pest/src/Concerns/Testable.php(419): call_user_func_array(Object(Closure), Array)
#55 /Users/segunawotunde/Projects/cipher-learn-app/vendor/pestphp/pest/src/Support/ExceptionTrace.php(26): P\\Tests\\Feature\\Portal\\CertificateFlowTest->Pest\\Concerns\\{closure}()
#56 /Users/segunawotunde/Projects/cipher-learn-app/vendor/pestphp/pest/src/Concerns/Testable.php(419): Pest\\Support\\ExceptionTrace::ensure(Object(Closure))
#57 /Users/segunawotunde/Projects/cipher-learn-app/vendor/pestphp/pest/src/Concerns/Testable.php(321): P\\Tests\\Feature\\Portal\\CertificateFlowTest->__callClosure(Object(Closure), Array)
#58 /Users/segunawotunde/Projects/cipher-learn-app/vendor/pestphp/pest/src/Factories/TestCaseFactory.php(173) : eval()'d code(62): P\\Tests\\Feature\\Portal\\CertificateFlowTest->__runTest(Object(Closure))
#59 /Users/segunawotunde/Projects/cipher-learn-app/vendor/phpunit/phpunit/src/Framework/TestCase.php(1667): P\\Tests\\Feature\\Portal\\CertificateFlowTest->__pest_evaluable_it_404s_the_printable_certificate_for_another_employee()
#60 /Users/segunawotunde/Projects/cipher-learn-app/vendor/phpunit/phpunit/src/Framework/TestCase.php(519): PHPUnit\\Framework\\TestCase->runTest()
#61 /Users/segunawotunde/Projects/cipher-learn-app/vendor/phpunit/phpunit/src/Framework/TestRunner/TestRunner.php(87): PHPUnit\\Framework\\TestCase->runBare()
#62 /Users/segunawotunde/Projects/cipher-learn-app/vendor/phpunit/phpunit/src/Framework/TestCase.php(365): PHPUnit\\Framework\\TestRunner->run(Object(P\\Tests\\Feature\\Portal\\CertificateFlowTest))
#63 /Users/segunawotunde/Projects/cipher-learn-app/vendor/phpunit/phpunit/src/Framework/TestSuite.php(369): PHPUnit\\Framework\\TestCase->run()
#64 /Users/segunawotunde/Projects/cipher-learn-app/vendor/phpunit/phpunit/src/Framework/TestSuite.php(369): PHPUnit\\Framework\\TestSuite->run()
#65 /Users/segunawotunde/Projects/cipher-learn-app/vendor/phpunit/phpunit/src/Framework/TestSuite.php(369): PHPUnit\\Framework\\TestSuite->run()
#66 /Users/segunawotunde/Projects/cipher-learn-app/vendor/phpunit/phpunit/src/TextUI/TestRunner.php(64): PHPUnit\\Framework\\TestSuite->run()
#67 /Users/segunawotunde/Projects/cipher-learn-app/vendor/phpunit/phpunit/src/TextUI/Application.php(211): PHPUnit\\TextUI\\TestRunner->run(Object(PHPUnit\\TextUI\\Configuration\\Configuration), Object(PHPUnit\\Runner\\ResultCache\\DefaultResultCache), Object(PHPUnit\\Framework\\TestSuite))
#68 /Users/segunawotunde/Projects/cipher-learn-app/vendor/pestphp/pest/src/Kernel.php(103): PHPUnit\\TextUI\\Application->run(Array)
#69 /Users/segunawotunde/Projects/cipher-learn-app/vendor/pestphp/pest/bin/pest(184): Pest\\Kernel->handle(Array, Array)
#70 /Users/segunawotunde/Projects/cipher-learn-app/vendor/pestphp/pest/bin/pest(192): {closure}()
#71 /Users/segunawotunde/Projects/cipher-learn-app/vendor/bin/pest(119): include('/Users/segunawo...')
#72 {main}
"} 
[2026-08-23 10:07:00] testing.ERROR: No application encryption key has been specified. {"request_id":"a1fb190d-8bb4-477a-81ca-dfef81ade157","exception":"[object] (Illuminate\\Encryption\\MissingAppKeyException(code: 0): No application encryption key has been specified. at /Users/segunawotunde/Projects/cipher-learn-app/vendor/laravel/framework/src/Illuminate/Encryption/EncryptionServiceProvider.php:83)
[stacktrace]
#0 /Users/segunawotunde/Projects/cipher-learn-app/vendor/laravel/framework/src/Illuminate/Support/helpers.php(393): Illuminate\\Encryption\\EncryptionServiceProvider->Illuminate\\Encryption\\{closure}(NULL)
#1 /Users/segunawotunde/Projects/cipher-learn-app/vendor/laravel/framework/src/Illuminate/Encryption/EncryptionServiceProvider.php(81): tap(NULL, Object(Closure))
#2 /Users/segunawotunde/Projects/cipher-learn-app/vendor/laravel/framework/src/Illuminate/Encryption/EncryptionServiceProvider.php(64): Illuminate\\Encryption\\EncryptionServiceProvider->key(Array)
#3 /Users/segunawotunde/Projects/cipher-learn-app/vendor/laravel/framework/src/Illuminate/Encryption/EncryptionServiceProvider.php(32): Illuminate\\Encryption\\EncryptionServiceProvider->parseKey(Array)
#4 /Users/segunawotunde/Projects/cipher-learn-app/vendor/laravel/framework/src/Illuminate/Container/Container.php(1115): Illuminate\\Encryption\\EncryptionServiceProvider->Illuminate\\Encryption\\{closure}(Object(Illuminate\\Foundation\\Application), Array)
#5 /Users/segunawotunde/Projects/cipher-learn-app/vendor/laravel/framework/src/Illuminate/Container/Container.php(933): Illuminate\\Container\\Container->build(Object(Closure))
#6 /Users/segunawotunde/Projects/cipher-learn-app/vendor/laravel/framework/src/Illuminate/Foundation/Application.php(1078): Illuminate\\Container\\Container->resolve('encrypter', Array, true)
#7 /Users/segunawotunde/Projects/cipher-learn-app/vendor/laravel/framework/src/Illuminate/Container/Container.php(864): Illuminate\\Foundation\\Application->resolve('encrypter', Array)
#8 /Users/segunawotunde/Projects/cipher-learn-app/vendor/laravel/framework/src/Illuminate/Foundation/Application.php(1058): Illuminate\\Container\\Container->make('encrypter', Array)
#9 /Users/segunawotunde/Projects/cipher-learn-app/vendor/laravel/framework/src/Illuminate/Container/Container.php(1336): Illuminate\\Foundation\\Application->make('encrypter')
#10 /Users/segunawotunde/Projects/cipher-learn-app/vendor/laravel/framework/src/Illuminate/Container/Container.php(1237): Illuminate\\Container\\Container->resolveClass(Object(ReflectionParameter), 'Illuminate\\\\Cont...')
#11 /Users/segunawotunde/Projects/cipher-learn-app/vendor/laravel/framework/src/Illuminate/Container/Container.php(1162): Illuminate\\Container\\Container->resolveDependencies(Array)
#12 /Users/segunawotunde/Projects/cipher-learn-app/vendor/laravel/framework/src/Illuminate/Container/Container.php(933): Illuminate\\Container\\Container->build('Illuminate\\\\Cook...')
#13 /Users/segunawotunde/Projects/cipher-learn-app/vendor/laravel/framework/src/Illuminate/Foundation/Application.php(1078): Illuminate\\Container\\Container->resolve('Illuminate\\\\Cook...', Array, true)
#14 /Users/segunawotunde/Projects/cipher-learn-app/vendor/laravel/framework/src/Illuminate/Container/Container.php(864): Illuminate\\Foundation\\Application->resolve('Illuminate\\\\Cook...', Array)
#15 /Users/segunawotunde/Projects/cipher-learn-app/vendor/laravel/framework/src/Illuminate/Foundation/Application.php(1058): Illuminate\\Container\\Container->make('Illuminate\\\\Cook...', Array)
#16 /Users/segunawotunde/Projects/cipher-learn-app/vendor/laravel/framework/src/Illuminate/Pipeline/Pipeline.php(208): Illuminate\\Foundation\\Application->make('Illuminate\\\\Cook...')
#17 /Users/segunawotunde/Projects/cipher-learn-app/vendor/laravel/framework/src/Illuminate/Pipeline/Pipeline.php(137): Illuminate\\Pipeline\\Pipeline->Illuminate\\Pipeline\\{closure}(Object(Illuminate\\Http\\Request))
#18 /Users/segunawotunde/Projects/cipher-learn-app/vendor/laravel/framework/src/Illuminate/Routing/Router.php(821): Illuminate\\Pipeline\\Pipeline->then(Object(Closure))
#19 /Users/segunawotunde/Projects/cipher-learn-app/vendor/laravel/framework/src/Illuminate/Routing/Router.php(800): Illuminate\\Routing\\Router->runRouteWithinStack(Object(Illuminate\\Routing\\Route), Object(Illuminate\\Http\\Request))
#20 /Users/segunawotunde/Projects/cipher-learn-app/vendor/laravel/framework/src/Illuminate/Routing/Router.php(764): Illuminate\\Routing\\Router->runRoute(Object(Illuminate\\Http\\Request), Object(Illuminate\\Routing\\Route))
#21 /Users/segunawotunde/Projects/cipher-learn-app/vendor/laravel/framework/src/Illuminate/Routing/Router.php(753): Illuminate\\Routing\\Router->dispatchToRoute(Object(Illuminate\\Http\\Request))
#22 /Users/segunawotunde/Projects/cipher-learn-app/vendor/laravel/framework/src/Illuminate/Foundation/Http/Kernel.php(200): Illuminate\\Routing\\Router->dispatch(Object(Illuminate\\Http\\Request))
#23 /Users/segunawotunde/Projects/cipher-learn-app/vendor/laravel/framework/src/Illuminate/Pipeline/Pipeline.php(180): Illuminate\\Foundation\\Http\\Kernel->Illuminate\\Foundation\\Http\\{closure}(Object(Illuminate\\Http\\Request))
#24 /Users/segunawotunde/Projects/cipher-learn-app/vendor/livewire/livewire/src/Features/SupportDisablingBackButtonCache/DisableBackButtonCacheMiddleware.php(19): Illuminate\\Pipeline\\Pipeline->Illuminate\\Pipeline\\{closure}(Object(Illuminate\\Http\\Request))
#25 /Users/segunawotunde/Projects/cipher-learn-app/vendor/laravel/framework/src/Illuminate/Pipeline/Pipeline.php(219): Livewire\\Features\\SupportDisablingBackButtonCache\\DisableBackButtonCacheMiddleware->handle(Object(Illuminate\\Http\\Request), Object(Closure))
#26 /Users/segunawotunde/Projects/cipher-learn-app/app/Http/Middleware/AssignRequestId.php(30): Illuminate\\Pipeline\\Pipeline->Illuminate\\Pipeline\\{closure}(Object(Illuminate\\Http\\Request))
#27 /Users/segunawotunde/Projects/cipher-learn-app/vendor/laravel/framework/src/Illuminate/Pipeline/Pipeline.php(219): App\\Http\\Middleware\\AssignRequestId->handle(Object(Illuminate\\Http\\Request), Object(Closure))
#28 /Users/segunawotunde/Projects/cipher-learn-app/vendor/laravel/framework/src/Illuminate/Foundation/Http/Middleware/TransformsRequest.php(21): Illuminate\\Pipeline\\Pipeline->Illuminate\\Pipeline\\{closure}(Object(Illuminate\\Http\\Request))
#29 /Users/segunawotunde/Projects/cipher-learn-app/vendor/laravel/framework/src/Illuminate/Foundation/Http/Middleware/ConvertEmptyStringsToNull.php(31): Illuminate\\Foundation\\Http\\Middleware\\TransformsRequest->handle(Object(Illuminate\\Http\\Request), Object(Closure))
#30 /Users/segunawotunde/Projects/cipher-learn-app/vendor/laravel/framework/src/Illuminate/Pipeline/Pipeline.php(219): Illuminate\\Foundation\\Http\\Middleware\\ConvertEmptyStringsToNull->handle(Object(Illuminate\\Http\\Request), Object(Closure))
#31 /Users/segunawotunde/Projects/cipher-learn-app/vendor/laravel/framework/src/Illuminate/Foundation/Http/Middleware/TransformsRequest.php(21): Illuminate\\Pipeline\\Pipeline->Illuminate\\Pipeline\\{closure}(Object(Illuminate\\Http\\Request))
#32 /Users/segunawotunde/Projects/cipher-learn-app/vendor/laravel/framework/src/Illuminate/Foundation/Http/Middleware/TrimStrings.php(51): Illuminate\\Foundation\\Http\\Middleware\\TransformsRequest->handle(Object(Illuminate\\Http\\Request), Object(Closure))
#33 /Users/segunawotunde/Projects/cipher-learn-app/vendor/laravel/framework/src/Illuminate/Pipeline/Pipeline.php(219): Illuminate\\Foundation\\Http\\Middleware\\TrimStrings->handle(Object(Illuminate\\Http\\Request), Object(Closure))
#34 /Users/segunawotunde/Projects/cipher-learn-app/vendor/laravel/framework/src/Illuminate/Http/Middleware/ValidatePostSize.php(27): Illuminate\\Pipeline\\Pipeline->Illuminate\\Pipeline\\{closure}(Object(Illuminate\\Http\\Request))
#35 /Users/segunawotunde/Projects/cipher-learn-app/vendor/laravel/framework/src/Illuminate/Pipeline/Pipeline.php(219): Illuminate\\Http\\Middleware\\ValidatePostSize->handle(Object(Illuminate\\Http\\Request), Object(Closure))
#36 /Users/segunawotunde/Projects/cipher-learn-app/vendor/laravel/framework/src/Illuminate/Foundation/Http/Middleware/PreventRequestsDuringMaintenance.php(109): Illuminate\\Pipeline\\Pipeline->Illuminate\\Pipeline\\{closure}(Object(Illuminate\\Http\\Request))
#37 /Users/segunawotunde/Projects/cipher-learn-app/vendor/laravel/framework/src/Illuminate/Pipeline/Pipeline.php(219): Illuminate\\Foundation\\Http\\Middleware\\PreventRequestsDuringMaintenance->handle(Object(Illuminate\\Http\\Request), Object(Closure))
#38 /Users/segunawotunde/Projects/cipher-learn-app/vendor/laravel/framework/src/Illuminate/Http/Middleware/HandleCors.php(61): Illuminate\\Pipeline\\Pipeline->Illuminate\\Pipeline\\{closure}(Object(Illuminate\\Http\\Request))
#39 /Users/segunawotunde/Projects/cipher-learn-app/vendor/laravel/framework/src/Illuminate/Pipeline/Pipeline.php(219): Illuminate\\Http\\Middleware\\HandleCors->handle(Object(Illuminate\\Http\\Request), Object(Closure))
#40 /Users/segunawotunde/Projects/cipher-learn-app/vendor/laravel/framework/src/Illuminate/Http/Middleware/TrustProxies.php(58): Illuminate\\Pipeline\\Pipeline->Illuminate\\Pipeline\\{closure}(Object(Illuminate\\Http\\Request))
#41 /Users/segunawotunde/Projects/cipher-learn-app/vendor/laravel/framework/src/Illuminate/Pipeline/Pipeline.php(219): Illuminate\\Http\\Middleware\\TrustProxies->handle(Object(Illuminate\\Http\\Request), Object(Closure))
#42 /Users/segunawotunde/Projects/cipher-learn-app/vendor/laravel/framework/src/Illuminate/Foundation/Http/Middleware/InvokeDeferredCallbacks.php(22): Illuminate\\Pipeline\\Pipeline->Illuminate\\Pipeline\\{closure}(Object(Illuminate\\Http\\Request))
#43 /Users/segunawotunde/Projects/cipher-learn-app/vendor/laravel/framework/src/Illuminate/Pipeline/Pipeline.php(219): Illuminate\\Foundation\\Http\\Middleware\\InvokeDeferredCallbacks->handle(Object(Illuminate\\Http\\Request), Object(Closure))
#44 /Users/segunawotunde/Projects/cipher-learn-app/vendor/laravel/framework/src/Illuminate/Http/Middleware/ValidatePathEncoding.php(26): Illuminate\\Pipeline\\Pipeline->Illuminate\\Pipeline\\{closure}(Object(Illuminate\\Http\\Request))
#45 /Users/segunawotunde/Projects/cipher-learn-app/vendor/laravel/framework/src/Illuminate/Pipeline/Pipeline.php(219): Illuminate\\Http\\Middleware\\ValidatePathEncoding->handle(Object(Illuminate\\Http\\Request), Object(Closure))
#46 /Users/segunawotunde/Projects/cipher-learn-app/vendor/laravel/framework/src/Illuminate/Pipeline/Pipeline.php(137): Illuminate\\Pipeline\\Pipeline->Illuminate\\Pipeline\\{closure}(Object(Illuminate\\Http\\Request))
#47 /Users/segunawotunde/Projects/cipher-learn-app/vendor/laravel/framework/src/Illuminate/Foundation/Http/Kernel.php(175): Illuminate\\Pipeline\\Pipeline->then(Object(Closure))
#48 /Users/segunawotunde/Projects/cipher-learn-app/vendor/laravel/framework/src/Illuminate/Foundation/Http/Kernel.php(144): Illuminate\\Foundation\\Http\\Kernel->sendRequestThroughRouter(Object(Illuminate\\Http\\Request))
#49 /Users/segunawotunde/Projects/cipher-learn-app/vendor/laravel/framework/src/Illuminate/Foundation/Testing/Concerns/MakesHttpRequests.php(607): Illuminate\\Foundation\\Http\\Kernel->handle(Object(Illuminate\\Http\\Request))
#50 /Users/segunawotunde/Projects/cipher-learn-app/vendor/laravel/framework/src/Illuminate/Foundation/Testing/Concerns/MakesHttpRequests.php(368): Illuminate\\Foundation\\Testing\\TestCase->call('GET', 'http://localhos...', Array, Array, Array, Array)
#51 /Users/segunawotunde/Projects/cipher-learn-app/tests/Feature/Portal/CertificateFlowTest.php(133): Illuminate\\Foundation\\Testing\\TestCase->get('http://localhos...')
#52 /Users/segunawotunde/Projects/cipher-learn-app/vendor/pestphp/pest/src/Factories/TestCaseMethodFactory.php(171): P\\Tests\\Feature\\Portal\\CertificateFlowTest->{closure}()
#53 [internal function]: P\\Tests\\Feature\\Portal\\CertificateFlowTest->Pest\\Factories\\{closure}()
#54 /Users/segunawotunde/Projects/cipher-learn-app/vendor/pestphp/pest/src/Concerns/Testable.php(419): call_user_func_array(Object(Closure), Array)
#55 /Users/segunawotunde/Projects/cipher-learn-app/vendor/pestphp/pest/src/Support/ExceptionTrace.php(26): P\\Tests\\Feature\\Portal\\CertificateFlowTest->Pest\\Concerns\\{closure}()
#56 /Users/segunawotunde/Projects/cipher-learn-app/vendor/pestphp/pest/src/Concerns/Testable.php(419): Pest\\Support\\ExceptionTrace::ensure(Object(Closure))
#57 /Users/segunawotunde/Projects/cipher-learn-app/vendor/pestphp/pest/src/Concerns/Testable.php(321): P\\Tests\\Feature\\Portal\\CertificateFlowTest->__callClosure(Object(Closure), Array)
#58 /Users/segunawotunde/Projects/cipher-learn-app/vendor/pestphp/pest/src/Factories/TestCaseFactory.php(173) : eval()'d code(71): P\\Tests\\Feature\\Portal\\CertificateFlowTest->__runTest(Object(Closure))
#59 /Users/segunawotunde/Projects/cipher-learn-app/vendor/phpunit/phpunit/src/Framework/TestCase.php(1667): P\\Tests\\Feature\\Portal\\CertificateFlowTest->__pest_evaluable_it_verifies_a_genuine_certificate_publicly__without_login()
#60 /Users/segunawotunde/Projects/cipher-learn-app/vendor/phpunit/phpunit/src/Framework/TestCase.php(519): PHPUnit\\Framework\\TestCase->runTest()
#61 /Users/segunawotunde/Projects/cipher-learn-app/vendor/phpunit/phpunit/src/Framework/TestRunner/TestRunner.php(87): PHPUnit\\Framework\\TestCase->runBare()
#62 /Users/segunawotunde/Projects/cipher-learn-app/vendor/phpunit/phpunit/src/Framework/TestCase.php(365): PHPUnit\\Framework\\TestRunner->run(Object(P\\Tests\\Feature\\Portal\\CertificateFlowTest))
#63 /Users/segunawotunde/Projects/cipher-learn-app/vendor/phpunit/phpunit/src/Framework/TestSuite.php(369): PHPUnit\\Framework\\TestCase->run()
#64 /Users/segunawotunde/Projects/cipher-learn-app/vendor/phpunit/phpunit/src/Framework/TestSuite.php(369): PHPUnit\\Framework\\TestSuite->run()
#65 /Users/segunawotunde/Projects/cipher-learn-app/vendor/phpunit/phpunit/src/Framework/TestSuite.php(369): PHPUnit\\Framework\\TestSuite->run()
#66 /Users/segunawotunde/Projects/cipher-learn-app/vendor/phpunit/phpunit/src/TextUI/TestRunner.php(64): PHPUnit\\Framework\\TestSuite->run()
#67 /Users/segunawotunde/Projects/cipher-learn-app/vendor/phpunit/phpunit/src/TextUI/Application.php(211): PHPUnit\\TextUI\\TestRunner->run(Object(PHPUnit\\TextUI\\Configuration\\Configuration), Object(PHPUnit\\Runner\\ResultCache\\DefaultResultCache), Object(PHPUnit\\Framework\\TestSuite))
#68 /Users/segunawotunde/Projects/cipher-learn-app/vendor/pestphp/pest/src/Kernel.php(103): PHPUnit\\TextUI\\Application->run(Array)
#69 /Users/segunawotunde/Projects/cipher-learn-app/vendor/pestphp/pest/bin/pest(184): Pest\\Kernel->handle(Array, Array)
#70 /Users/segunawotunde/Projects/cipher-learn-app/vendor/pestphp/pest/bin/pest(192): {closure}()
#71 /Users/segunawotunde/Projects/cipher-learn-app/vendor/bin/pest(119): include('/Users/segunawo...')
#72 {main}
"} 
[2026-08-23 10:07:00] testing.ERROR: No application encryption key has been specified. {"request_id":"dab9d7b2-41b2-4310-b5a8-dde36be0d58d","exception":"[object] (Illuminate\\Encryption\\MissingAppKeyException(code: 0): No application encryption key has been specified. at /Users/segunawotunde/Projects/cipher-learn-app/vendor/laravel/framework/src/Illuminate/Encryption/EncryptionServiceProvider.php:83)
[stacktrace]
#0 /Users/segunawotunde/Projects/cipher-learn-app/vendor/laravel/framework/src/Illuminate/Support/helpers.php(393): Illuminate\\Encryption\\EncryptionServiceProvider->Illuminate\\Encryption\\{closure}(NULL)
#1 /Users/segunawotunde/Projects/cipher-learn-app/vendor/laravel/framework/src/Illuminate/Encryption/EncryptionServiceProvider.php(81): tap(NULL, Object(Closure))
#2 /Users/segunawotunde/Projects/cipher-learn-app/vendor/laravel/framework/src/Illuminate/Encryption/EncryptionServiceProvider.php(64): Illuminate\\Encryption\\EncryptionServiceProvider->key(Array)
#3 /Users/segunawotunde/Projects/cipher-learn-app/vendor/laravel/framework/src/Illuminate/Encryption/EncryptionServiceProvider.php(32): Illuminate\\Encryption\\EncryptionServiceProvider->parseKey(Array)
#4 /Users/segunawotunde/Projects/cipher-learn-app/vendor/laravel/framework/src/Illuminate/Container/Container.php(1115): Illuminate\\Encryption\\EncryptionServiceProvider->Illuminate\\Encryption\\{closure}(Object(Illuminate\\Foundation\\Application), Array)
#5 /Users/segunawotunde/Projects/cipher-learn-app/vendor/laravel/framework/src/Illuminate/Container/Container.php(933): Illuminate\\Container\\Container->build(Object(Closure))
#6 /Users/segunawotunde/Projects/cipher-learn-app/vendor/laravel/framework/src/Illuminate/Foundation/Application.php(1078): Illuminate\\Container\\Container->resolve('encrypter', Array, true)
#7 /Users/segunawotunde/Projects/cipher-learn-app/vendor/laravel/framework/src/Illuminate/Container/Container.php(864): Illuminate\\Foundation\\Application->resolve('encrypter', Array)
#8 /Users/segunawotunde/Projects/cipher-learn-app/vendor/laravel/framework/src/Illuminate/Foundation/Application.php(1058): Illuminate\\Container\\Container->make('encrypter', Array)
#9 /Users/segunawotunde/Projects/cipher-learn-app/vendor/laravel/framework/src/Illuminate/Container/Container.php(1336): Illuminate\\Foundation\\Application->make('encrypter')
#10 /Users/segunawotunde/Projects/cipher-learn-app/vendor/laravel/framework/src/Illuminate/Container/Container.php(1237): Illuminate\\Container\\Container->resolveClass(Object(ReflectionParameter), 'Illuminate\\\\Cont...')
#11 /Users/segunawotunde/Projects/cipher-learn-app/vendor/laravel/framework/src/Illuminate/Container/Container.php(1162): Illuminate\\Container\\Container->resolveDependencies(Array)
#12 /Users/segunawotunde/Projects/cipher-learn-app/vendor/laravel/framework/src/Illuminate/Container/Container.php(933): Illuminate\\Container\\Container->build('Illuminate\\\\Cook...')
#13 /Users/segunawotunde/Projects/cipher-learn-app/vendor/laravel/framework/src/Illuminate/Foundation/Application.php(1078): Illuminate\\Container\\Container->resolve('Illuminate\\\\Cook...', Array, true)
#14 /Users/segunawotunde/Projects/cipher-learn-app/vendor/laravel/framework/src/Illuminate/Container/Container.php(864): Illuminate\\Foundation\\Application->resolve('Illuminate\\\\Cook...', Array)
#15 /Users/segunawotunde/Projects/cipher-learn-app/vendor/laravel/framework/src/Illuminate/Foundation/Application.php(1058): Illuminate\\Container\\Container->make('Illuminate\\\\Cook...', Array)
#16 /Users/segunawotunde/Projects/cipher-learn-app/vendor/laravel/framework/src/Illuminate/Pipeline/Pipeline.php(208): Illuminate\\Foundation\\Application->make('Illuminate\\\\Cook...')
#17 /Users/segunawotunde/Projects/cipher-learn-app/vendor/laravel/framework/src/Illuminate/Pipeline/Pipeline.php(137): Illuminate\\Pipeline\\Pipeline->Illuminate\\Pipeline\\{closure}(Object(Illuminate\\Http\\Request))
#18 /Users/segunawotunde/Projects/cipher-learn-app/vendor/laravel/framework/src/Illuminate/Routing/Router.php(821): Illuminate\\Pipeline\\Pipeline->then(Object(Closure))
#19 /Users/segunawotunde/Projects/cipher-learn-app/vendor/laravel/framework/src/Illuminate/Routing/Router.php(800): Illuminate\\Routing\\Router->runRouteWithinStack(Object(Illuminate\\Routing\\Route), Object(Illuminate\\Http\\Request))
#20 /Users/segunawotunde/Projects/cipher-learn-app/vendor/laravel/framework/src/Illuminate/Routing/Router.php(764): Illuminate\\Routing\\Router->runRoute(Object(Illuminate\\Http\\Request), Object(Illuminate\\Routing\\Route))
#21 /Users/segunawotunde/Projects/cipher-learn-app/vendor/laravel/framework/src/Illuminate/Routing/Router.php(753): Illuminate\\Routing\\Router->dispatchToRoute(Object(Illuminate\\Http\\Request))
#22 /Users/segunawotunde/Projects/cipher-learn-app/vendor/laravel/framework/src/Illuminate/Foundation/Http/Kernel.php(200): Illuminate\\Routing\\Router->dispatch(Object(Illuminate\\Http\\Request))
#23 /Users/segunawotunde/Projects/cipher-learn-app/vendor/laravel/framework/src/Illuminate/Pipeline/Pipeline.php(180): Illuminate\\Foundation\\Http\\Kernel->Illuminate\\Foundation\\Http\\{closure}(Object(Illuminate\\Http\\Request))
#24 /Users/segunawotunde/Projects/cipher-learn-app/vendor/livewire/livewire/src/Features/SupportDisablingBackButtonCache/DisableBackButtonCacheMiddleware.php(19): Illuminate\\Pipeline\\Pipeline->Illuminate\\Pipeline\\{closure}(Object(Illuminate\\Http\\Request))
#25 /Users/segunawotunde/Projects/cipher-learn-app/vendor/laravel/framework/src/Illuminate/Pipeline/Pipeline.php(219): Livewire\\Features\\SupportDisablingBackButtonCache\\DisableBackButtonCacheMiddleware->handle(Object(Illuminate\\Http\\Request), Object(Closure))
#26 /Users/segunawotunde/Projects/cipher-learn-app/app/Http/Middleware/AssignRequestId.php(30): Illuminate\\Pipeline\\Pipeline->Illuminate\\Pipeline\\{closure}(Object(Illuminate\\Http\\Request))
#27 /Users/segunawotunde/Projects/cipher-learn-app/vendor/laravel/framework/src/Illuminate/Pipeline/Pipeline.php(219): App\\Http\\Middleware\\AssignRequestId->handle(Object(Illuminate\\Http\\Request), Object(Closure))
#28 /Users/segunawotunde/Projects/cipher-learn-app/vendor/laravel/framework/src/Illuminate/Foundation/Http/Middleware/TransformsRequest.php(21): Illuminate\\Pipeline\\Pipeline->Illuminate\\Pipeline\\{closure}(Object(Illuminate\\Http\\Request))
#29 /Users/segunawotunde/Projects/cipher-learn-app/vendor/laravel/framework/src/Illuminate/Foundation/Http/Middleware/ConvertEmptyStringsToNull.php(31): Illuminate\\Foundation\\Http\\Middleware\\TransformsRequest->handle(Object(Illuminate\\Http\\Request), Object(Closure))
#30 /Users/segunawotunde/Projects/cipher-learn-app/vendor/laravel/framework/src/Illuminate/Pipeline/Pipeline.php(219): Illuminate\\Foundation\\Http\\Middleware\\ConvertEmptyStringsToNull->handle(Object(Illuminate\\Http\\Request), Object(Closure))
#31 /Users/segunawotunde/Projects/cipher-learn-app/vendor/laravel/framework/src/Illuminate/Foundation/Http/Middleware/TransformsRequest.php(21): Illuminate\\Pipeline\\Pipeline->Illuminate\\Pipeline\\{closure}(Object(Illuminate\\Http\\Request))
#32 /Users/segunawotunde/Projects/cipher-learn-app/vendor/laravel/framework/src/Illuminate/Foundation/Http/Middleware/TrimStrings.php(51): Illuminate\\Foundation\\Http\\Middleware\\TransformsRequest->handle(Object(Illuminate\\Http\\Request), Object(Closure))
#33 /Users/segunawotunde/Projects/cipher-learn-app/vendor/laravel/framework/src/Illuminate/Pipeline/Pipeline.php(219): Illuminate\\Foundation\\Http\\Middleware\\TrimStrings->handle(Object(Illuminate\\Http\\Request), Object(Closure))
#34 /Users/segunawotunde/Projects/cipher-learn-app/vendor/laravel/framework/src/Illuminate/Http/Middleware/ValidatePostSize.php(27): Illuminate\\Pipeline\\Pipeline->Illuminate\\Pipeline\\{closure}(Object(Illuminate\\Http\\Request))
#35 /Users/segunawotunde/Projects/cipher-learn-app/vendor/laravel/framework/src/Illuminate/Pipeline/Pipeline.php(219): Illuminate\\Http\\Middleware\\ValidatePostSize->handle(Object(Illuminate\\Http\\Request), Object(Closure))
#36 /Users/segunawotunde/Projects/cipher-learn-app/vendor/laravel/framework/src/Illuminate/Foundation/Http/Middleware/PreventRequestsDuringMaintenance.php(109): Illuminate\\Pipeline\\Pipeline->Illuminate\\Pipeline\\{closure}(Object(Illuminate\\Http\\Request))
#37 /Users/segunawotunde/Projects/cipher-learn-app/vendor/laravel/framework/src/Illuminate/Pipeline/Pipeline.php(219): Illuminate\\Foundation\\Http\\Middleware\\PreventRequestsDuringMaintenance->handle(Object(Illuminate\\Http\\Request), Object(Closure))
#38 /Users/segunawotunde/Projects/cipher-learn-app/vendor/laravel/framework/src/Illuminate/Http/Middleware/HandleCors.php(61): Illuminate\\Pipeline\\Pipeline->Illuminate\\Pipeline\\{closure}(Object(Illuminate\\Http\\Request))
#39 /Users/segunawotunde/Projects/cipher-learn-app/vendor/laravel/framework/src/Illuminate/Pipeline/Pipeline.php(219): Illuminate\\Http\\Middleware\\HandleCors->handle(Object(Illuminate\\Http\\Request), Object(Closure))
#40 /Users/segunawotunde/Projects/cipher-learn-app/vendor/laravel/framework/src/Illuminate/Http/Middleware/TrustProxies.php(58): Illuminate\\Pipeline\\Pipeline->Illuminate\\Pipeline\\{closure}(Object(Illuminate\\Http\\Request))
#41 /Users/segunawotunde/Projects/cipher-learn-app/vendor/laravel/framework/src/Illuminate/Pipeline/Pipeline.php(219): Illuminate\\Http\\Middleware\\TrustProxies->handle(Object(Illuminate\\Http\\Request), Object(Closure))
#42 /Users/segunawotunde/Projects/cipher-learn-app/vendor/laravel/framework/src/Illuminate/Foundation/Http/Middleware/InvokeDeferredCallbacks.php(22): Illuminate\\Pipeline\\Pipeline->Illuminate\\Pipeline\\{closure}(Object(Illuminate\\Http\\Request))
#43 /Users/segunawotunde/Projects/cipher-learn-app/vendor/laravel/framework/src/Illuminate/Pipeline/Pipeline.php(219): Illuminate\\Foundation\\Http\\Middleware\\InvokeDeferredCallbacks->handle(Object(Illuminate\\Http\\Request), Object(Closure))
#44 /Users/segunawotunde/Projects/cipher-learn-app/vendor/laravel/framework/src/Illuminate/Http/Middleware/ValidatePathEncoding.php(26): Illuminate\\Pipeline\\Pipeline->Illuminate\\Pipeline\\{closure}(Object(Illuminate\\Http\\Request))
#45 /Users/segunawotunde/Projects/cipher-learn-app/vendor/laravel/framework/src/Illuminate/Pipeline/Pipeline.php(219): Illuminate\\Http\\Middleware\\ValidatePathEncoding->handle(Object(Illuminate\\Http\\Request), Object(Closure))
#46 /Users/segunawotunde/Projects/cipher-learn-app/vendor/laravel/framework/src/Illuminate/Pipeline/Pipeline.php(137): Illuminate\\Pipeline\\Pipeline->Illuminate\\Pipeline\\{closure}(Object(Illuminate\\Http\\Request))
#47 /Users/segunawotunde/Projects/cipher-learn-app/vendor/laravel/framework/src/Illuminate/Foundation/Http/Kernel.php(175): Illuminate\\Pipeline\\Pipeline->then(Object(Closure))
#48 /Users/segunawotunde/Projects/cipher-learn-app/vendor/laravel/framework/src/Illuminate/Foundation/Http/Kernel.php(144): Illuminate\\Foundation\\Http\\Kernel->sendRequestThroughRouter(Object(Illuminate\\Http\\Request))
#49 /Users/segunawotunde/Projects/cipher-learn-app/vendor/laravel/framework/src/Illuminate/Foundation/Testing/Concerns/MakesHttpRequests.php(607): Illuminate\\Foundation\\Http\\Kernel->handle(Object(Illuminate\\Http\\Request))
#50 /Users/segunawotunde/Projects/cipher-learn-app/vendor/laravel/framework/src/Illuminate/Foundation/Testing/Concerns/MakesHttpRequests.php(368): Illuminate\\Foundation\\Testing\\TestCase->call('GET', 'http://localhos...', Array, Array, Array, Array)
#51 /Users/segunawotunde/Projects/cipher-learn-app/tests/Feature/Portal/CertificateFlowTest.php(142): Illuminate\\Foundation\\Testing\\TestCase->get('http://localhos...')
#52 /Users/segunawotunde/Projects/cipher-learn-app/vendor/pestphp/pest/src/Factories/TestCaseMethodFactory.php(171): P\\Tests\\Feature\\Portal\\CertificateFlowTest->{closure}()
#53 [internal function]: P\\Tests\\Feature\\Portal\\CertificateFlowTest->Pest\\Factories\\{closure}()
#54 /Users/segunawotunde/Projects/cipher-learn-app/vendor/pestphp/pest/src/Concerns/Testable.php(419): call_user_func_array(Object(Closure), Array)
#55 /Users/segunawotunde/Projects/cipher-learn-app/vendor/pestphp/pest/src/Support/ExceptionTrace.php(26): P\\Tests\\Feature\\Portal\\CertificateFlowTest->Pest\\Concerns\\{closure}()
#56 /Users/segunawotunde/Projects/cipher-learn-app/vendor/pestphp/pest/src/Concerns/Testable.php(419): Pest\\Support\\ExceptionTrace::ensure(Object(Closure))
#57 /Users/segunawotunde/Projects/cipher-learn-app/vendor/pestphp/pest/src/Concerns/Testable.php(321): P\\Tests\\Feature\\Portal\\CertificateFlowTest->__callClosure(Object(Closure), Array)
#58 /Users/segunawotunde/Projects/cipher-learn-app/vendor/pestphp/pest/src/Factories/TestCaseFactory.php(173) : eval()'d code(80): P\\Tests\\Feature\\Portal\\CertificateFlowTest->__runTest(Object(Closure))
#59 /Users/segunawotunde/Projects/cipher-learn-app/vendor/phpunit/phpunit/src/Framework/TestCase.php(1667): P\\Tests\\Feature\\Portal\\CertificateFlowTest->__pest_evaluable_it_reports_an_unknown_serial_as_not_verifiable()
#60 /Users/segunawotunde/Projects/cipher-learn-app/vendor/phpunit/phpunit/src/Framework/TestCase.php(519): PHPUnit\\Framework\\TestCase->runTest()
#61 /Users/segunawotunde/Projects/cipher-learn-app/vendor/phpunit/phpunit/src/Framework/TestRunner/TestRunner.php(87): PHPUnit\\Framework\\TestCase->runBare()
#62 /Users/segunawotunde/Projects/cipher-learn-app/vendor/phpunit/phpunit/src/Framework/TestCase.php(365): PHPUnit\\Framework\\TestRunner->run(Object(P\\Tests\\Feature\\Portal\\CertificateFlowTest))
#63 /Users/segunawotunde/Projects/cipher-learn-app/vendor/phpunit/phpunit/src/Framework/TestSuite.php(369): PHPUnit\\Framework\\TestCase->run()
#64 /Users/segunawotunde/Projects/cipher-learn-app/vendor/phpunit/phpunit/src/Framework/TestSuite.php(369): PHPUnit\\Framework\\TestSuite->run()
#65 /Users/segunawotunde/Projects/cipher-learn-app/vendor/phpunit/phpunit/src/Framework/TestSuite.php(369): PHPUnit\\Framework\\TestSuite->run()
#66 /Users/segunawotunde/Projects/cipher-learn-app/vendor/phpunit/phpunit/src/TextUI/TestRunner.php(64): PHPUnit\\Framework\\TestSuite->run()
#67 /Users/segunawotunde/Projects/cipher-learn-app/vendor/phpunit/phpunit/src/TextUI/Application.php(211): PHPUnit\\TextUI\\TestRunner->run(Object(PHPUnit\\TextUI\\Configuration\\Configuration), Object(PHPUnit\\Runner\\ResultCache\\DefaultResultCache), Object(PHPUnit\\Framework\\TestSuite))
#68 /Users/segunawotunde/Projects/cipher-learn-app/vendor/pestphp/pest/src/Kernel.php(103): PHPUnit\\TextUI\\Application->run(Array)
#69 /Users/segunawotunde/Projects/cipher-learn-app/vendor/pestphp/pest/bin/pest(184): Pest\\Kernel->handle(Array, Array)
#70 /Users/segunawotunde/Projects/cipher-learn-app/vendor/pestphp/pest/bin/pest(192): {closure}()
#71 /Users/segunawotunde/Projects/cipher-learn-app/vendor/bin/pest(119): include('/Users/segunawo...')
#72 {main}
"} 
[2026-08-23 10:07:00] testing.ERROR: No application encryption key has been specified. {"request_id":"86b5187e-3660-4307-b4fc-f3b348145880","exception":"[object] (Illuminate\\Encryption\\MissingAppKeyException(code: 0): No application encryption key has been specified. at /Users/segunawotunde/Projects/cipher-learn-app/vendor/laravel/framework/src/Illuminate/Encryption/EncryptionServiceProvider.php:83)
[stacktrace]
#0 /Users/segunawotunde/Projects/cipher-learn-app/vendor/laravel/framework/src/Illuminate/Support/helpers.php(393): Illuminate\\Encryption\\EncryptionServiceProvider->Illuminate\\Encryption\\{closure}(NULL)
#1 /Users/segunawotunde/Projects/cipher-learn-app/vendor/laravel/framework/src/Illuminate/Encryption/EncryptionServiceProvider.php(81): tap(NULL, Object(Closure))
#2 /Users/segunawotunde/Projects/cipher-learn-app/vendor/laravel/framework/src/Illuminate/Encryption/EncryptionServiceProvider.php(64): Illuminate\\Encryption\\EncryptionServiceProvider->key(Array)
#3 /Users/segunawotunde/Projects/cipher-learn-app/vendor/laravel/framework/src/Illuminate/Encryption/EncryptionServiceProvider.php(32): Illuminate\\Encryption\\EncryptionServiceProvider->parseKey(Array)
#4 /Users/segunawotunde/Projects/cipher-learn-app/vendor/laravel/framework/src/Illuminate/Container/Container.php(1115): Illuminate\\Encryption\\EncryptionServiceProvider->Illuminate\\Encryption\\{closure}(Object(Illuminate\\Foundation\\Application), Array)
#5 /Users/segunawotunde/Projects/cipher-learn-app/vendor/laravel/framework/src/Illuminate/Container/Container.php(933): Illuminate\\Container\\Container->build(Object(Closure))
#6 /Users/segunawotunde/Projects/cipher-learn-app/vendor/laravel/framework/src/Illuminate/Foundation/Application.php(1078): Illuminate\\Container\\Container->resolve('encrypter', Array, true)
#7 /Users/segunawotunde/Projects/cipher-learn-app/vendor/laravel/framework/src/Illuminate/Container/Container.php(864): Illuminate\\Foundation\\Application->resolve('encrypter', Array)
#8 /Users/segunawotunde/Projects/cipher-learn-app/vendor/laravel/framework/src/Illuminate/Foundation/Application.php(1058): Illuminate\\Container\\Container->make('encrypter', Array)
#9 /Users/segunawotunde/Projects/cipher-learn-app/vendor/laravel/framework/src/Illuminate/Container/Container.php(1336): Illuminate\\Foundation\\Application->make('encrypter')
#10 /Users/segunawotunde/Projects/cipher-learn-app/vendor/laravel/framework/src/Illuminate/Container/Container.php(1237): Illuminate\\Container\\Container->resolveClass(Object(ReflectionParameter), 'Illuminate\\\\Cont...')
#11 /Users/segunawotunde/Projects/cipher-learn-app/vendor/laravel/framework/src/Illuminate/Container/Container.php(1162): Illuminate\\Container\\Container->resolveDependencies(Array)
#12 /Users/segunawotunde/Projects/cipher-learn-app/vendor/laravel/framework/src/Illuminate/Container/Container.php(933): Illuminate\\Container\\Container->build('Illuminate\\\\Cook...')
#13 /Users/segunawotunde/Projects/cipher-learn-app/vendor/laravel/framework/src/Illuminate/Foundation/Application.php(1078): Illuminate\\Container\\Container->resolve('Illuminate\\\\Cook...', Array, true)
#14 /Users/segunawotunde/Projects/cipher-learn-app/vendor/laravel/framework/src/Illuminate/Container/Container.php(864): Illuminate\\Foundation\\Application->resolve('Illuminate\\\\Cook...', Array)
#15 /Users/segunawotunde/Projects/cipher-learn-app/vendor/laravel/framework/src/Illuminate/Foundation/Application.php(1058): Illuminate\\Container\\Container->make('Illuminate\\\\Cook...', Array)
#16 /Users/segunawotunde/Projects/cipher-learn-app/vendor/laravel/framework/src/Illuminate/Pipeline/Pipeline.php(208): Illuminate\\Foundation\\Application->make('Illuminate\\\\Cook...')
#17 /Users/segunawotunde/Projects/cipher-learn-app/vendor/laravel/framework/src/Illuminate/Pipeline/Pipeline.php(137): Illuminate\\Pipeline\\Pipeline->Illuminate\\Pipeline\\{closure}(Object(Illuminate\\Http\\Request))
#18 /Users/segunawotunde/Projects/cipher-learn-app/vendor/laravel/framework/src/Illuminate/Routing/Router.php(821): Illuminate\\Pipeline\\Pipeline->then(Object(Closure))
#19 /Users/segunawotunde/Projects/cipher-learn-app/vendor/laravel/framework/src/Illuminate/Routing/Router.php(800): Illuminate\\Routing\\Router->runRouteWithinStack(Object(Illuminate\\Routing\\Route), Object(Illuminate\\Http\\Request))
#20 /Users/segunawotunde/Projects/cipher-learn-app/vendor/laravel/framework/src/Illuminate/Routing/Router.php(764): Illuminate\\Routing\\Router->runRoute(Object(Illuminate\\Http\\Request), Object(Illuminate\\Routing\\Route))
#21 /Users/segunawotunde/Projects/cipher-learn-app/vendor/laravel/framework/src/Illuminate/Routing/Router.php(753): Illuminate\\Routing\\Router->dispatchToRoute(Object(Illuminate\\Http\\Request))
#22 /Users/segunawotunde/Projects/cipher-learn-app/vendor/laravel/framework/src/Illuminate/Foundation/Http/Kernel.php(200): Illuminate\\Routing\\Router->dispatch(Object(Illuminate\\Http\\Request))
#23 /Users/segunawotunde/Projects/cipher-learn-app/vendor/laravel/framework/src/Illuminate/Pipeline/Pipeline.php(180): Illuminate\\Foundation\\Http\\Kernel->Illuminate\\Foundation\\Http\\{closure}(Object(Illuminate\\Http\\Request))
#24 /Users/segunawotunde/Projects/cipher-learn-app/vendor/livewire/livewire/src/Features/SupportDisablingBackButtonCache/DisableBackButtonCacheMiddleware.php(19): Illuminate\\Pipeline\\Pipeline->Illuminate\\Pipeline\\{closure}(Object(Illuminate\\Http\\Request))
#25 /Users/segunawotunde/Projects/cipher-learn-app/vendor/laravel/framework/src/Illuminate/Pipeline/Pipeline.php(219): Livewire\\Features\\SupportDisablingBackButtonCache\\DisableBackButtonCacheMiddleware->handle(Object(Illuminate\\Http\\Request), Object(Closure))
#26 /Users/segunawotunde/Projects/cipher-learn-app/app/Http/Middleware/AssignRequestId.php(30): Illuminate\\Pipeline\\Pipeline->Illuminate\\Pipeline\\{closure}(Object(Illuminate\\Http\\Request))
#27 /Users/segunawotunde/Projects/cipher-learn-app/vendor/laravel/framework/src/Illuminate/Pipeline/Pipeline.php(219): App\\Http\\Middleware\\AssignRequestId->handle(Object(Illuminate\\Http\\Request), Object(Closure))
#28 /Users/segunawotunde/Projects/cipher-learn-app/vendor/laravel/framework/src/Illuminate/Foundation/Http/Middleware/TransformsRequest.php(21): Illuminate\\Pipeline\\Pipeline->Illuminate\\Pipeline\\{closure}(Object(Illuminate\\Http\\Request))
#29 /Users/segunawotunde/Projects/cipher-learn-app/vendor/laravel/framework/src/Illuminate/Foundation/Http/Middleware/ConvertEmptyStringsToNull.php(31): Illuminate\\Foundation\\Http\\Middleware\\TransformsRequest->handle(Object(Illuminate\\Http\\Request), Object(Closure))
#30 /Users/segunawotunde/Projects/cipher-learn-app/vendor/laravel/framework/src/Illuminate/Pipeline/Pipeline.php(219): Illuminate\\Foundation\\Http\\Middleware\\ConvertEmptyStringsToNull->handle(Object(Illuminate\\Http\\Request), Object(Closure))
#31 /Users/segunawotunde/Projects/cipher-learn-app/vendor/laravel/framework/src/Illuminate/Foundation/Http/Middleware/TransformsRequest.php(21): Illuminate\\Pipeline\\Pipeline->Illuminate\\Pipeline\\{closure}(Object(Illuminate\\Http\\Request))
#32 /Users/segunawotunde/Projects/cipher-learn-app/vendor/laravel/framework/src/Illuminate/Foundation/Http/Middleware/TrimStrings.php(51): Illuminate\\Foundation\\Http\\Middleware\\TransformsRequest->handle(Object(Illuminate\\Http\\Request), Object(Closure))
#33 /Users/segunawotunde/Projects/cipher-learn-app/vendor/laravel/framework/src/Illuminate/Pipeline/Pipeline.php(219): Illuminate\\Foundation\\Http\\Middleware\\TrimStrings->handle(Object(Illuminate\\Http\\Request), Object(Closure))
#34 /Users/segunawotunde/Projects/cipher-learn-app/vendor/laravel/framework/src/Illuminate/Http/Middleware/ValidatePostSize.php(27): Illuminate\\Pipeline\\Pipeline->Illuminate\\Pipeline\\{closure}(Object(Illuminate\\Http\\Request))
#35 /Users/segunawotunde/Projects/cipher-learn-app/vendor/laravel/framework/src/Illuminate/Pipeline/Pipeline.php(219): Illuminate\\Http\\Middleware\\ValidatePostSize->handle(Object(Illuminate\\Http\\Request), Object(Closure))
#36 /Users/segunawotunde/Projects/cipher-learn-app/vendor/laravel/framework/src/Illuminate/Foundation/Http/Middleware/PreventRequestsDuringMaintenance.php(109): Illuminate\\Pipeline\\Pipeline->Illuminate\\Pipeline\\{closure}(Object(Illuminate\\Http\\Request))
#37 /Users/segunawotunde/Projects/cipher-learn-app/vendor/laravel/framework/src/Illuminate/Pipeline/Pipeline.php(219): Illuminate\\Foundation\\Http\\Middleware\\PreventRequestsDuringMaintenance->handle(Object(Illuminate\\Http\\Request), Object(Closure))
#38 /Users/segunawotunde/Projects/cipher-learn-app/vendor/laravel/framework/src/Illuminate/Http/Middleware/HandleCors.php(61): Illuminate\\Pipeline\\Pipeline->Illuminate\\Pipeline\\{closure}(Object(Illuminate\\Http\\Request))
#39 /Users/segunawotunde/Projects/cipher-learn-app/vendor/laravel/framework/src/Illuminate/Pipeline/Pipeline.php(219): Illuminate\\Http\\Middleware\\HandleCors->handle(Object(Illuminate\\Http\\Request), Object(Closure))
#40 /Users/segunawotunde/Projects/cipher-learn-app/vendor/laravel/framework/src/Illuminate/Http/Middleware/TrustProxies.php(58): Illuminate\\Pipeline\\Pipeline->Illuminate\\Pipeline\\{closure}(Object(Illuminate\\Http\\Request))
#41 /Users/segunawotunde/Projects/cipher-learn-app/vendor/laravel/framework/src/Illuminate/Pipeline/Pipeline.php(219): Illuminate\\Http\\Middleware\\TrustProxies->handle(Object(Illuminate\\Http\\Request), Object(Closure))
#42 /Users/segunawotunde/Projects/cipher-learn-app/vendor/laravel/framework/src/Illuminate/Foundation/Http/Middleware/InvokeDeferredCallbacks.php(22): Illuminate\\Pipeline\\Pipeline->Illuminate\\Pipeline\\{closure}(Object(Illuminate\\Http\\Request))
#43 /Users/segunawotunde/Projects/cipher-learn-app/vendor/laravel/framework/src/Illuminate/Pipeline/Pipeline.php(219): Illuminate\\Foundation\\Http\\Middleware\\InvokeDeferredCallbacks->handle(Object(Illuminate\\Http\\Request), Object(Closure))
#44 /Users/segunawotunde/Projects/cipher-learn-app/vendor/laravel/framework/src/Illuminate/Http/Middleware/ValidatePathEncoding.php(26): Illuminate\\Pipeline\\Pipeline->Illuminate\\Pipeline\\{closure}(Object(Illuminate\\Http\\Request))
#45 /Users/segunawotunde/Projects/cipher-learn-app/vendor/laravel/framework/src/Illuminate/Pipeline/Pipeline.php(219): Illuminate\\Http\\Middleware\\ValidatePathEncoding->handle(Object(Illuminate\\Http\\Request), Object(Closure))
#46 /Users/segunawotunde/Projects/cipher-learn-app/vendor/laravel/framework/src/Illuminate/Pipeline/Pipeline.php(137): Illuminate\\Pipeline\\Pipeline->Illuminate\\Pipeline\\{closure}(Object(Illuminate\\Http\\Request))
#47 /Users/segunawotunde/Projects/cipher-learn-app/vendor/laravel/framework/src/Illuminate/Foundation/Http/Kernel.php(175): Illuminate\\Pipeline\\Pipeline->then(Object(Closure))
#48 /Users/segunawotunde/Projects/cipher-learn-app/vendor/laravel/framework/src/Illuminate/Foundation/Http/Kernel.php(144): Illuminate\\Foundation\\Http\\Kernel->sendRequestThroughRouter(Object(Illuminate\\Http\\Request))
#49 /Users/segunawotunde/Projects/cipher-learn-app/vendor/laravel/framework/src/Illuminate/Foundation/Testing/Concerns/MakesHttpRequests.php(607): Illuminate\\Foundation\\Http\\Kernel->handle(Object(Illuminate\\Http\\Request))
#50 /Users/segunawotunde/Projects/cipher-learn-app/vendor/laravel/framework/src/Illuminate/Foundation/Testing/Concerns/MakesHttpRequests.php(368): Illuminate\\Foundation\\Testing\\TestCase->call('GET', 'http://localhos...', Array, Array, Array, Array)
#51 /Users/segunawotunde/Projects/cipher-learn-app/tests/Feature/Portal/CourseTest.php(55): Illuminate\\Foundation\\Testing\\TestCase->get('http://localhos...')
#52 /Users/segunawotunde/Projects/cipher-learn-app/vendor/pestphp/pest/src/Factories/TestCaseMethodFactory.php(171): P\\Tests\\Feature\\Portal\\CourseTest->{closure}()
#53 [internal function]: P\\Tests\\Feature\\Portal\\CourseTest->Pest\\Factories\\{closure}()
#54 /Users/segunawotunde/Projects/cipher-learn-app/vendor/pestphp/pest/src/Concerns/Testable.php(419): call_user_func_array(Object(Closure), Array)
#55 /Users/segunawotunde/Projects/cipher-learn-app/vendor/pestphp/pest/src/Support/ExceptionTrace.php(26): P\\Tests\\Feature\\Portal\\CourseTest->Pest\\Concerns\\{closure}()
#56 /Users/segunawotunde/Projects/cipher-learn-app/vendor/pestphp/pest/src/Concerns/Testable.php(419): Pest\\Support\\ExceptionTrace::ensure(Object(Closure))
#57 /Users/segunawotunde/Projects/cipher-learn-app/vendor/pestphp/pest/src/Concerns/Testable.php(321): P\\Tests\\Feature\\Portal\\CourseTest->__callClosure(Object(Closure), Array)
#58 /Users/segunawotunde/Projects/cipher-learn-app/vendor/pestphp/pest/src/Factories/TestCaseFactory.php(173) : eval()'d code(17): P\\Tests\\Feature\\Portal\\CourseTest->__runTest(Object(Closure))
#59 /Users/segunawotunde/Projects/cipher-learn-app/vendor/phpunit/phpunit/src/Framework/TestCase.php(1667): P\\Tests\\Feature\\Portal\\CourseTest->__pest_evaluable_it_requires_authentication()
#60 /Users/segunawotunde/Projects/cipher-learn-app/vendor/phpunit/phpunit/src/Framework/TestCase.php(519): PHPUnit\\Framework\\TestCase->runTest()
#61 /Users/segunawotunde/Projects/cipher-learn-app/vendor/phpunit/phpunit/src/Framework/TestRunner/TestRunner.php(87): PHPUnit\\Framework\\TestCase->runBare()
#62 /Users/segunawotunde/Projects/cipher-learn-app/vendor/phpunit/phpunit/src/Framework/TestCase.php(365): PHPUnit\\Framework\\TestRunner->run(Object(P\\Tests\\Feature\\Portal\\CourseTest))
#63 /Users/segunawotunde/Projects/cipher-learn-app/vendor/phpunit/phpunit/src/Framework/TestSuite.php(369): PHPUnit\\Framework\\TestCase->run()
#64 /Users/segunawotunde/Projects/cipher-learn-app/vendor/phpunit/phpunit/src/Framework/TestSuite.php(369): PHPUnit\\Framework\\TestSuite->run()
#65 /Users/segunawotunde/Projects/cipher-learn-app/vendor/phpunit/phpunit/src/Framework/TestSuite.php(369): PHPUnit\\Framework\\TestSuite->run()
#66 /Users/segunawotunde/Projects/cipher-learn-app/vendor/phpunit/phpunit/src/TextUI/TestRunner.php(64): PHPUnit\\Framework\\TestSuite->run()
#67 /Users/segunawotunde/Projects/cipher-learn-app/vendor/phpunit/phpunit/src/TextUI/Application.php(211): PHPUnit\\TextUI\\TestRunner->run(Object(PHPUnit\\TextUI\\Configuration\\Configuration), Object(PHPUnit\\Runner\\ResultCache\\DefaultResultCache), Object(PHPUnit\\Framework\\TestSuite))
#68 /Users/segunawotunde/Projects/cipher-learn-app/vendor/pestphp/pest/src/Kernel.php(103): PHPUnit\\TextUI\\Application->run(Array)
#69 /Users/segunawotunde/Projects/cipher-learn-app/vendor/pestphp/pest/bin/pest(184): Pest\\Kernel->handle(Array, Array)
#70 /Users/segunawotunde/Projects/cipher-learn-app/vendor/pestphp/pest/bin/pest(192): {closure}()
#71 /Users/segunawotunde/Projects/cipher-learn-app/vendor/bin/pest(119): include('/Users/segunawo...')
#72 {main}
"} 
[2026-08-23 10:07:01] testing.ERROR: No application encryption key has been specified. {"request_id":"a4a21d90-8957-4551-88c8-f1414991eeb5","userId":"01m0q1czccv64v1vywdtwt8fyy","exception":"[object] (Illuminate\\Encryption\\MissingAppKeyException(code: 0): No application encryption key has been specified. at /Users/segunawotunde/Projects/cipher-learn-app/vendor/laravel/framework/src/Illuminate/Encryption/EncryptionServiceProvider.php:83)
[stacktrace]
#0 /Users/segunawotunde/Projects/cipher-learn-app/vendor/laravel/framework/src/Illuminate/Support/helpers.php(393): Illuminate\\Encryption\\EncryptionServiceProvider->Illuminate\\Encryption\\{closure}(NULL)
#1 /Users/segunawotunde/Projects/cipher-learn-app/vendor/laravel/framework/src/Illuminate/Encryption/EncryptionServiceProvider.php(81): tap(NULL, Object(Closure))
#2 /Users/segunawotunde/Projects/cipher-learn-app/vendor/laravel/framework/src/Illuminate/Encryption/EncryptionServiceProvider.php(64): Illuminate\\Encryption\\EncryptionServiceProvider->key(Array)
#3 /Users/segunawotunde/Projects/cipher-learn-app/vendor/laravel/framework/src/Illuminate/Encryption/EncryptionServiceProvider.php(32): Illuminate\\Encryption\\EncryptionServiceProvider->parseKey(Array)
#4 /Users/segunawotunde/Projects/cipher-learn-app/vendor/laravel/framework/src/Illuminate/Container/Container.php(1115): Illuminate\\Encryption\\EncryptionServiceProvider->Illuminate\\Encryption\\{closure}(Object(Illuminate\\Foundation\\Application), Array)
#5 /Users/segunawotunde/Projects/cipher-learn-app/vendor/laravel/framework/src/Illuminate/Container/Container.php(933): Illuminate\\Container\\Container->build(Object(Closure))
#6 /Users/segunawotunde/Projects/cipher-learn-app/vendor/laravel/framework/src/Illuminate/Foundation/Application.php(1078): Illuminate\\Container\\Container->resolve('encrypter', Array, true)
#7 /Users/segunawotunde/Projects/cipher-learn-app/vendor/laravel/framework/src/Illuminate/Container/Container.php(864): Illuminate\\Foundation\\Application->resolve('encrypter', Array)
#8 /Users/segunawotunde/Projects/cipher-learn-app/vendor/laravel/framework/src/Illuminate/Foundation/Application.php(1058): Illuminate\\Container\\Container->make('encrypter', Array)
#9 /Users/segunawotunde/Projects/cipher-learn-app/vendor/laravel/framework/src/Illuminate/Container/Container.php(1336): Illuminate\\Foundation\\Application->make('encrypter')
#10 /Users/segunawotunde/Projects/cipher-learn-app/vendor/laravel/framework/src/Illuminate/Container/Container.php(1237): Illuminate\\Container\\Container->resolveClass(Object(ReflectionParameter), 'Illuminate\\\\Cont...')
#11 /Users/segunawotunde/Projects/cipher-learn-app/vendor/laravel/framework/src/Illuminate/Container/Container.php(1162): Illuminate\\Container\\Container->resolveDependencies(Array)
#12 /Users/segunawotunde/Projects/cipher-learn-app/vendor/laravel/framework/src/Illuminate/Container/Container.php(933): Illuminate\\Container\\Container->build('Illuminate\\\\Cook...')
#13 /Users/segunawotunde/Projects/cipher-learn-app/vendor/laravel/framework/src/Illuminate/Foundation/Application.php(1078): Illuminate\\Container\\Container->resolve('Illuminate\\\\Cook...', Array, true)
#14 /Users/segunawotunde/Projects/cipher-learn-app/vendor/laravel/framework/src/Illuminate/Container/Container.php(864): Illuminate\\Foundation\\Application->resolve('Illuminate\\\\Cook...', Array)
#15 /Users/segunawotunde/Projects/cipher-learn-app/vendor/laravel/framework/src/Illuminate/Foundation/Application.php(1058): Illuminate\\Container\\Container->make('Illuminate\\\\Cook...', Array)
#16 /Users/segunawotunde/Projects/cipher-learn-app/vendor/laravel/framework/src/Illuminate/Pipeline/Pipeline.php(208): Illuminate\\Foundation\\Application->make('Illuminate\\\\Cook...')
#17 /Users/segunawotunde/Projects/cipher-learn-app/vendor/laravel/framework/src/Illuminate/Pipeline/Pipeline.php(137): Illuminate\\Pipeline\\Pipeline->Illuminate\\Pipeline\\{closure}(Object(Illuminate\\Http\\Request))
#18 /Users/segunawotunde/Projects/cipher-learn-app/vendor/laravel/framework/src/Illuminate/Routing/Router.php(821): Illuminate\\Pipeline\\Pipeline->then(Object(Closure))
#19 /Users/segunawotunde/Projects/cipher-learn-app/vendor/laravel/framework/src/Illuminate/Routing/Router.php(800): Illuminate\\Routing\\Router->runRouteWithinStack(Object(Illuminate\\Routing\\Route), Object(Illuminate\\Http\\Request))
#20 /Users/segunawotunde/Projects/cipher-learn-app/vendor/laravel/framework/src/Illuminate/Routing/Router.php(764): Illuminate\\Routing\\Router->runRoute(Object(Illuminate\\Http\\Request), Object(Illuminate\\Routing\\Route))
#21 /Users/segunawotunde/Projects/cipher-learn-app/vendor/laravel/framework/src/Illuminate/Routing/Router.php(753): Illuminate\\Routing\\Router->dispatchToRoute(Object(Illuminate\\Http\\Request))
#22 /Users/segunawotunde/Projects/cipher-learn-app/vendor/laravel/framework/src/Illuminate/Foundation/Http/Kernel.php(200): Illuminate\\Routing\\Router->dispatch(Object(Illuminate\\Http\\Request))
#23 /Users/segunawotunde/Projects/cipher-learn-app/vendor/laravel/framework/src/Illuminate/Pipeline/Pipeline.php(180): Illuminate\\Foundation\\Http\\Kernel->Illuminate\\Foundation\\Http\\{closure}(Object(Illuminate\\Http\\Request))
#24 /Users/segunawotunde/Projects/cipher-learn-app/vendor/livewire/livewire/src/Features/SupportDisablingBackButtonCache/DisableBackButtonCacheMiddleware.php(19): Illuminate\\Pipeline\\Pipeline->Illuminate\\Pipeline\\{closure}(Object(Illuminate\\Http\\Request))
#25 /Users/segunawotunde/Projects/cipher-learn-app/vendor/laravel/framework/src/Illuminate/Pipeline/Pipeline.php(219): Livewire\\Features\\SupportDisablingBackButtonCache\\DisableBackButtonCacheMiddleware->handle(Object(Illuminate\\Http\\Request), Object(Closure))
#26 /Users/segunawotunde/Projects/cipher-learn-app/app/Http/Middleware/AssignRequestId.php(30): Illuminate\\Pipeline\\Pipeline->Illuminate\\Pipeline\\{closure}(Object(Illuminate\\Http\\Request))
#27 /Users/segunawotunde/Projects/cipher-learn-app/vendor/laravel/framework/src/Illuminate/Pipeline/Pipeline.php(219): App\\Http\\Middleware\\AssignRequestId->handle(Object(Illuminate\\Http\\Request), Object(Closure))
#28 /Users/segunawotunde/Projects/cipher-learn-app/vendor/laravel/framework/src/Illuminate/Foundation/Http/Middleware/TransformsRequest.php(21): Illuminate\\Pipeline\\Pipeline->Illuminate\\Pipeline\\{closure}(Object(Illuminate\\Http\\Request))
#29 /Users/segunawotunde/Projects/cipher-learn-app/vendor/laravel/framework/src/Illuminate/Foundation/Http/Middleware/ConvertEmptyStringsToNull.php(31): Illuminate\\Foundation\\Http\\Middleware\\TransformsRequest->handle(Object(Illuminate\\Http\\Request), Object(Closure))
#30 /Users/segunawotunde/Projects/cipher-learn-app/vendor/laravel/framework/src/Illuminate/Pipeline/Pipeline.php(219): Illuminate\\Foundation\\Http\\Middleware\\ConvertEmptyStringsToNull->handle(Object(Illuminate\\Http\\Request), Object(Closure))
#31 /Users/segunawotunde/Projects/cipher-learn-app/vendor/laravel/framework/src/Illuminate/Foundation/Http/Middleware/TransformsRequest.php(21): Illuminate\\Pipeline\\Pipeline->Illuminate\\Pipeline\\{closure}(Object(Illuminate\\Http\\Request))
#32 /Users/segunawotunde/Projects/cipher-learn-app/vendor/laravel/framework/src/Illuminate/Foundation/Http/Middleware/TrimStrings.php(51): Illuminate\\Foundation\\Http\\Middleware\\TransformsRequest->handle(Object(Illuminate\\Http\\Request), Object(Closure))
#33 /Users/segunawotunde/Projects/cipher-learn-app/vendor/laravel/framework/src/Illuminate/Pipeline/Pipeline.php(219): Illuminate\\Foundation\\Http\\Middleware\\TrimStrings->handle(Object(Illuminate\\Http\\Request), Object(Closure))
#34 /Users/segunawotunde/Projects/cipher-learn-app/vendor/laravel/framework/src/Illuminate/Http/Middleware/ValidatePostSize.php(27): Illuminate\\Pipeline\\Pipeline->Illuminate\\Pipeline\\{closure}(Object(Illuminate\\Http\\Request))
#35 /Users/segunawotunde/Projects/cipher-learn-app/vendor/laravel/framework/src/Illuminate/Pipeline/Pipeline.php(219): Illuminate\\Http\\Middleware\\ValidatePostSize->handle(Object(Illuminate\\Http\\Request), Object(Closure))
#36 /Users/segunawotunde/Projects/cipher-learn-app/vendor/laravel/framework/src/Illuminate/Foundation/Http/Middleware/PreventRequestsDuringMaintenance.php(109): Illuminate\\Pipeline\\Pipeline->Illuminate\\Pipeline\\{closure}(Object(Illuminate\\Http\\Request))
#37 /Users/segunawotunde/Projects/cipher-learn-app/vendor/laravel/framework/src/Illuminate/Pipeline/Pipeline.php(219): Illuminate\\Foundation\\Http\\Middleware\\PreventRequestsDuringMaintenance->handle(Object(Illuminate\\Http\\Request), Object(Closure))
#38 /Users/segunawotunde/Projects/cipher-learn-app/vendor/laravel/framework/src/Illuminate/Http/Middleware/HandleCors.php(61): Illuminate\\Pipeline\\Pipeline->Illuminate\\Pipeline\\{closure}(Object(Illuminate\\Http\\Request))
#39 /Users/segunawotunde/Projects/cipher-learn-app/vendor/laravel/framework/src/Illuminate/Pipeline/Pipeline.php(219): Illuminate\\Http\\Middleware\\HandleCors->handle(Object(Illuminate\\Http\\Request), Object(Closure))
#40 /Users/segunawotunde/Projects/cipher-learn-app/vendor/laravel/framework/src/Illuminate/Http/Middleware/TrustProxies.php(58): Illuminate\\Pipeline\\Pipeline->Illuminate\\Pipeline\\{closure}(Object(Illuminate\\Http\\Request))
#41 /Users/segunawotunde/Projects/cipher-learn-app/vendor/laravel/framework/src/Illuminate/Pipeline/Pipeline.php(219): Illuminate\\Http\\Middleware\\TrustProxies->handle(Object(Illuminate\\Http\\Request), Object(Closure))
#42 /Users/segunawotunde/Projects/cipher-learn-app/vendor/laravel/framework/src/Illuminate/Foundation/Http/Middleware/InvokeDeferredCallbacks.php(22): Illuminate\\Pipeline\\Pipeline->Illuminate\\Pipeline\\{closure}(Object(Illuminate\\Http\\Request))
#43 /Users/segunawotunde/Projects/cipher-learn-app/vendor/laravel/framework/src/Illuminate/Pipeline/Pipeline.php(219): Illuminate\\Foundation\\Http\\Middleware\\InvokeDeferredCallbacks->handle(Object(Illuminate\\Http\\Request), Object(Closure))
#44 /Users/segunawotunde/Projects/cipher-learn-app/vendor/laravel/framework/src/Illuminate/Http/Middleware/ValidatePathEncoding.php(26): Illuminate\\Pipeline\\Pipeline->Illuminate\\Pipeline\\{closure}(Object(Illuminate\\Http\\Request))
#45 /Users/segunawotunde/Projects/cipher-learn-app/vendor/laravel/framework/src/Illuminate/Pipeline/Pipeline.php(219): Illuminate\\Http\\Middleware\\ValidatePathEncoding->handle(Object(Illuminate\\Http\\Request), Object(Closure))
#46 /Users/segunawotunde/Projects/cipher-learn-app/vendor/laravel/framework/src/Illuminate/Pipeline/Pipeline.php(137): Illuminate\\Pipeline\\Pipeline->Illuminate\\Pipeline\\{closure}(Object(Illuminate\\Http\\Request))
#47 /Users/segunawotunde/Projects/cipher-learn-app/vendor/laravel/framework/src/Illuminate/Foundation/Http/Kernel.php(175): Illuminate\\Pipeline\\Pipeline->then(Object(Closure))
#48 /Users/segunawotunde/Projects/cipher-learn-app/vendor/laravel/framework/src/Illuminate/Foundation/Http/Kernel.php(144): Illuminate\\Foundation\\Http\\Kernel->sendRequestThroughRouter(Object(Illuminate\\Http\\Request))
#49 /Users/segunawotunde/Projects/cipher-learn-app/vendor/laravel/framework/src/Illuminate/Foundation/Testing/Concerns/MakesHttpRequests.php(607): Illuminate\\Foundation\\Http\\Kernel->handle(Object(Illuminate\\Http\\Request))
#50 /Users/segunawotunde/Projects/cipher-learn-app/vendor/laravel/framework/src/Illuminate/Foundation/Testing/Concerns/MakesHttpRequests.php(368): Illuminate\\Foundation\\Testing\\TestCase->call('GET', 'http://localhos...', Array, Array, Array, Array)
#51 /Users/segunawotunde/Projects/cipher-learn-app/tests/Feature/Portal/CourseTest.php(113): Illuminate\\Foundation\\Testing\\TestCase->get('http://localhos...')
#52 /Users/segunawotunde/Projects/cipher-learn-app/vendor/pestphp/pest/src/Factories/TestCaseMethodFactory.php(171): P\\Tests\\Feature\\Portal\\CourseTest->{closure}()
#53 [internal function]: P\\Tests\\Feature\\Portal\\CourseTest->Pest\\Factories\\{closure}()
#54 /Users/segunawotunde/Projects/cipher-learn-app/vendor/pestphp/pest/src/Concerns/Testable.php(419): call_user_func_array(Object(Closure), Array)
#55 /Users/segunawotunde/Projects/cipher-learn-app/vendor/pestphp/pest/src/Support/ExceptionTrace.php(26): P\\Tests\\Feature\\Portal\\CourseTest->Pest\\Concerns\\{closure}()
#56 /Users/segunawotunde/Projects/cipher-learn-app/vendor/pestphp/pest/src/Concerns/Testable.php(419): Pest\\Support\\ExceptionTrace::ensure(Object(Closure))
#57 /Users/segunawotunde/Projects/cipher-learn-app/vendor/pestphp/pest/src/Concerns/Testable.php(321): P\\Tests\\Feature\\Portal\\CourseTest->__callClosure(Object(Closure), Array)
#58 /Users/segunawotunde/Projects/cipher-learn-app/vendor/pestphp/pest/src/Factories/TestCaseFactory.php(173) : eval()'d code(53): P\\Tests\\Feature\\Portal\\CourseTest->__runTest(Object(Closure))
#59 /Users/segunawotunde/Projects/cipher-learn-app/vendor/phpunit/phpunit/src/Framework/TestCase.php(1667): P\\Tests\\Feature\\Portal\\CourseTest->__pest_evaluable_it_404s_on_another_employee_s_enrolment()
#60 /Users/segunawotunde/Projects/cipher-learn-app/vendor/phpunit/phpunit/src/Framework/TestCase.php(519): PHPUnit\\Framework\\TestCase->runTest()
#61 /Users/segunawotunde/Projects/cipher-learn-app/vendor/phpunit/phpunit/src/Framework/TestRunner/TestRunner.php(87): PHPUnit\\Framework\\TestCase->runBare()
#62 /Users/segunawotunde/Projects/cipher-learn-app/vendor/phpunit/phpunit/src/Framework/TestCase.php(365): PHPUnit\\Framework\\TestRunner->run(Object(P\\Tests\\Feature\\Portal\\CourseTest))
#63 /Users/segunawotunde/Projects/cipher-learn-app/vendor/phpunit/phpunit/src/Framework/TestSuite.php(369): PHPUnit\\Framework\\TestCase->run()
#64 /Users/segunawotunde/Projects/cipher-learn-app/vendor/phpunit/phpunit/src/Framework/TestSuite.php(369): PHPUnit\\Framework\\TestSuite->run()
#65 /Users/segunawotunde/Projects/cipher-learn-app/vendor/phpunit/phpunit/src/Framework/TestSuite.php(369): PHPUnit\\Framework\\TestSuite->run()
#66 /Users/segunawotunde/Projects/cipher-learn-app/vendor/phpunit/phpunit/src/TextUI/TestRunner.php(64): PHPUnit\\Framework\\TestSuite->run()
#67 /Users/segunawotunde/Projects/cipher-learn-app/vendor/phpunit/phpunit/src/TextUI/Application.php(211): PHPUnit\\TextUI\\TestRunner->run(Object(PHPUnit\\TextUI\\Configuration\\Configuration), Object(PHPUnit\\Runner\\ResultCache\\DefaultResultCache), Object(PHPUnit\\Framework\\TestSuite))
#68 /Users/segunawotunde/Projects/cipher-learn-app/vendor/pestphp/pest/src/Kernel.php(103): PHPUnit\\TextUI\\Application->run(Array)
#69 /Users/segunawotunde/Projects/cipher-learn-app/vendor/pestphp/pest/bin/pest(184): Pest\\Kernel->handle(Array, Array)
#70 /Users/segunawotunde/Projects/cipher-learn-app/vendor/pestphp/pest/bin/pest(192): {closure}()
#71 /Users/segunawotunde/Projects/cipher-learn-app/vendor/bin/pest(119): include('/Users/segunawo...')
#72 {main}
"} 
[2026-08-23 10:07:01] testing.ERROR: No application encryption key has been specified. {"request_id":"b7bc7e0f-1dab-40be-bd0b-abbff57966b8","userId":"01m0q1czd72p140sxqmrf758w4","exception":"[object] (Illuminate\\Encryption\\MissingAppKeyException(code: 0): No application encryption key has been specified. at /Users/segunawotunde/Projects/cipher-learn-app/vendor/laravel/framework/src/Illuminate/Encryption/EncryptionServiceProvider.php:83)
[stacktrace]
#0 /Users/segunawotunde/Projects/cipher-learn-app/vendor/laravel/framework/src/Illuminate/Support/helpers.php(393): Illuminate\\Encryption\\EncryptionServiceProvider->Illuminate\\Encryption\\{closure}(NULL)
#1 /Users/segunawotunde/Projects/cipher-learn-app/vendor/laravel/framework/src/Illuminate/Encryption/EncryptionServiceProvider.php(81): tap(NULL, Object(Closure))
#2 /Users/segunawotunde/Projects/cipher-learn-app/vendor/laravel/framework/src/Illuminate/Encryption/EncryptionServiceProvider.php(64): Illuminate\\Encryption\\EncryptionServiceProvider->key(Array)
#3 /Users/segunawotunde/Projects/cipher-learn-app/vendor/laravel/framework/src/Illuminate/Encryption/EncryptionServiceProvider.php(32): Illuminate\\Encryption\\EncryptionServiceProvider->parseKey(Array)
#4 /Users/segunawotunde/Projects/cipher-learn-app/vendor/laravel/framework/src/Illuminate/Container/Container.php(1115): Illuminate\\Encryption\\EncryptionServiceProvider->Illuminate\\Encryption\\{closure}(Object(Illuminate\\Foundation\\Application), Array)
#5 /Users/segunawotunde/Projects/cipher-learn-app/vendor/laravel/framework/src/Illuminate/Container/Container.php(933): Illuminate\\Container\\Container->build(Object(Closure))
#6 /Users/segunawotunde/Projects/cipher-learn-app/vendor/laravel/framework/src/Illuminate/Foundation/Application.php(1078): Illuminate\\Container\\Container->resolve('encrypter', Array, true)
#7 /Users/segunawotunde/Projects/cipher-learn-app/vendor/laravel/framework/src/Illuminate/Container/Container.php(864): Illuminate\\Foundation\\Application->resolve('encrypter', Array)
#8 /Users/segunawotunde/Projects/cipher-learn-app/vendor/laravel/framework/src/Illuminate/Foundation/Application.php(1058): Illuminate\\Container\\Container->make('encrypter', Array)
#9 /Users/segunawotunde/Projects/cipher-learn-app/vendor/laravel/framework/src/Illuminate/Container/Container.php(1336): Illuminate\\Foundation\\Application->make('encrypter')
#10 /Users/segunawotunde/Projects/cipher-learn-app/vendor/laravel/framework/src/Illuminate/Container/Container.php(1237): Illuminate\\Container\\Container->resolveClass(Object(ReflectionParameter), 'Illuminate\\\\Cont...')
#11 /Users/segunawotunde/Projects/cipher-learn-app/vendor/laravel/framework/src/Illuminate/Container/Container.php(1162): Illuminate\\Container\\Container->resolveDependencies(Array)
#12 /Users/segunawotunde/Projects/cipher-learn-app/vendor/laravel/framework/src/Illuminate/Container/Container.php(933): Illuminate\\Container\\Container->build('Illuminate\\\\Cook...')
#13 /Users/segunawotunde/Projects/cipher-learn-app/vendor/laravel/framework/src/Illuminate/Foundation/Application.php(1078): Illuminate\\Container\\Container->resolve('Illuminate\\\\Cook...', Array, true)
#14 /Users/segunawotunde/Projects/cipher-learn-app/vendor/laravel/framework/src/Illuminate/Container/Container.php(864): Illuminate\\Foundation\\Application->resolve('Illuminate\\\\Cook...', Array)
#15 /Users/segunawotunde/Projects/cipher-learn-app/vendor/laravel/framework/src/Illuminate/Foundation/Application.php(1058): Illuminate\\Container\\Container->make('Illuminate\\\\Cook...', Array)
#16 /Users/segunawotunde/Projects/cipher-learn-app/vendor/laravel/framework/src/Illuminate/Pipeline/Pipeline.php(208): Illuminate\\Foundation\\Application->make('Illuminate\\\\Cook...')
#17 /Users/segunawotunde/Projects/cipher-learn-app/vendor/laravel/framework/src/Illuminate/Pipeline/Pipeline.php(137): Illuminate\\Pipeline\\Pipeline->Illuminate\\Pipeline\\{closure}(Object(Illuminate\\Http\\Request))
#18 /Users/segunawotunde/Projects/cipher-learn-app/vendor/laravel/framework/src/Illuminate/Routing/Router.php(821): Illuminate\\Pipeline\\Pipeline->then(Object(Closure))
#19 /Users/segunawotunde/Projects/cipher-learn-app/vendor/laravel/framework/src/Illuminate/Routing/Router.php(800): Illuminate\\Routing\\Router->runRouteWithinStack(Object(Illuminate\\Routing\\Route), Object(Illuminate\\Http\\Request))
#20 /Users/segunawotunde/Projects/cipher-learn-app/vendor/laravel/framework/src/Illuminate/Routing/Router.php(764): Illuminate\\Routing\\Router->runRoute(Object(Illuminate\\Http\\Request), Object(Illuminate\\Routing\\Route))
#21 /Users/segunawotunde/Projects/cipher-learn-app/vendor/laravel/framework/src/Illuminate/Routing/Router.php(753): Illuminate\\Routing\\Router->dispatchToRoute(Object(Illuminate\\Http\\Request))
#22 /Users/segunawotunde/Projects/cipher-learn-app/vendor/laravel/framework/src/Illuminate/Foundation/Http/Kernel.php(200): Illuminate\\Routing\\Router->dispatch(Object(Illuminate\\Http\\Request))
#23 /Users/segunawotunde/Projects/cipher-learn-app/vendor/laravel/framework/src/Illuminate/Pipeline/Pipeline.php(180): Illuminate\\Foundation\\Http\\Kernel->Illuminate\\Foundation\\Http\\{closure}(Object(Illuminate\\Http\\Request))
#24 /Users/segunawotunde/Projects/cipher-learn-app/vendor/livewire/livewire/src/Features/SupportDisablingBackButtonCache/DisableBackButtonCacheMiddleware.php(19): Illuminate\\Pipeline\\Pipeline->Illuminate\\Pipeline\\{closure}(Object(Illuminate\\Http\\Request))
#25 /Users/segunawotunde/Projects/cipher-learn-app/vendor/laravel/framework/src/Illuminate/Pipeline/Pipeline.php(219): Livewire\\Features\\SupportDisablingBackButtonCache\\DisableBackButtonCacheMiddleware->handle(Object(Illuminate\\Http\\Request), Object(Closure))
#26 /Users/segunawotunde/Projects/cipher-learn-app/app/Http/Middleware/AssignRequestId.php(30): Illuminate\\Pipeline\\Pipeline->Illuminate\\Pipeline\\{closure}(Object(Illuminate\\Http\\Request))
#27 /Users/segunawotunde/Projects/cipher-learn-app/vendor/laravel/framework/src/Illuminate/Pipeline/Pipeline.php(219): App\\Http\\Middleware\\AssignRequestId->handle(Object(Illuminate\\Http\\Request), Object(Closure))
#28 /Users/segunawotunde/Projects/cipher-learn-app/vendor/laravel/framework/src/Illuminate/Foundation/Http/Middleware/TransformsRequest.php(21): Illuminate\\Pipeline\\Pipeline->Illuminate\\Pipeline\\{closure}(Object(Illuminate\\Http\\Request))
#29 /Users/segunawotunde/Projects/cipher-learn-app/vendor/laravel/framework/src/Illuminate/Foundation/Http/Middleware/ConvertEmptyStringsToNull.php(31): Illuminate\\Foundation\\Http\\Middleware\\TransformsRequest->handle(Object(Illuminate\\Http\\Request), Object(Closure))
#30 /Users/segunawotunde/Projects/cipher-learn-app/vendor/laravel/framework/src/Illuminate/Pipeline/Pipeline.php(219): Illuminate\\Foundation\\Http\\Middleware\\ConvertEmptyStringsToNull->handle(Object(Illuminate\\Http\\Request), Object(Closure))
#31 /Users/segunawotunde/Projects/cipher-learn-app/vendor/laravel/framework/src/Illuminate/Foundation/Http/Middleware/TransformsRequest.php(21): Illuminate\\Pipeline\\Pipeline->Illuminate\\Pipeline\\{closure}(Object(Illuminate\\Http\\Request))
#32 /Users/segunawotunde/Projects/cipher-learn-app/vendor/laravel/framework/src/Illuminate/Foundation/Http/Middleware/TrimStrings.php(51): Illuminate\\Foundation\\Http\\Middleware\\TransformsRequest->handle(Object(Illuminate\\Http\\Request), Object(Closure))
#33 /Users/segunawotunde/Projects/cipher-learn-app/vendor/laravel/framework/src/Illuminate/Pipeline/Pipeline.php(219): Illuminate\\Foundation\\Http\\Middleware\\TrimStrings->handle(Object(Illuminate\\Http\\Request), Object(Closure))
#34 /Users/segunawotunde/Projects/cipher-learn-app/vendor/laravel/framework/src/Illuminate/Http/Middleware/ValidatePostSize.php(27): Illuminate\\Pipeline\\Pipeline->Illuminate\\Pipeline\\{closure}(Object(Illuminate\\Http\\Request))
#35 /Users/segunawotunde/Projects/cipher-learn-app/vendor/laravel/framework/src/Illuminate/Pipeline/Pipeline.php(219): Illuminate\\Http\\Middleware\\ValidatePostSize->handle(Object(Illuminate\\Http\\Request), Object(Closure))
#36 /Users/segunawotunde/Projects/cipher-learn-app/vendor/laravel/framework/src/Illuminate/Foundation/Http/Middleware/PreventRequestsDuringMaintenance.php(109): Illuminate\\Pipeline\\Pipeline->Illuminate\\Pipeline\\{closure}(Object(Illuminate\\Http\\Request))
#37 /Users/segunawotunde/Projects/cipher-learn-app/vendor/laravel/framework/src/Illuminate/Pipeline/Pipeline.php(219): Illuminate\\Foundation\\Http\\Middleware\\PreventRequestsDuringMaintenance->handle(Object(Illuminate\\Http\\Request), Object(Closure))
#38 /Users/segunawotunde/Projects/cipher-learn-app/vendor/laravel/framework/src/Illuminate/Http/Middleware/HandleCors.php(61): Illuminate\\Pipeline\\Pipeline->Illuminate\\Pipeline\\{closure}(Object(Illuminate\\Http\\Request))
#39 /Users/segunawotunde/Projects/cipher-learn-app/vendor/laravel/framework/src/Illuminate/Pipeline/Pipeline.php(219): Illuminate\\Http\\Middleware\\HandleCors->handle(Object(Illuminate\\Http\\Request), Object(Closure))
#40 /Users/segunawotunde/Projects/cipher-learn-app/vendor/laravel/framework/src/Illuminate/Http/Middleware/TrustProxies.php(58): Illuminate\\Pipeline\\Pipeline->Illuminate\\Pipeline\\{closure}(Object(Illuminate\\Http\\Request))
#41 /Users/segunawotunde/Projects/cipher-learn-app/vendor/laravel/framework/src/Illuminate/Pipeline/Pipeline.php(219): Illuminate\\Http\\Middleware\\TrustProxies->handle(Object(Illuminate\\Http\\Request), Object(Closure))
#42 /Users/segunawotunde/Projects/cipher-learn-app/vendor/laravel/framework/src/Illuminate/Foundation/Http/Middleware/InvokeDeferredCallbacks.php(22): Illuminate\\Pipeline\\Pipeline->Illuminate\\Pipeline\\{closure}(Object(Illuminate\\Http\\Request))
#43 /Users/segunawotunde/Projects/cipher-learn-app/vendor/laravel/framework/src/Illuminate/Pipeline/Pipeline.php(219): Illuminate\\Foundation\\Http\\Middleware\\InvokeDeferredCallbacks->handle(Object(Illuminate\\Http\\Request), Object(Closure))
#44 /Users/segunawotunde/Projects/cipher-learn-app/vendor/laravel/framework/src/Illuminate/Http/Middleware/ValidatePathEncoding.php(26): Illuminate\\Pipeline\\Pipeline->Illuminate\\Pipeline\\{closure}(Object(Illuminate\\Http\\Request))
#45 /Users/segunawotunde/Projects/cipher-learn-app/vendor/laravel/framework/src/Illuminate/Pipeline/Pipeline.php(219): Illuminate\\Http\\Middleware\\ValidatePathEncoding->handle(Object(Illuminate\\Http\\Request), Object(Closure))
#46 /Users/segunawotunde/Projects/cipher-learn-app/vendor/laravel/framework/src/Illuminate/Pipeline/Pipeline.php(137): Illuminate\\Pipeline\\Pipeline->Illuminate\\Pipeline\\{closure}(Object(Illuminate\\Http\\Request))
#47 /Users/segunawotunde/Projects/cipher-learn-app/vendor/laravel/framework/src/Illuminate/Foundation/Http/Kernel.php(175): Illuminate\\Pipeline\\Pipeline->then(Object(Closure))
#48 /Users/segunawotunde/Projects/cipher-learn-app/vendor/laravel/framework/src/Illuminate/Foundation/Http/Kernel.php(144): Illuminate\\Foundation\\Http\\Kernel->sendRequestThroughRouter(Object(Illuminate\\Http\\Request))
#49 /Users/segunawotunde/Projects/cipher-learn-app/vendor/laravel/framework/src/Illuminate/Foundation/Testing/Concerns/MakesHttpRequests.php(607): Illuminate\\Foundation\\Http\\Kernel->handle(Object(Illuminate\\Http\\Request))
#50 /Users/segunawotunde/Projects/cipher-learn-app/vendor/laravel/framework/src/Illuminate/Foundation/Testing/Concerns/MakesHttpRequests.php(368): Illuminate\\Foundation\\Testing\\TestCase->call('GET', 'http://localhos...', Array, Array, Array, Array)
#51 /Users/segunawotunde/Projects/cipher-learn-app/tests/Feature/Portal/CourseTest.php(121): Illuminate\\Foundation\\Testing\\TestCase->get('http://localhos...')
#52 /Users/segunawotunde/Projects/cipher-learn-app/vendor/pestphp/pest/src/Factories/TestCaseMethodFactory.php(171): P\\Tests\\Feature\\Portal\\CourseTest->{closure}()
#53 [internal function]: P\\Tests\\Feature\\Portal\\CourseTest->Pest\\Factories\\{closure}()
#54 /Users/segunawotunde/Projects/cipher-learn-app/vendor/pestphp/pest/src/Concerns/Testable.php(419): call_user_func_array(Object(Closure), Array)
#55 /Users/segunawotunde/Projects/cipher-learn-app/vendor/pestphp/pest/src/Support/ExceptionTrace.php(26): P\\Tests\\Feature\\Portal\\CourseTest->Pest\\Concerns\\{closure}()
#56 /Users/segunawotunde/Projects/cipher-learn-app/vendor/pestphp/pest/src/Concerns/Testable.php(419): Pest\\Support\\ExceptionTrace::ensure(Object(Closure))
#57 /Users/segunawotunde/Projects/cipher-learn-app/vendor/pestphp/pest/src/Concerns/Testable.php(321): P\\Tests\\Feature\\Portal\\CourseTest->__callClosure(Object(Closure), Array)
#58 /Users/segunawotunde/Projects/cipher-learn-app/vendor/pestphp/pest/src/Factories/TestCaseFactory.php(173) : eval()'d code(62): P\\Tests\\Feature\\Portal\\CourseTest->__runTest(Object(Closure))
#59 /Users/segunawotunde/Projects/cipher-learn-app/vendor/phpunit/phpunit/src/Framework/TestCase.php(1667): P\\Tests\\Feature\\Portal\\CourseTest->__pest_evaluable_it_404s_on_a_still_requested_enrolment__not_yet_a_real_assignment_()
#60 /Users/segunawotunde/Projects/cipher-learn-app/vendor/phpunit/phpunit/src/Framework/TestCase.php(519): PHPUnit\\Framework\\TestCase->runTest()
#61 /Users/segunawotunde/Projects/cipher-learn-app/vendor/phpunit/phpunit/src/Framework/TestRunner/TestRunner.php(87): PHPUnit\\Framework\\TestCase->runBare()
#62 /Users/segunawotunde/Projects/cipher-learn-app/vendor/phpunit/phpunit/src/Framework/TestCase.php(365): PHPUnit\\Framework\\TestRunner->run(Object(P\\Tests\\Feature\\Portal\\CourseTest))
#63 /Users/segunawotunde/Projects/cipher-learn-app/vendor/phpunit/phpunit/src/Framework/TestSuite.php(369): PHPUnit\\Framework\\TestCase->run()
#64 /Users/segunawotunde/Projects/cipher-learn-app/vendor/phpunit/phpunit/src/Framework/TestSuite.php(369): PHPUnit\\Framework\\TestSuite->run()
#65 /Users/segunawotunde/Projects/cipher-learn-app/vendor/phpunit/phpunit/src/Framework/TestSuite.php(369): PHPUnit\\Framework\\TestSuite->run()
#66 /Users/segunawotunde/Projects/cipher-learn-app/vendor/phpunit/phpunit/src/TextUI/TestRunner.php(64): PHPUnit\\Framework\\TestSuite->run()
#67 /Users/segunawotunde/Projects/cipher-learn-app/vendor/phpunit/phpunit/src/TextUI/Application.php(211): PHPUnit\\TextUI\\TestRunner->run(Object(PHPUnit\\TextUI\\Configuration\\Configuration), Object(PHPUnit\\Runner\\ResultCache\\DefaultResultCache), Object(PHPUnit\\Framework\\TestSuite))
#68 /Users/segunawotunde/Projects/cipher-learn-app/vendor/pestphp/pest/src/Kernel.php(103): PHPUnit\\TextUI\\Application->run(Array)
#69 /Users/segunawotunde/Projects/cipher-learn-app/vendor/pestphp/pest/bin/pest(184): Pest\\Kernel->handle(Array, Array)
#70 /Users/segunawotunde/Projects/cipher-learn-app/vendor/pestphp/pest/bin/pest(192): {closure}()
#71 /Users/segunawotunde/Projects/cipher-learn-app/vendor/bin/pest(119): include('/Users/segunawo...')
#72 {main}
"} 
[2026-08-23 10:07:01] testing.ERROR: No application encryption key has been specified. {"request_id":"34f9a6f4-b405-4a4a-94ab-f0b1a1d38775","exception":"[object] (Illuminate\\Encryption\\MissingAppKeyException(code: 0): No application encryption key has been specified. at /Users/segunawotunde/Projects/cipher-learn-app/vendor/laravel/framework/src/Illuminate/Encryption/EncryptionServiceProvider.php:83)
[stacktrace]
#0 /Users/segunawotunde/Projects/cipher-learn-app/vendor/laravel/framework/src/Illuminate/Support/helpers.php(393): Illuminate\\Encryption\\EncryptionServiceProvider->Illuminate\\Encryption\\{closure}(NULL)
#1 /Users/segunawotunde/Projects/cipher-learn-app/vendor/laravel/framework/src/Illuminate/Encryption/EncryptionServiceProvider.php(81): tap(NULL, Object(Closure))
#2 /Users/segunawotunde/Projects/cipher-learn-app/vendor/laravel/framework/src/Illuminate/Encryption/EncryptionServiceProvider.php(64): Illuminate\\Encryption\\EncryptionServiceProvider->key(Array)
#3 /Users/segunawotunde/Projects/cipher-learn-app/vendor/laravel/framework/src/Illuminate/Encryption/EncryptionServiceProvider.php(32): Illuminate\\Encryption\\EncryptionServiceProvider->parseKey(Array)
#4 /Users/segunawotunde/Projects/cipher-learn-app/vendor/laravel/framework/src/Illuminate/Container/Container.php(1115): Illuminate\\Encryption\\EncryptionServiceProvider->Illuminate\\Encryption\\{closure}(Object(Illuminate\\Foundation\\Application), Array)
#5 /Users/segunawotunde/Projects/cipher-learn-app/vendor/laravel/framework/src/Illuminate/Container/Container.php(933): Illuminate\\Container\\Container->build(Object(Closure))
#6 /Users/segunawotunde/Projects/cipher-learn-app/vendor/laravel/framework/src/Illuminate/Foundation/Application.php(1078): Illuminate\\Container\\Container->resolve('encrypter', Array, true)
#7 /Users/segunawotunde/Projects/cipher-learn-app/vendor/laravel/framework/src/Illuminate/Container/Container.php(864): Illuminate\\Foundation\\Application->resolve('encrypter', Array)
#8 /Users/segunawotunde/Projects/cipher-learn-app/vendor/laravel/framework/src/Illuminate/Foundation/Application.php(1058): Illuminate\\Container\\Container->make('encrypter', Array)
#9 /Users/segunawotunde/Projects/cipher-learn-app/vendor/laravel/framework/src/Illuminate/Container/Container.php(1336): Illuminate\\Foundation\\Application->make('encrypter')
#10 /Users/segunawotunde/Projects/cipher-learn-app/vendor/laravel/framework/src/Illuminate/Container/Container.php(1237): Illuminate\\Container\\Container->resolveClass(Object(ReflectionParameter), 'Illuminate\\\\Cont...')
#11 /Users/segunawotunde/Projects/cipher-learn-app/vendor/laravel/framework/src/Illuminate/Container/Container.php(1162): Illuminate\\Container\\Container->resolveDependencies(Array)
#12 /Users/segunawotunde/Projects/cipher-learn-app/vendor/laravel/framework/src/Illuminate/Container/Container.php(933): Illuminate\\Container\\Container->build('Illuminate\\\\Cook...')
#13 /Users/segunawotunde/Projects/cipher-learn-app/vendor/laravel/framework/src/Illuminate/Foundation/Application.php(1078): Illuminate\\Container\\Container->resolve('Illuminate\\\\Cook...', Array, true)
#14 /Users/segunawotunde/Projects/cipher-learn-app/vendor/laravel/framework/src/Illuminate/Container/Container.php(864): Illuminate\\Foundation\\Application->resolve('Illuminate\\\\Cook...', Array)
#15 /Users/segunawotunde/Projects/cipher-learn-app/vendor/laravel/framework/src/Illuminate/Foundation/Application.php(1058): Illuminate\\Container\\Container->make('Illuminate\\\\Cook...', Array)
#16 /Users/segunawotunde/Projects/cipher-learn-app/vendor/laravel/framework/src/Illuminate/Pipeline/Pipeline.php(208): Illuminate\\Foundation\\Application->make('Illuminate\\\\Cook...')
#17 /Users/segunawotunde/Projects/cipher-learn-app/vendor/laravel/framework/src/Illuminate/Pipeline/Pipeline.php(137): Illuminate\\Pipeline\\Pipeline->Illuminate\\Pipeline\\{closure}(Object(Illuminate\\Http\\Request))
#18 /Users/segunawotunde/Projects/cipher-learn-app/vendor/laravel/framework/src/Illuminate/Routing/Router.php(821): Illuminate\\Pipeline\\Pipeline->then(Object(Closure))
#19 /Users/segunawotunde/Projects/cipher-learn-app/vendor/laravel/framework/src/Illuminate/Routing/Router.php(800): Illuminate\\Routing\\Router->runRouteWithinStack(Object(Illuminate\\Routing\\Route), Object(Illuminate\\Http\\Request))
#20 /Users/segunawotunde/Projects/cipher-learn-app/vendor/laravel/framework/src/Illuminate/Routing/Router.php(764): Illuminate\\Routing\\Router->runRoute(Object(Illuminate\\Http\\Request), Object(Illuminate\\Routing\\Route))
#21 /Users/segunawotunde/Projects/cipher-learn-app/vendor/laravel/framework/src/Illuminate/Routing/Router.php(753): Illuminate\\Routing\\Router->dispatchToRoute(Object(Illuminate\\Http\\Request))
#22 /Users/segunawotunde/Projects/cipher-learn-app/vendor/laravel/framework/src/Illuminate/Foundation/Http/Kernel.php(200): Illuminate\\Routing\\Router->dispatch(Object(Illuminate\\Http\\Request))
#23 /Users/segunawotunde/Projects/cipher-learn-app/vendor/laravel/framework/src/Illuminate/Pipeline/Pipeline.php(180): Illuminate\\Foundation\\Http\\Kernel->Illuminate\\Foundation\\Http\\{closure}(Object(Illuminate\\Http\\Request))
#24 /Users/segunawotunde/Projects/cipher-learn-app/vendor/livewire/livewire/src/Features/SupportDisablingBackButtonCache/DisableBackButtonCacheMiddleware.php(19): Illuminate\\Pipeline\\Pipeline->Illuminate\\Pipeline\\{closure}(Object(Illuminate\\Http\\Request))
#25 /Users/segunawotunde/Projects/cipher-learn-app/vendor/laravel/framework/src/Illuminate/Pipeline/Pipeline.php(219): Livewire\\Features\\SupportDisablingBackButtonCache\\DisableBackButtonCacheMiddleware->handle(Object(Illuminate\\Http\\Request), Object(Closure))
#26 /Users/segunawotunde/Projects/cipher-learn-app/app/Http/Middleware/AssignRequestId.php(30): Illuminate\\Pipeline\\Pipeline->Illuminate\\Pipeline\\{closure}(Object(Illuminate\\Http\\Request))
#27 /Users/segunawotunde/Projects/cipher-learn-app/vendor/laravel/framework/src/Illuminate/Pipeline/Pipeline.php(219): App\\Http\\Middleware\\AssignRequestId->handle(Object(Illuminate\\Http\\Request), Object(Closure))
#28 /Users/segunawotunde/Projects/cipher-learn-app/vendor/laravel/framework/src/Illuminate/Foundation/Http/Middleware/TransformsRequest.php(21): Illuminate\\Pipeline\\Pipeline->Illuminate\\Pipeline\\{closure}(Object(Illuminate\\Http\\Request))
#29 /Users/segunawotunde/Projects/cipher-learn-app/vendor/laravel/framework/src/Illuminate/Foundation/Http/Middleware/ConvertEmptyStringsToNull.php(31): Illuminate\\Foundation\\Http\\Middleware\\TransformsRequest->handle(Object(Illuminate\\Http\\Request), Object(Closure))
#30 /Users/segunawotunde/Projects/cipher-learn-app/vendor/laravel/framework/src/Illuminate/Pipeline/Pipeline.php(219): Illuminate\\Foundation\\Http\\Middleware\\ConvertEmptyStringsToNull->handle(Object(Illuminate\\Http\\Request), Object(Closure))
#31 /Users/segunawotunde/Projects/cipher-learn-app/vendor/laravel/framework/src/Illuminate/Foundation/Http/Middleware/TransformsRequest.php(21): Illuminate\\Pipeline\\Pipeline->Illuminate\\Pipeline\\{closure}(Object(Illuminate\\Http\\Request))
#32 /Users/segunawotunde/Projects/cipher-learn-app/vendor/laravel/framework/src/Illuminate/Foundation/Http/Middleware/TrimStrings.php(51): Illuminate\\Foundation\\Http\\Middleware\\TransformsRequest->handle(Object(Illuminate\\Http\\Request), Object(Closure))
#33 /Users/segunawotunde/Projects/cipher-learn-app/vendor/laravel/framework/src/Illuminate/Pipeline/Pipeline.php(219): Illuminate\\Foundation\\Http\\Middleware\\TrimStrings->handle(Object(Illuminate\\Http\\Request), Object(Closure))
#34 /Users/segunawotunde/Projects/cipher-learn-app/vendor/laravel/framework/src/Illuminate/Http/Middleware/ValidatePostSize.php(27): Illuminate\\Pipeline\\Pipeline->Illuminate\\Pipeline\\{closure}(Object(Illuminate\\Http\\Request))
#35 /Users/segunawotunde/Projects/cipher-learn-app/vendor/laravel/framework/src/Illuminate/Pipeline/Pipeline.php(219): Illuminate\\Http\\Middleware\\ValidatePostSize->handle(Object(Illuminate\\Http\\Request), Object(Closure))
#36 /Users/segunawotunde/Projects/cipher-learn-app/vendor/laravel/framework/src/Illuminate/Foundation/Http/Middleware/PreventRequestsDuringMaintenance.php(109): Illuminate\\Pipeline\\Pipeline->Illuminate\\Pipeline\\{closure}(Object(Illuminate\\Http\\Request))
#37 /Users/segunawotunde/Projects/cipher-learn-app/vendor/laravel/framework/src/Illuminate/Pipeline/Pipeline.php(219): Illuminate\\Foundation\\Http\\Middleware\\PreventRequestsDuringMaintenance->handle(Object(Illuminate\\Http\\Request), Object(Closure))
#38 /Users/segunawotunde/Projects/cipher-learn-app/vendor/laravel/framework/src/Illuminate/Http/Middleware/HandleCors.php(61): Illuminate\\Pipeline\\Pipeline->Illuminate\\Pipeline\\{closure}(Object(Illuminate\\Http\\Request))
#39 /Users/segunawotunde/Projects/cipher-learn-app/vendor/laravel/framework/src/Illuminate/Pipeline/Pipeline.php(219): Illuminate\\Http\\Middleware\\HandleCors->handle(Object(Illuminate\\Http\\Request), Object(Closure))
#40 /Users/segunawotunde/Projects/cipher-learn-app/vendor/laravel/framework/src/Illuminate/Http/Middleware/TrustProxies.php(58): Illuminate\\Pipeline\\Pipeline->Illuminate\\Pipeline\\{closure}(Object(Illuminate\\Http\\Request))
#41 /Users/segunawotunde/Projects/cipher-learn-app/vendor/laravel/framework/src/Illuminate/Pipeline/Pipeline.php(219): Illuminate\\Http\\Middleware\\TrustProxies->handle(Object(Illuminate\\Http\\Request), Object(Closure))
#42 /Users/segunawotunde/Projects/cipher-learn-app/vendor/laravel/framework/src/Illuminate/Foundation/Http/Middleware/InvokeDeferredCallbacks.php(22): Illuminate\\Pipeline\\Pipeline->Illuminate\\Pipeline\\{closure}(Object(Illuminate\\Http\\Request))
#43 /Users/segunawotunde/Projects/cipher-learn-app/vendor/laravel/framework/src/Illuminate/Pipeline/Pipeline.php(219): Illuminate\\Foundation\\Http\\Middleware\\InvokeDeferredCallbacks->handle(Object(Illuminate\\Http\\Request), Object(Closure))
#44 /Users/segunawotunde/Projects/cipher-learn-app/vendor/laravel/framework/src/Illuminate/Http/Middleware/ValidatePathEncoding.php(26): Illuminate\\Pipeline\\Pipeline->Illuminate\\Pipeline\\{closure}(Object(Illuminate\\Http\\Request))
#45 /Users/segunawotunde/Projects/cipher-learn-app/vendor/laravel/framework/src/Illuminate/Pipeline/Pipeline.php(219): Illuminate\\Http\\Middleware\\ValidatePathEncoding->handle(Object(Illuminate\\Http\\Request), Object(Closure))
#46 /Users/segunawotunde/Projects/cipher-learn-app/vendor/laravel/framework/src/Illuminate/Pipeline/Pipeline.php(137): Illuminate\\Pipeline\\Pipeline->Illuminate\\Pipeline\\{closure}(Object(Illuminate\\Http\\Request))
#47 /Users/segunawotunde/Projects/cipher-learn-app/vendor/laravel/framework/src/Illuminate/Foundation/Http/Kernel.php(175): Illuminate\\Pipeline\\Pipeline->then(Object(Closure))
#48 /Users/segunawotunde/Projects/cipher-learn-app/vendor/laravel/framework/src/Illuminate/Foundation/Http/Kernel.php(144): Illuminate\\Foundation\\Http\\Kernel->sendRequestThroughRouter(Object(Illuminate\\Http\\Request))
#49 /Users/segunawotunde/Projects/cipher-learn-app/vendor/laravel/framework/src/Illuminate/Foundation/Testing/Concerns/MakesHttpRequests.php(607): Illuminate\\Foundation\\Http\\Kernel->handle(Object(Illuminate\\Http\\Request))
#50 /Users/segunawotunde/Projects/cipher-learn-app/vendor/laravel/framework/src/Illuminate/Foundation/Testing/Concerns/MakesHttpRequests.php(368): Illuminate\\Foundation\\Testing\\TestCase->call('GET', '/portal', Array, Array, Array, Array)
#51 /Users/segunawotunde/Projects/cipher-learn-app/tests/Feature/Portal/PortalTest.php(25): Illuminate\\Foundation\\Testing\\TestCase->get('/portal')
#52 /Users/segunawotunde/Projects/cipher-learn-app/vendor/pestphp/pest/src/Factories/TestCaseMethodFactory.php(171): P\\Tests\\Feature\\Portal\\PortalTest->{closure}()
#53 [internal function]: P\\Tests\\Feature\\Portal\\PortalTest->Pest\\Factories\\{closure}()
#54 /Users/segunawotunde/Projects/cipher-learn-app/vendor/pestphp/pest/src/Concerns/Testable.php(419): call_user_func_array(Object(Closure), Array)
#55 /Users/segunawotunde/Projects/cipher-learn-app/vendor/pestphp/pest/src/Support/ExceptionTrace.php(26): P\\Tests\\Feature\\Portal\\PortalTest->Pest\\Concerns\\{closure}()
#56 /Users/segunawotunde/Projects/cipher-learn-app/vendor/pestphp/pest/src/Concerns/Testable.php(419): Pest\\Support\\ExceptionTrace::ensure(Object(Closure))
#57 /Users/segunawotunde/Projects/cipher-learn-app/vendor/pestphp/pest/src/Concerns/Testable.php(321): P\\Tests\\Feature\\Portal\\PortalTest->__callClosure(Object(Closure), Array)
#58 /Users/segunawotunde/Projects/cipher-learn-app/vendor/pestphp/pest/src/Factories/TestCaseFactory.php(173) : eval()'d code(17): P\\Tests\\Feature\\Portal\\PortalTest->__runTest(Object(Closure))
#59 /Users/segunawotunde/Projects/cipher-learn-app/vendor/phpunit/phpunit/src/Framework/TestCase.php(1667): P\\Tests\\Feature\\Portal\\PortalTest->__pest_evaluable_it_requires_authentication()
#60 /Users/segunawotunde/Projects/cipher-learn-app/vendor/phpunit/phpunit/src/Framework/TestCase.php(519): PHPUnit\\Framework\\TestCase->runTest()
#61 /Users/segunawotunde/Projects/cipher-learn-app/vendor/phpunit/phpunit/src/Framework/TestRunner/TestRunner.php(87): PHPUnit\\Framework\\TestCase->runBare()
#62 /Users/segunawotunde/Projects/cipher-learn-app/vendor/phpunit/phpunit/src/Framework/TestCase.php(365): PHPUnit\\Framework\\TestRunner->run(Object(P\\Tests\\Feature\\Portal\\PortalTest))
#63 /Users/segunawotunde/Projects/cipher-learn-app/vendor/phpunit/phpunit/src/Framework/TestSuite.php(369): PHPUnit\\Framework\\TestCase->run()
#64 /Users/segunawotunde/Projects/cipher-learn-app/vendor/phpunit/phpunit/src/Framework/TestSuite.php(369): PHPUnit\\Framework\\TestSuite->run()
#65 /Users/segunawotunde/Projects/cipher-learn-app/vendor/phpunit/phpunit/src/Framework/TestSuite.php(369): PHPUnit\\Framework\\TestSuite->run()
#66 /Users/segunawotunde/Projects/cipher-learn-app/vendor/phpunit/phpunit/src/TextUI/TestRunner.php(64): PHPUnit\\Framework\\TestSuite->run()
#67 /Users/segunawotunde/Projects/cipher-learn-app/vendor/phpunit/phpunit/src/TextUI/Application.php(211): PHPUnit\\TextUI\\TestRunner->run(Object(PHPUnit\\TextUI\\Configuration\\Configuration), Object(PHPUnit\\Runner\\ResultCache\\DefaultResultCache), Object(PHPUnit\\Framework\\TestSuite))
#68 /Users/segunawotunde/Projects/cipher-learn-app/vendor/pestphp/pest/src/Kernel.php(103): PHPUnit\\TextUI\\Application->run(Array)
#69 /Users/segunawotunde/Projects/cipher-learn-app/vendor/pestphp/pest/bin/pest(184): Pest\\Kernel->handle(Array, Array)
#70 /Users/segunawotunde/Projects/cipher-learn-app/vendor/pestphp/pest/bin/pest(192): {closure}()
#71 /Users/segunawotunde/Projects/cipher-learn-app/vendor/bin/pest(119): include('/Users/segunawo...')
#72 {main}
"} 
[2026-08-23 10:07:01] testing.ERROR: No application encryption key has been specified. {"request_id":"4e9c89b2-b81e-4e37-b6bf-6b1adacf372d","userId":"01m0q1d03hk069crbde9ph1ark","exception":"[object] (Illuminate\\Encryption\\MissingAppKeyException(code: 0): No application encryption key has been specified. at /Users/segunawotunde/Projects/cipher-learn-app/vendor/laravel/framework/src/Illuminate/Encryption/EncryptionServiceProvider.php:83)
[stacktrace]
#0 /Users/segunawotunde/Projects/cipher-learn-app/vendor/laravel/framework/src/Illuminate/Support/helpers.php(393): Illuminate\\Encryption\\EncryptionServiceProvider->Illuminate\\Encryption\\{closure}(NULL)
#1 /Users/segunawotunde/Projects/cipher-learn-app/vendor/laravel/framework/src/Illuminate/Encryption/EncryptionServiceProvider.php(81): tap(NULL, Object(Closure))
#2 /Users/segunawotunde/Projects/cipher-learn-app/vendor/laravel/framework/src/Illuminate/Encryption/EncryptionServiceProvider.php(64): Illuminate\\Encryption\\EncryptionServiceProvider->key(Array)
#3 /Users/segunawotunde/Projects/cipher-learn-app/vendor/laravel/framework/src/Illuminate/Encryption/EncryptionServiceProvider.php(32): Illuminate\\Encryption\\EncryptionServiceProvider->parseKey(Array)
#4 /Users/segunawotunde/Projects/cipher-learn-app/vendor/laravel/framework/src/Illuminate/Container/Container.php(1115): Illuminate\\Encryption\\EncryptionServiceProvider->Illuminate\\Encryption\\{closure}(Object(Illuminate\\Foundation\\Application), Array)
#5 /Users/segunawotunde/Projects/cipher-learn-app/vendor/laravel/framework/src/Illuminate/Container/Container.php(933): Illuminate\\Container\\Container->build(Object(Closure))
#6 /Users/segunawotunde/Projects/cipher-learn-app/vendor/laravel/framework/src/Illuminate/Foundation/Application.php(1078): Illuminate\\Container\\Container->resolve('encrypter', Array, true)
#7 /Users/segunawotunde/Projects/cipher-learn-app/vendor/laravel/framework/src/Illuminate/Container/Container.php(864): Illuminate\\Foundation\\Application->resolve('encrypter', Array)
#8 /Users/segunawotunde/Projects/cipher-learn-app/vendor/laravel/framework/src/Illuminate/Foundation/Application.php(1058): Illuminate\\Container\\Container->make('encrypter', Array)
#9 /Users/segunawotunde/Projects/cipher-learn-app/vendor/laravel/framework/src/Illuminate/Container/Container.php(1336): Illuminate\\Foundation\\Application->make('encrypter')
#10 /Users/segunawotunde/Projects/cipher-learn-app/vendor/laravel/framework/src/Illuminate/Container/Container.php(1237): Illuminate\\Container\\Container->resolveClass(Object(ReflectionParameter), 'Illuminate\\\\Cont...')
#11 /Users/segunawotunde/Projects/cipher-learn-app/vendor/laravel/framework/src/Illuminate/Container/Container.php(1162): Illuminate\\Container\\Container->resolveDependencies(Array)
#12 /Users/segunawotunde/Projects/cipher-learn-app/vendor/laravel/framework/src/Illuminate/Container/Container.php(933): Illuminate\\Container\\Container->build('Illuminate\\\\Cook...')
#13 /Users/segunawotunde/Projects/cipher-learn-app/vendor/laravel/framework/src/Illuminate/Foundation/Application.php(1078): Illuminate\\Container\\Container->resolve('Illuminate\\\\Cook...', Array, true)
#14 /Users/segunawotunde/Projects/cipher-learn-app/vendor/laravel/framework/src/Illuminate/Container/Container.php(864): Illuminate\\Foundation\\Application->resolve('Illuminate\\\\Cook...', Array)
#15 /Users/segunawotunde/Projects/cipher-learn-app/vendor/laravel/framework/src/Illuminate/Foundation/Application.php(1058): Illuminate\\Container\\Container->make('Illuminate\\\\Cook...', Array)
#16 /Users/segunawotunde/Projects/cipher-learn-app/vendor/laravel/framework/src/Illuminate/Pipeline/Pipeline.php(208): Illuminate\\Foundation\\Application->make('Illuminate\\\\Cook...')
#17 /Users/segunawotunde/Projects/cipher-learn-app/vendor/laravel/framework/src/Illuminate/Pipeline/Pipeline.php(137): Illuminate\\Pipeline\\Pipeline->Illuminate\\Pipeline\\{closure}(Object(Illuminate\\Http\\Request))
#18 /Users/segunawotunde/Projects/cipher-learn-app/vendor/laravel/framework/src/Illuminate/Routing/Router.php(821): Illuminate\\Pipeline\\Pipeline->then(Object(Closure))
#19 /Users/segunawotunde/Projects/cipher-learn-app/vendor/laravel/framework/src/Illuminate/Routing/Router.php(800): Illuminate\\Routing\\Router->runRouteWithinStack(Object(Illuminate\\Routing\\Route), Object(Illuminate\\Http\\Request))
#20 /Users/segunawotunde/Projects/cipher-learn-app/vendor/laravel/framework/src/Illuminate/Routing/Router.php(764): Illuminate\\Routing\\Router->runRoute(Object(Illuminate\\Http\\Request), Object(Illuminate\\Routing\\Route))
#21 /Users/segunawotunde/Projects/cipher-learn-app/vendor/laravel/framework/src/Illuminate/Routing/Router.php(753): Illuminate\\Routing\\Router->dispatchToRoute(Object(Illuminate\\Http\\Request))
#22 /Users/segunawotunde/Projects/cipher-learn-app/vendor/laravel/framework/src/Illuminate/Foundation/Http/Kernel.php(200): Illuminate\\Routing\\Router->dispatch(Object(Illuminate\\Http\\Request))
#23 /Users/segunawotunde/Projects/cipher-learn-app/vendor/laravel/framework/src/Illuminate/Pipeline/Pipeline.php(180): Illuminate\\Foundation\\Http\\Kernel->Illuminate\\Foundation\\Http\\{closure}(Object(Illuminate\\Http\\Request))
#24 /Users/segunawotunde/Projects/cipher-learn-app/vendor/livewire/livewire/src/Features/SupportDisablingBackButtonCache/DisableBackButtonCacheMiddleware.php(19): Illuminate\\Pipeline\\Pipeline->Illuminate\\Pipeline\\{closure}(Object(Illuminate\\Http\\Request))
#25 /Users/segunawotunde/Projects/cipher-learn-app/vendor/laravel/framework/src/Illuminate/Pipeline/Pipeline.php(219): Livewire\\Features\\SupportDisablingBackButtonCache\\DisableBackButtonCacheMiddleware->handle(Object(Illuminate\\Http\\Request), Object(Closure))
#26 /Users/segunawotunde/Projects/cipher-learn-app/app/Http/Middleware/AssignRequestId.php(30): Illuminate\\Pipeline\\Pipeline->Illuminate\\Pipeline\\{closure}(Object(Illuminate\\Http\\Request))
#27 /Users/segunawotunde/Projects/cipher-learn-app/vendor/laravel/framework/src/Illuminate/Pipeline/Pipeline.php(219): App\\Http\\Middleware\\AssignRequestId->handle(Object(Illuminate\\Http\\Request), Object(Closure))
#28 /Users/segunawotunde/Projects/cipher-learn-app/vendor/laravel/framework/src/Illuminate/Foundation/Http/Middleware/TransformsRequest.php(21): Illuminate\\Pipeline\\Pipeline->Illuminate\\Pipeline\\{closure}(Object(Illuminate\\Http\\Request))
#29 /Users/segunawotunde/Projects/cipher-learn-app/vendor/laravel/framework/src/Illuminate/Foundation/Http/Middleware/ConvertEmptyStringsToNull.php(31): Illuminate\\Foundation\\Http\\Middleware\\TransformsRequest->handle(Object(Illuminate\\Http\\Request), Object(Closure))
#30 /Users/segunawotunde/Projects/cipher-learn-app/vendor/laravel/framework/src/Illuminate/Pipeline/Pipeline.php(219): Illuminate\\Foundation\\Http\\Middleware\\ConvertEmptyStringsToNull->handle(Object(Illuminate\\Http\\Request), Object(Closure))
#31 /Users/segunawotunde/Projects/cipher-learn-app/vendor/laravel/framework/src/Illuminate/Foundation/Http/Middleware/TransformsRequest.php(21): Illuminate\\Pipeline\\Pipeline->Illuminate\\Pipeline\\{closure}(Object(Illuminate\\Http\\Request))
#32 /Users/segunawotunde/Projects/cipher-learn-app/vendor/laravel/framework/src/Illuminate/Foundation/Http/Middleware/TrimStrings.php(51): Illuminate\\Foundation\\Http\\Middleware\\TransformsRequest->handle(Object(Illuminate\\Http\\Request), Object(Closure))
#33 /Users/segunawotunde/Projects/cipher-learn-app/vendor/laravel/framework/src/Illuminate/Pipeline/Pipeline.php(219): Illuminate\\Foundation\\Http\\Middleware\\TrimStrings->handle(Object(Illuminate\\Http\\Request), Object(Closure))
#34 /Users/segunawotunde/Projects/cipher-learn-app/vendor/laravel/framework/src/Illuminate/Http/Middleware/ValidatePostSize.php(27): Illuminate\\Pipeline\\Pipeline->Illuminate\\Pipeline\\{closure}(Object(Illuminate\\Http\\Request))
#35 /Users/segunawotunde/Projects/cipher-learn-app/vendor/laravel/framework/src/Illuminate/Pipeline/Pipeline.php(219): Illuminate\\Http\\Middleware\\ValidatePostSize->handle(Object(Illuminate\\Http\\Request), Object(Closure))
#36 /Users/segunawotunde/Projects/cipher-learn-app/vendor/laravel/framework/src/Illuminate/Foundation/Http/Middleware/PreventRequestsDuringMaintenance.php(109): Illuminate\\Pipeline\\Pipeline->Illuminate\\Pipeline\\{closure}(Object(Illuminate\\Http\\Request))
#37 /Users/segunawotunde/Projects/cipher-learn-app/vendor/laravel/framework/src/Illuminate/Pipeline/Pipeline.php(219): Illuminate\\Foundation\\Http\\Middleware\\PreventRequestsDuringMaintenance->handle(Object(Illuminate\\Http\\Request), Object(Closure))
#38 /Users/segunawotunde/Projects/cipher-learn-app/vendor/laravel/framework/src/Illuminate/Http/Middleware/HandleCors.php(61): Illuminate\\Pipeline\\Pipeline->Illuminate\\Pipeline\\{closure}(Object(Illuminate\\Http\\Request))
#39 /Users/segunawotunde/Projects/cipher-learn-app/vendor/laravel/framework/src/Illuminate/Pipeline/Pipeline.php(219): Illuminate\\Http\\Middleware\\HandleCors->handle(Object(Illuminate\\Http\\Request), Object(Closure))
#40 /Users/segunawotunde/Projects/cipher-learn-app/vendor/laravel/framework/src/Illuminate/Http/Middleware/TrustProxies.php(58): Illuminate\\Pipeline\\Pipeline->Illuminate\\Pipeline\\{closure}(Object(Illuminate\\Http\\Request))
#41 /Users/segunawotunde/Projects/cipher-learn-app/vendor/laravel/framework/src/Illuminate/Pipeline/Pipeline.php(219): Illuminate\\Http\\Middleware\\TrustProxies->handle(Object(Illuminate\\Http\\Request), Object(Closure))
#42 /Users/segunawotunde/Projects/cipher-learn-app/vendor/laravel/framework/src/Illuminate/Foundation/Http/Middleware/InvokeDeferredCallbacks.php(22): Illuminate\\Pipeline\\Pipeline->Illuminate\\Pipeline\\{closure}(Object(Illuminate\\Http\\Request))
#43 /Users/segunawotunde/Projects/cipher-learn-app/vendor/laravel/framework/src/Illuminate/Pipeline/Pipeline.php(219): Illuminate\\Foundation\\Http\\Middleware\\InvokeDeferredCallbacks->handle(Object(Illuminate\\Http\\Request), Object(Closure))
#44 /Users/segunawotunde/Projects/cipher-learn-app/vendor/laravel/framework/src/Illuminate/Http/Middleware/ValidatePathEncoding.php(26): Illuminate\\Pipeline\\Pipeline->Illuminate\\Pipeline\\{closure}(Object(Illuminate\\Http\\Request))
#45 /Users/segunawotunde/Projects/cipher-learn-app/vendor/laravel/framework/src/Illuminate/Pipeline/Pipeline.php(219): Illuminate\\Http\\Middleware\\ValidatePathEncoding->handle(Object(Illuminate\\Http\\Request), Object(Closure))
#46 /Users/segunawotunde/Projects/cipher-learn-app/vendor/laravel/framework/src/Illuminate/Pipeline/Pipeline.php(137): Illuminate\\Pipeline\\Pipeline->Illuminate\\Pipeline\\{closure}(Object(Illuminate\\Http\\Request))
#47 /Users/segunawotunde/Projects/cipher-learn-app/vendor/laravel/framework/src/Illuminate/Foundation/Http/Kernel.php(175): Illuminate\\Pipeline\\Pipeline->then(Object(Closure))
#48 /Users/segunawotunde/Projects/cipher-learn-app/vendor/laravel/framework/src/Illuminate/Foundation/Http/Kernel.php(144): Illuminate\\Foundation\\Http\\Kernel->sendRequestThroughRouter(Object(Illuminate\\Http\\Request))
#49 /Users/segunawotunde/Projects/cipher-learn-app/vendor/laravel/framework/src/Illuminate/Foundation/Testing/Concerns/MakesHttpRequests.php(607): Illuminate\\Foundation\\Http\\Kernel->handle(Object(Illuminate\\Http\\Request))
#50 /Users/segunawotunde/Projects/cipher-learn-app/vendor/laravel/framework/src/Illuminate/Foundation/Testing/Concerns/MakesHttpRequests.php(368): Illuminate\\Foundation\\Testing\\TestCase->call('GET', 'http://localhos...', Array, Array, Array, Array)
#51 /Users/segunawotunde/Projects/cipher-learn-app/tests/Feature/Portal/QuizTest.php(202): Illuminate\\Foundation\\Testing\\TestCase->get('http://localhos...')
#52 /Users/segunawotunde/Projects/cipher-learn-app/vendor/pestphp/pest/src/Factories/TestCaseMethodFactory.php(171): P\\Tests\\Feature\\Portal\\QuizTest->{closure}()
#53 [internal function]: P\\Tests\\Feature\\Portal\\QuizTest->Pest\\Factories\\{closure}()
#54 /Users/segunawotunde/Projects/cipher-learn-app/vendor/pestphp/pest/src/Concerns/Testable.php(419): call_user_func_array(Object(Closure), Array)
#55 /Users/segunawotunde/Projects/cipher-learn-app/vendor/pestphp/pest/src/Support/ExceptionTrace.php(26): P\\Tests\\Feature\\Portal\\QuizTest->Pest\\Concerns\\{closure}()
#56 /Users/segunawotunde/Projects/cipher-learn-app/vendor/pestphp/pest/src/Concerns/Testable.php(419): Pest\\Support\\ExceptionTrace::ensure(Object(Closure))
#57 /Users/segunawotunde/Projects/cipher-learn-app/vendor/pestphp/pest/src/Concerns/Testable.php(321): P\\Tests\\Feature\\Portal\\QuizTest->__callClosure(Object(Closure), Array)
#58 /Users/segunawotunde/Projects/cipher-learn-app/vendor/pestphp/pest/src/Factories/TestCaseFactory.php(173) : eval()'d code(80): P\\Tests\\Feature\\Portal\\QuizTest->__runTest(Object(Closure))
#59 /Users/segunawotunde/Projects/cipher-learn-app/vendor/phpunit/phpunit/src/Framework/TestCase.php(1667): P\\Tests\\Feature\\Portal\\QuizTest->__pest_evaluable_it_404s_on_another_employee_s_assessment()
#60 /Users/segunawotunde/Projects/cipher-learn-app/vendor/phpunit/phpunit/src/Framework/TestCase.php(519): PHPUnit\\Framework\\TestCase->runTest()
#61 /Users/segunawotunde/Projects/cipher-learn-app/vendor/phpunit/phpunit/src/Framework/TestRunner/TestRunner.php(87): PHPUnit\\Framework\\TestCase->runBare()
#62 /Users/segunawotunde/Projects/cipher-learn-app/vendor/phpunit/phpunit/src/Framework/TestCase.php(365): PHPUnit\\Framework\\TestRunner->run(Object(P\\Tests\\Feature\\Portal\\QuizTest))
#63 /Users/segunawotunde/Projects/cipher-learn-app/vendor/phpunit/phpunit/src/Framework/TestSuite.php(369): PHPUnit\\Framework\\TestCase->run()
#64 /Users/segunawotunde/Projects/cipher-learn-app/vendor/phpunit/phpunit/src/Framework/TestSuite.php(369): PHPUnit\\Framework\\TestSuite->run()
#65 /Users/segunawotunde/Projects/cipher-learn-app/vendor/phpunit/phpunit/src/Framework/TestSuite.php(369): PHPUnit\\Framework\\TestSuite->run()
#66 /Users/segunawotunde/Projects/cipher-learn-app/vendor/phpunit/phpunit/src/TextUI/TestRunner.php(64): PHPUnit\\Framework\\TestSuite->run()
#67 /Users/segunawotunde/Projects/cipher-learn-app/vendor/phpunit/phpunit/src/TextUI/Application.php(211): PHPUnit\\TextUI\\TestRunner->run(Object(PHPUnit\\TextUI\\Configuration\\Configuration), Object(PHPUnit\\Runner\\ResultCache\\DefaultResultCache), Object(PHPUnit\\Framework\\TestSuite))
#68 /Users/segunawotunde/Projects/cipher-learn-app/vendor/pestphp/pest/src/Kernel.php(103): PHPUnit\\TextUI\\Application->run(Array)
#69 /Users/segunawotunde/Projects/cipher-learn-app/vendor/pestphp/pest/bin/pest(184): Pest\\Kernel->handle(Array, Array)
#70 /Users/segunawotunde/Projects/cipher-learn-app/vendor/pestphp/pest/bin/pest(192): {closure}()
#71 /Users/segunawotunde/Projects/cipher-learn-app/vendor/bin/pest(119): include('/Users/segunawo...')
#72 {main}
"} 
[2026-08-23 10:07:01] testing.ERROR: No application encryption key has been specified. {"request_id":"512fa96d-157b-4ed1-a67e-25d3f16d8226","exception":"[object] (Illuminate\\Encryption\\MissingAppKeyException(code: 0): No application encryption key has been specified. at /Users/segunawotunde/Projects/cipher-learn-app/vendor/laravel/framework/src/Illuminate/Encryption/EncryptionServiceProvider.php:83)
[stacktrace]
#0 /Users/segunawotunde/Projects/cipher-learn-app/vendor/laravel/framework/src/Illuminate/Support/helpers.php(393): Illuminate\\Encryption\\EncryptionServiceProvider->Illuminate\\Encryption\\{closure}(NULL)
#1 /Users/segunawotunde/Projects/cipher-learn-app/vendor/laravel/framework/src/Illuminate/Encryption/EncryptionServiceProvider.php(81): tap(NULL, Object(Closure))
#2 /Users/segunawotunde/Projects/cipher-learn-app/vendor/laravel/framework/src/Illuminate/Encryption/EncryptionServiceProvider.php(64): Illuminate\\Encryption\\EncryptionServiceProvider->key(Array)
#3 /Users/segunawotunde/Projects/cipher-learn-app/vendor/laravel/framework/src/Illuminate/Encryption/EncryptionServiceProvider.php(32): Illuminate\\Encryption\\EncryptionServiceProvider->parseKey(Array)
#4 /Users/segunawotunde/Projects/cipher-learn-app/vendor/laravel/framework/src/Illuminate/Container/Container.php(1115): Illuminate\\Encryption\\EncryptionServiceProvider->Illuminate\\Encryption\\{closure}(Object(Illuminate\\Foundation\\Application), Array)
#5 /Users/segunawotunde/Projects/cipher-learn-app/vendor/laravel/framework/src/Illuminate/Container/Container.php(933): Illuminate\\Container\\Container->build(Object(Closure))
#6 /Users/segunawotunde/Projects/cipher-learn-app/vendor/laravel/framework/src/Illuminate/Foundation/Application.php(1078): Illuminate\\Container\\Container->resolve('encrypter', Array, true)
#7 /Users/segunawotunde/Projects/cipher-learn-app/vendor/laravel/framework/src/Illuminate/Container/Container.php(864): Illuminate\\Foundation\\Application->resolve('encrypter', Array)
#8 /Users/segunawotunde/Projects/cipher-learn-app/vendor/laravel/framework/src/Illuminate/Foundation/Application.php(1058): Illuminate\\Container\\Container->make('encrypter', Array)
#9 /Users/segunawotunde/Projects/cipher-learn-app/vendor/laravel/framework/src/Illuminate/Container/Container.php(1336): Illuminate\\Foundation\\Application->make('encrypter')
#10 /Users/segunawotunde/Projects/cipher-learn-app/vendor/laravel/framework/src/Illuminate/Container/Container.php(1237): Illuminate\\Container\\Container->resolveClass(Object(ReflectionParameter), 'Illuminate\\\\Cont...')
#11 /Users/segunawotunde/Projects/cipher-learn-app/vendor/laravel/framework/src/Illuminate/Container/Container.php(1162): Illuminate\\Container\\Container->resolveDependencies(Array)
#12 /Users/segunawotunde/Projects/cipher-learn-app/vendor/laravel/framework/src/Illuminate/Container/Container.php(933): Illuminate\\Container\\Container->build('Illuminate\\\\Cook...')
#13 /Users/segunawotunde/Projects/cipher-learn-app/vendor/laravel/framework/src/Illuminate/Foundation/Application.php(1078): Illuminate\\Container\\Container->resolve('Illuminate\\\\Cook...', Array, true)
#14 /Users/segunawotunde/Projects/cipher-learn-app/vendor/laravel/framework/src/Illuminate/Container/Container.php(864): Illuminate\\Foundation\\Application->resolve('Illuminate\\\\Cook...', Array)
#15 /Users/segunawotunde/Projects/cipher-learn-app/vendor/laravel/framework/src/Illuminate/Foundation/Application.php(1058): Illuminate\\Container\\Container->make('Illuminate\\\\Cook...', Array)
#16 /Users/segunawotunde/Projects/cipher-learn-app/vendor/laravel/framework/src/Illuminate/Pipeline/Pipeline.php(208): Illuminate\\Foundation\\Application->make('Illuminate\\\\Cook...')
#17 /Users/segunawotunde/Projects/cipher-learn-app/vendor/laravel/framework/src/Illuminate/Pipeline/Pipeline.php(137): Illuminate\\Pipeline\\Pipeline->Illuminate\\Pipeline\\{closure}(Object(Illuminate\\Http\\Request))
#18 /Users/segunawotunde/Projects/cipher-learn-app/vendor/laravel/framework/src/Illuminate/Routing/Router.php(821): Illuminate\\Pipeline\\Pipeline->then(Object(Closure))
#19 /Users/segunawotunde/Projects/cipher-learn-app/vendor/laravel/framework/src/Illuminate/Routing/Router.php(800): Illuminate\\Routing\\Router->runRouteWithinStack(Object(Illuminate\\Routing\\Route), Object(Illuminate\\Http\\Request))
#20 /Users/segunawotunde/Projects/cipher-learn-app/vendor/laravel/framework/src/Illuminate/Routing/Router.php(764): Illuminate\\Routing\\Router->runRoute(Object(Illuminate\\Http\\Request), Object(Illuminate\\Routing\\Route))
#21 /Users/segunawotunde/Projects/cipher-learn-app/vendor/laravel/framework/src/Illuminate/Routing/Router.php(753): Illuminate\\Routing\\Router->dispatchToRoute(Object(Illuminate\\Http\\Request))
#22 /Users/segunawotunde/Projects/cipher-learn-app/vendor/laravel/framework/src/Illuminate/Foundation/Http/Kernel.php(200): Illuminate\\Routing\\Router->dispatch(Object(Illuminate\\Http\\Request))
#23 /Users/segunawotunde/Projects/cipher-learn-app/vendor/laravel/framework/src/Illuminate/Pipeline/Pipeline.php(180): Illuminate\\Foundation\\Http\\Kernel->Illuminate\\Foundation\\Http\\{closure}(Object(Illuminate\\Http\\Request))
#24 /Users/segunawotunde/Projects/cipher-learn-app/vendor/livewire/livewire/src/Features/SupportDisablingBackButtonCache/DisableBackButtonCacheMiddleware.php(19): Illuminate\\Pipeline\\Pipeline->Illuminate\\Pipeline\\{closure}(Object(Illuminate\\Http\\Request))
#25 /Users/segunawotunde/Projects/cipher-learn-app/vendor/laravel/framework/src/Illuminate/Pipeline/Pipeline.php(219): Livewire\\Features\\SupportDisablingBackButtonCache\\DisableBackButtonCacheMiddleware->handle(Object(Illuminate\\Http\\Request), Object(Closure))
#26 /Users/segunawotunde/Projects/cipher-learn-app/app/Http/Middleware/AssignRequestId.php(30): Illuminate\\Pipeline\\Pipeline->Illuminate\\Pipeline\\{closure}(Object(Illuminate\\Http\\Request))
#27 /Users/segunawotunde/Projects/cipher-learn-app/vendor/laravel/framework/src/Illuminate/Pipeline/Pipeline.php(219): App\\Http\\Middleware\\AssignRequestId->handle(Object(Illuminate\\Http\\Request), Object(Closure))
#28 /Users/segunawotunde/Projects/cipher-learn-app/vendor/laravel/framework/src/Illuminate/Foundation/Http/Middleware/TransformsRequest.php(21): Illuminate\\Pipeline\\Pipeline->Illuminate\\Pipeline\\{closure}(Object(Illuminate\\Http\\Request))
#29 /Users/segunawotunde/Projects/cipher-learn-app/vendor/laravel/framework/src/Illuminate/Foundation/Http/Middleware/ConvertEmptyStringsToNull.php(31): Illuminate\\Foundation\\Http\\Middleware\\TransformsRequest->handle(Object(Illuminate\\Http\\Request), Object(Closure))
#30 /Users/segunawotunde/Projects/cipher-learn-app/vendor/laravel/framework/src/Illuminate/Pipeline/Pipeline.php(219): Illuminate\\Foundation\\Http\\Middleware\\ConvertEmptyStringsToNull->handle(Object(Illuminate\\Http\\Request), Object(Closure))
#31 /Users/segunawotunde/Projects/cipher-learn-app/vendor/laravel/framework/src/Illuminate/Foundation/Http/Middleware/TransformsRequest.php(21): Illuminate\\Pipeline\\Pipeline->Illuminate\\Pipeline\\{closure}(Object(Illuminate\\Http\\Request))
#32 /Users/segunawotunde/Projects/cipher-learn-app/vendor/laravel/framework/src/Illuminate/Foundation/Http/Middleware/TrimStrings.php(51): Illuminate\\Foundation\\Http\\Middleware\\TransformsRequest->handle(Object(Illuminate\\Http\\Request), Object(Closure))
#33 /Users/segunawotunde/Projects/cipher-learn-app/vendor/laravel/framework/src/Illuminate/Pipeline/Pipeline.php(219): Illuminate\\Foundation\\Http\\Middleware\\TrimStrings->handle(Object(Illuminate\\Http\\Request), Object(Closure))
#34 /Users/segunawotunde/Projects/cipher-learn-app/vendor/laravel/framework/src/Illuminate/Http/Middleware/ValidatePostSize.php(27): Illuminate\\Pipeline\\Pipeline->Illuminate\\Pipeline\\{closure}(Object(Illuminate\\Http\\Request))
#35 /Users/segunawotunde/Projects/cipher-learn-app/vendor/laravel/framework/src/Illuminate/Pipeline/Pipeline.php(219): Illuminate\\Http\\Middleware\\ValidatePostSize->handle(Object(Illuminate\\Http\\Request), Object(Closure))
#36 /Users/segunawotunde/Projects/cipher-learn-app/vendor/laravel/framework/src/Illuminate/Foundation/Http/Middleware/PreventRequestsDuringMaintenance.php(109): Illuminate\\Pipeline\\Pipeline->Illuminate\\Pipeline\\{closure}(Object(Illuminate\\Http\\Request))
#37 /Users/segunawotunde/Projects/cipher-learn-app/vendor/laravel/framework/src/Illuminate/Pipeline/Pipeline.php(219): Illuminate\\Foundation\\Http\\Middleware\\PreventRequestsDuringMaintenance->handle(Object(Illuminate\\Http\\Request), Object(Closure))
#38 /Users/segunawotunde/Projects/cipher-learn-app/vendor/laravel/framework/src/Illuminate/Http/Middleware/HandleCors.php(61): Illuminate\\Pipeline\\Pipeline->Illuminate\\Pipeline\\{closure}(Object(Illuminate\\Http\\Request))
#39 /Users/segunawotunde/Projects/cipher-learn-app/vendor/laravel/framework/src/Illuminate/Pipeline/Pipeline.php(219): Illuminate\\Http\\Middleware\\HandleCors->handle(Object(Illuminate\\Http\\Request), Object(Closure))
#40 /Users/segunawotunde/Projects/cipher-learn-app/vendor/laravel/framework/src/Illuminate/Http/Middleware/TrustProxies.php(58): Illuminate\\Pipeline\\Pipeline->Illuminate\\Pipeline\\{closure}(Object(Illuminate\\Http\\Request))
#41 /Users/segunawotunde/Projects/cipher-learn-app/vendor/laravel/framework/src/Illuminate/Pipeline/Pipeline.php(219): Illuminate\\Http\\Middleware\\TrustProxies->handle(Object(Illuminate\\Http\\Request), Object(Closure))
#42 /Users/segunawotunde/Projects/cipher-learn-app/vendor/laravel/framework/src/Illuminate/Foundation/Http/Middleware/InvokeDeferredCallbacks.php(22): Illuminate\\Pipeline\\Pipeline->Illuminate\\Pipeline\\{closure}(Object(Illuminate\\Http\\Request))
#43 /Users/segunawotunde/Projects/cipher-learn-app/vendor/laravel/framework/src/Illuminate/Pipeline/Pipeline.php(219): Illuminate\\Foundation\\Http\\Middleware\\InvokeDeferredCallbacks->handle(Object(Illuminate\\Http\\Request), Object(Closure))
#44 /Users/segunawotunde/Projects/cipher-learn-app/vendor/laravel/framework/src/Illuminate/Http/Middleware/ValidatePathEncoding.php(26): Illuminate\\Pipeline\\Pipeline->Illuminate\\Pipeline\\{closure}(Object(Illuminate\\Http\\Request))
#45 /Users/segunawotunde/Projects/cipher-learn-app/vendor/laravel/framework/src/Illuminate/Pipeline/Pipeline.php(219): Illuminate\\Http\\Middleware\\ValidatePathEncoding->handle(Object(Illuminate\\Http\\Request), Object(Closure))
#46 /Users/segunawotunde/Projects/cipher-learn-app/vendor/laravel/framework/src/Illuminate/Pipeline/Pipeline.php(137): Illuminate\\Pipeline\\Pipeline->Illuminate\\Pipeline\\{closure}(Object(Illuminate\\Http\\Request))
#47 /Users/segunawotunde/Projects/cipher-learn-app/vendor/laravel/framework/src/Illuminate/Foundation/Http/Kernel.php(175): Illuminate\\Pipeline\\Pipeline->then(Object(Closure))
#48 /Users/segunawotunde/Projects/cipher-learn-app/vendor/laravel/framework/src/Illuminate/Foundation/Http/Kernel.php(144): Illuminate\\Foundation\\Http\\Kernel->sendRequestThroughRouter(Object(Illuminate\\Http\\Request))
#49 /Users/segunawotunde/Projects/cipher-learn-app/vendor/laravel/framework/src/Illuminate/Foundation/Testing/Concerns/MakesHttpRequests.php(607): Illuminate\\Foundation\\Http\\Kernel->handle(Object(Illuminate\\Http\\Request))
#50 /Users/segunawotunde/Projects/cipher-learn-app/vendor/laravel/framework/src/Illuminate/Foundation/Testing/Concerns/MakesHttpRequests.php(368): Illuminate\\Foundation\\Testing\\TestCase->call('GET', '/portal/team', Array, Array, Array, Array)
#51 /Users/segunawotunde/Projects/cipher-learn-app/tests/Feature/Portal/TeamTest.php(38): Illuminate\\Foundation\\Testing\\TestCase->get('/portal/team')
#52 /Users/segunawotunde/Projects/cipher-learn-app/vendor/pestphp/pest/src/Factories/TestCaseMethodFactory.php(171): P\\Tests\\Feature\\Portal\\TeamTest->{closure}()
#53 [internal function]: P\\Tests\\Feature\\Portal\\TeamTest->Pest\\Factories\\{closure}()
#54 /Users/segunawotunde/Projects/cipher-learn-app/vendor/pestphp/pest/src/Concerns/Testable.php(419): call_user_func_array(Object(Closure), Array)
#55 /Users/segunawotunde/Projects/cipher-learn-app/vendor/pestphp/pest/src/Support/ExceptionTrace.php(26): P\\Tests\\Feature\\Portal\\TeamTest->Pest\\Concerns\\{closure}()
#56 /Users/segunawotunde/Projects/cipher-learn-app/vendor/pestphp/pest/src/Concerns/Testable.php(419): Pest\\Support\\ExceptionTrace::ensure(Object(Closure))
#57 /Users/segunawotunde/Projects/cipher-learn-app/vendor/pestphp/pest/src/Concerns/Testable.php(321): P\\Tests\\Feature\\Portal\\TeamTest->__callClosure(Object(Closure), Array)
#58 /Users/segunawotunde/Projects/cipher-learn-app/vendor/pestphp/pest/src/Factories/TestCaseFactory.php(173) : eval()'d code(17): P\\Tests\\Feature\\Portal\\TeamTest->__runTest(Object(Closure))
#59 /Users/segunawotunde/Projects/cipher-learn-app/vendor/phpunit/phpunit/src/Framework/TestCase.php(1667): P\\Tests\\Feature\\Portal\\TeamTest->__pest_evaluable_it_requires_authentication()
#60 /Users/segunawotunde/Projects/cipher-learn-app/vendor/phpunit/phpunit/src/Framework/TestCase.php(519): PHPUnit\\Framework\\TestCase->runTest()
#61 /Users/segunawotunde/Projects/cipher-learn-app/vendor/phpunit/phpunit/src/Framework/TestRunner/TestRunner.php(87): PHPUnit\\Framework\\TestCase->runBare()
#62 /Users/segunawotunde/Projects/cipher-learn-app/vendor/phpunit/phpunit/src/Framework/TestCase.php(365): PHPUnit\\Framework\\TestRunner->run(Object(P\\Tests\\Feature\\Portal\\TeamTest))
#63 /Users/segunawotunde/Projects/cipher-learn-app/vendor/phpunit/phpunit/src/Framework/TestSuite.php(369): PHPUnit\\Framework\\TestCase->run()
#64 /Users/segunawotunde/Projects/cipher-learn-app/vendor/phpunit/phpunit/src/Framework/TestSuite.php(369): PHPUnit\\Framework\\TestSuite->run()
#65 /Users/segunawotunde/Projects/cipher-learn-app/vendor/phpunit/phpunit/src/Framework/TestSuite.php(369): PHPUnit\\Framework\\TestSuite->run()
#66 /Users/segunawotunde/Projects/cipher-learn-app/vendor/phpunit/phpunit/src/TextUI/TestRunner.php(64): PHPUnit\\Framework\\TestSuite->run()
#67 /Users/segunawotunde/Projects/cipher-learn-app/vendor/phpunit/phpunit/src/TextUI/Application.php(211): PHPUnit\\TextUI\\TestRunner->run(Object(PHPUnit\\TextUI\\Configuration\\Configuration), Object(PHPUnit\\Runner\\ResultCache\\DefaultResultCache), Object(PHPUnit\\Framework\\TestSuite))
#68 /Users/segunawotunde/Projects/cipher-learn-app/vendor/pestphp/pest/src/Kernel.php(103): PHPUnit\\TextUI\\Application->run(Array)
#69 /Users/segunawotunde/Projects/cipher-learn-app/vendor/pestphp/pest/bin/pest(184): Pest\\Kernel->handle(Array, Array)
#70 /Users/segunawotunde/Projects/cipher-learn-app/vendor/pestphp/pest/bin/pest(192): {closure}()
#71 /Users/segunawotunde/Projects/cipher-learn-app/vendor/bin/pest(119): include('/Users/segunawo...')
#72 {main}
"} 
[2026-08-23 10:07:03] testing.ERROR: No application encryption key has been specified. {"request_id":"12aec2fe-ab6a-413e-82dd-2397ac59ef43","userId":"01m0q1d1czykwg2hxazhg9rer8","exception":"[object] (Illuminate\\Encryption\\MissingAppKeyException(code: 0): No application encryption key has been specified. at /Users/segunawotunde/Projects/cipher-learn-app/vendor/laravel/framework/src/Illuminate/Encryption/EncryptionServiceProvider.php:83)
[stacktrace]
#0 /Users/segunawotunde/Projects/cipher-learn-app/vendor/laravel/framework/src/Illuminate/Support/helpers.php(393): Illuminate\\Encryption\\EncryptionServiceProvider->Illuminate\\Encryption\\{closure}(NULL)
#1 /Users/segunawotunde/Projects/cipher-learn-app/vendor/laravel/framework/src/Illuminate/Encryption/EncryptionServiceProvider.php(81): tap(NULL, Object(Closure))
#2 /Users/segunawotunde/Projects/cipher-learn-app/vendor/laravel/framework/src/Illuminate/Encryption/EncryptionServiceProvider.php(64): Illuminate\\Encryption\\EncryptionServiceProvider->key(Array)
#3 /Users/segunawotunde/Projects/cipher-learn-app/vendor/laravel/framework/src/Illuminate/Encryption/EncryptionServiceProvider.php(32): Illuminate\\Encryption\\EncryptionServiceProvider->parseKey(Array)
#4 /Users/segunawotunde/Projects/cipher-learn-app/vendor/laravel/framework/src/Illuminate/Container/Container.php(1115): Illuminate\\Encryption\\EncryptionServiceProvider->Illuminate\\Encryption\\{closure}(Object(Illuminate\\Foundation\\Application), Array)
#5 /Users/segunawotunde/Projects/cipher-learn-app/vendor/laravel/framework/src/Illuminate/Container/Container.php(933): Illuminate\\Container\\Container->build(Object(Closure))
#6 /Users/segunawotunde/Projects/cipher-learn-app/vendor/laravel/framework/src/Illuminate/Foundation/Application.php(1078): Illuminate\\Container\\Container->resolve('encrypter', Array, true)
#7 /Users/segunawotunde/Projects/cipher-learn-app/vendor/laravel/framework/src/Illuminate/Container/Container.php(864): Illuminate\\Foundation\\Application->resolve('encrypter', Array)
#8 /Users/segunawotunde/Projects/cipher-learn-app/vendor/laravel/framework/src/Illuminate/Foundation/Application.php(1058): Illuminate\\Container\\Container->make('encrypter', Array)
#9 /Users/segunawotunde/Projects/cipher-learn-app/vendor/laravel/framework/src/Illuminate/Container/Container.php(1336): Illuminate\\Foundation\\Application->make('encrypter')
#10 /Users/segunawotunde/Projects/cipher-learn-app/vendor/laravel/framework/src/Illuminate/Container/Container.php(1237): Illuminate\\Container\\Container->resolveClass(Object(ReflectionParameter), 'Illuminate\\\\Cont...')
#11 /Users/segunawotunde/Projects/cipher-learn-app/vendor/laravel/framework/src/Illuminate/Container/Container.php(1162): Illuminate\\Container\\Container->resolveDependencies(Array)
#12 /Users/segunawotunde/Projects/cipher-learn-app/vendor/laravel/framework/src/Illuminate/Container/Container.php(933): Illuminate\\Container\\Container->build('Illuminate\\\\Cook...')
#13 /Users/segunawotunde/Projects/cipher-learn-app/vendor/laravel/framework/src/Illuminate/Foundation/Application.php(1078): Illuminate\\Container\\Container->resolve('Illuminate\\\\Cook...', Array, true)
#14 /Users/segunawotunde/Projects/cipher-learn-app/vendor/laravel/framework/src/Illuminate/Container/Container.php(864): Illuminate\\Foundation\\Application->resolve('Illuminate\\\\Cook...', Array)
#15 /Users/segunawotunde/Projects/cipher-learn-app/vendor/laravel/framework/src/Illuminate/Foundation/Application.php(1058): Illuminate\\Container\\Container->make('Illuminate\\\\Cook...', Array)
#16 /Users/segunawotunde/Projects/cipher-learn-app/vendor/laravel/framework/src/Illuminate/Pipeline/Pipeline.php(208): Illuminate\\Foundation\\Application->make('Illuminate\\\\Cook...')
#17 /Users/segunawotunde/Projects/cipher-learn-app/vendor/laravel/framework/src/Illuminate/Pipeline/Pipeline.php(137): Illuminate\\Pipeline\\Pipeline->Illuminate\\Pipeline\\{closure}(Object(Illuminate\\Http\\Request))
#18 /Users/segunawotunde/Projects/cipher-learn-app/vendor/laravel/framework/src/Illuminate/Routing/Router.php(821): Illuminate\\Pipeline\\Pipeline->then(Object(Closure))
#19 /Users/segunawotunde/Projects/cipher-learn-app/vendor/laravel/framework/src/Illuminate/Routing/Router.php(800): Illuminate\\Routing\\Router->runRouteWithinStack(Object(Illuminate\\Routing\\Route), Object(Illuminate\\Http\\Request))
#20 /Users/segunawotunde/Projects/cipher-learn-app/vendor/laravel/framework/src/Illuminate/Routing/Router.php(764): Illuminate\\Routing\\Router->runRoute(Object(Illuminate\\Http\\Request), Object(Illuminate\\Routing\\Route))
#21 /Users/segunawotunde/Projects/cipher-learn-app/vendor/laravel/framework/src/Illuminate/Routing/Router.php(753): Illuminate\\Routing\\Router->dispatchToRoute(Object(Illuminate\\Http\\Request))
#22 /Users/segunawotunde/Projects/cipher-learn-app/vendor/laravel/framework/src/Illuminate/Foundation/Http/Kernel.php(200): Illuminate\\Routing\\Router->dispatch(Object(Illuminate\\Http\\Request))
#23 /Users/segunawotunde/Projects/cipher-learn-app/vendor/laravel/framework/src/Illuminate/Pipeline/Pipeline.php(180): Illuminate\\Foundation\\Http\\Kernel->Illuminate\\Foundation\\Http\\{closure}(Object(Illuminate\\Http\\Request))
#24 /Users/segunawotunde/Projects/cipher-learn-app/vendor/livewire/livewire/src/Features/SupportDisablingBackButtonCache/DisableBackButtonCacheMiddleware.php(19): Illuminate\\Pipeline\\Pipeline->Illuminate\\Pipeline\\{closure}(Object(Illuminate\\Http\\Request))
#25 /Users/segunawotunde/Projects/cipher-learn-app/vendor/laravel/framework/src/Illuminate/Pipeline/Pipeline.php(219): Livewire\\Features\\SupportDisablingBackButtonCache\\DisableBackButtonCacheMiddleware->handle(Object(Illuminate\\Http\\Request), Object(Closure))
#26 /Users/segunawotunde/Projects/cipher-learn-app/app/Http/Middleware/AssignRequestId.php(30): Illuminate\\Pipeline\\Pipeline->Illuminate\\Pipeline\\{closure}(Object(Illuminate\\Http\\Request))
#27 /Users/segunawotunde/Projects/cipher-learn-app/vendor/laravel/framework/src/Illuminate/Pipeline/Pipeline.php(219): App\\Http\\Middleware\\AssignRequestId->handle(Object(Illuminate\\Http\\Request), Object(Closure))
#28 /Users/segunawotunde/Projects/cipher-learn-app/vendor/laravel/framework/src/Illuminate/Foundation/Http/Middleware/TransformsRequest.php(21): Illuminate\\Pipeline\\Pipeline->Illuminate\\Pipeline\\{closure}(Object(Illuminate\\Http\\Request))
#29 /Users/segunawotunde/Projects/cipher-learn-app/vendor/laravel/framework/src/Illuminate/Foundation/Http/Middleware/ConvertEmptyStringsToNull.php(31): Illuminate\\Foundation\\Http\\Middleware\\TransformsRequest->handle(Object(Illuminate\\Http\\Request), Object(Closure))
#30 /Users/segunawotunde/Projects/cipher-learn-app/vendor/laravel/framework/src/Illuminate/Pipeline/Pipeline.php(219): Illuminate\\Foundation\\Http\\Middleware\\ConvertEmptyStringsToNull->handle(Object(Illuminate\\Http\\Request), Object(Closure))
#31 /Users/segunawotunde/Projects/cipher-learn-app/vendor/laravel/framework/src/Illuminate/Foundation/Http/Middleware/TransformsRequest.php(21): Illuminate\\Pipeline\\Pipeline->Illuminate\\Pipeline\\{closure}(Object(Illuminate\\Http\\Request))
#32 /Users/segunawotunde/Projects/cipher-learn-app/vendor/laravel/framework/src/Illuminate/Foundation/Http/Middleware/TrimStrings.php(51): Illuminate\\Foundation\\Http\\Middleware\\TransformsRequest->handle(Object(Illuminate\\Http\\Request), Object(Closure))
#33 /Users/segunawotunde/Projects/cipher-learn-app/vendor/laravel/framework/src/Illuminate/Pipeline/Pipeline.php(219): Illuminate\\Foundation\\Http\\Middleware\\TrimStrings->handle(Object(Illuminate\\Http\\Request), Object(Closure))
#34 /Users/segunawotunde/Projects/cipher-learn-app/vendor/laravel/framework/src/Illuminate/Http/Middleware/ValidatePostSize.php(27): Illuminate\\Pipeline\\Pipeline->Illuminate\\Pipeline\\{closure}(Object(Illuminate\\Http\\Request))
#35 /Users/segunawotunde/Projects/cipher-learn-app/vendor/laravel/framework/src/Illuminate/Pipeline/Pipeline.php(219): Illuminate\\Http\\Middleware\\ValidatePostSize->handle(Object(Illuminate\\Http\\Request), Object(Closure))
#36 /Users/segunawotunde/Projects/cipher-learn-app/vendor/laravel/framework/src/Illuminate/Foundation/Http/Middleware/PreventRequestsDuringMaintenance.php(109): Illuminate\\Pipeline\\Pipeline->Illuminate\\Pipeline\\{closure}(Object(Illuminate\\Http\\Request))
#37 /Users/segunawotunde/Projects/cipher-learn-app/vendor/laravel/framework/src/Illuminate/Pipeline/Pipeline.php(219): Illuminate\\Foundation\\Http\\Middleware\\PreventRequestsDuringMaintenance->handle(Object(Illuminate\\Http\\Request), Object(Closure))
#38 /Users/segunawotunde/Projects/cipher-learn-app/vendor/laravel/framework/src/Illuminate/Http/Middleware/HandleCors.php(61): Illuminate\\Pipeline\\Pipeline->Illuminate\\Pipeline\\{closure}(Object(Illuminate\\Http\\Request))
#39 /Users/segunawotunde/Projects/cipher-learn-app/vendor/laravel/framework/src/Illuminate/Pipeline/Pipeline.php(219): Illuminate\\Http\\Middleware\\HandleCors->handle(Object(Illuminate\\Http\\Request), Object(Closure))
#40 /Users/segunawotunde/Projects/cipher-learn-app/vendor/laravel/framework/src/Illuminate/Http/Middleware/TrustProxies.php(58): Illuminate\\Pipeline\\Pipeline->Illuminate\\Pipeline\\{closure}(Object(Illuminate\\Http\\Request))
#41 /Users/segunawotunde/Projects/cipher-learn-app/vendor/laravel/framework/src/Illuminate/Pipeline/Pipeline.php(219): Illuminate\\Http\\Middleware\\TrustProxies->handle(Object(Illuminate\\Http\\Request), Object(Closure))
#42 /Users/segunawotunde/Projects/cipher-learn-app/vendor/laravel/framework/src/Illuminate/Foundation/Http/Middleware/InvokeDeferredCallbacks.php(22): Illuminate\\Pipeline\\Pipeline->Illuminate\\Pipeline\\{closure}(Object(Illuminate\\Http\\Request))
#43 /Users/segunawotunde/Projects/cipher-learn-app/vendor/laravel/framework/src/Illuminate/Pipeline/Pipeline.php(219): Illuminate\\Foundation\\Http\\Middleware\\InvokeDeferredCallbacks->handle(Object(Illuminate\\Http\\Request), Object(Closure))
#44 /Users/segunawotunde/Projects/cipher-learn-app/vendor/laravel/framework/src/Illuminate/Http/Middleware/ValidatePathEncoding.php(26): Illuminate\\Pipeline\\Pipeline->Illuminate\\Pipeline\\{closure}(Object(Illuminate\\Http\\Request))
#45 /Users/segunawotunde/Projects/cipher-learn-app/vendor/laravel/framework/src/Illuminate/Pipeline/Pipeline.php(219): Illuminate\\Http\\Middleware\\ValidatePathEncoding->handle(Object(Illuminate\\Http\\Request), Object(Closure))
#46 /Users/segunawotunde/Projects/cipher-learn-app/vendor/laravel/framework/src/Illuminate/Pipeline/Pipeline.php(137): Illuminate\\Pipeline\\Pipeline->Illuminate\\Pipeline\\{closure}(Object(Illuminate\\Http\\Request))
#47 /Users/segunawotunde/Projects/cipher-learn-app/vendor/laravel/framework/src/Illuminate/Foundation/Http/Kernel.php(175): Illuminate\\Pipeline\\Pipeline->then(Object(Closure))
#48 /Users/segunawotunde/Projects/cipher-learn-app/vendor/laravel/framework/src/Illuminate/Foundation/Http/Kernel.php(144): Illuminate\\Foundation\\Http\\Kernel->sendRequestThroughRouter(Object(Illuminate\\Http\\Request))
#49 /Users/segunawotunde/Projects/cipher-learn-app/vendor/laravel/framework/src/Illuminate/Foundation/Testing/Concerns/MakesHttpRequests.php(607): Illuminate\\Foundation\\Http\\Kernel->handle(Object(Illuminate\\Http\\Request))
#50 /Users/segunawotunde/Projects/cipher-learn-app/vendor/laravel/framework/src/Illuminate/Foundation/Testing/Concerns/MakesHttpRequests.php(368): Illuminate\\Foundation\\Testing\\TestCase->call('GET', 'http://localhos...', Array, Array, Array, Array)
#51 /Users/segunawotunde/Projects/cipher-learn-app/tests/Feature/Reports/ReportExportTest.php(39): Illuminate\\Foundation\\Testing\\TestCase->get('http://localhos...')
#52 /Users/segunawotunde/Projects/cipher-learn-app/vendor/pestphp/pest/src/Factories/TestCaseMethodFactory.php(171): P\\Tests\\Feature\\Reports\\ReportExportTest->{closure}()
#53 [internal function]: P\\Tests\\Feature\\Reports\\ReportExportTest->Pest\\Factories\\{closure}()
#54 /Users/segunawotunde/Projects/cipher-learn-app/vendor/pestphp/pest/src/Concerns/Testable.php(419): call_user_func_array(Object(Closure), Array)
#55 /Users/segunawotunde/Projects/cipher-learn-app/vendor/pestphp/pest/src/Support/ExceptionTrace.php(26): P\\Tests\\Feature\\Reports\\ReportExportTest->Pest\\Concerns\\{closure}()
#56 /Users/segunawotunde/Projects/cipher-learn-app/vendor/pestphp/pest/src/Concerns/Testable.php(419): Pest\\Support\\ExceptionTrace::ensure(Object(Closure))
#57 /Users/segunawotunde/Projects/cipher-learn-app/vendor/pestphp/pest/src/Concerns/Testable.php(321): P\\Tests\\Feature\\Reports\\ReportExportTest->__callClosure(Object(Closure), Array)
#58 /Users/segunawotunde/Projects/cipher-learn-app/vendor/pestphp/pest/src/Factories/TestCaseFactory.php(173) : eval()'d code(17): P\\Tests\\Feature\\Reports\\ReportExportTest->__runTest(Object(Closure))
#59 /Users/segunawotunde/Projects/cipher-learn-app/vendor/phpunit/phpunit/src/Framework/TestCase.php(1667): P\\Tests\\Feature\\Reports\\ReportExportTest->__pest_evaluable_it_streams_a_CSV_export_to_a_reports_view_user()
#60 /Users/segunawotunde/Projects/cipher-learn-app/vendor/phpunit/phpunit/src/Framework/TestCase.php(519): PHPUnit\\Framework\\TestCase->runTest()
#61 /Users/segunawotunde/Projects/cipher-learn-app/vendor/phpunit/phpunit/src/Framework/TestRunner/TestRunner.php(87): PHPUnit\\Framework\\TestCase->runBare()
#62 /Users/segunawotunde/Projects/cipher-learn-app/vendor/phpunit/phpunit/src/Framework/TestCase.php(365): PHPUnit\\Framework\\TestRunner->run(Object(P\\Tests\\Feature\\Reports\\ReportExportTest))
#63 /Users/segunawotunde/Projects/cipher-learn-app/vendor/phpunit/phpunit/src/Framework/TestSuite.php(369): PHPUnit\\Framework\\TestCase->run()
#64 /Users/segunawotunde/Projects/cipher-learn-app/vendor/phpunit/phpunit/src/Framework/TestSuite.php(369): PHPUnit\\Framework\\TestSuite->run()
#65 /Users/segunawotunde/Projects/cipher-learn-app/vendor/phpunit/phpunit/src/Framework/TestSuite.php(369): PHPUnit\\Framework\\TestSuite->run()
#66 /Users/segunawotunde/Projects/cipher-learn-app/vendor/phpunit/phpunit/src/TextUI/TestRunner.php(64): PHPUnit\\Framework\\TestSuite->run()
#67 /Users/segunawotunde/Projects/cipher-learn-app/vendor/phpunit/phpunit/src/TextUI/Application.php(211): PHPUnit\\TextUI\\TestRunner->run(Object(PHPUnit\\TextUI\\Configuration\\Configuration), Object(PHPUnit\\Runner\\ResultCache\\DefaultResultCache), Object(PHPUnit\\Framework\\TestSuite))
#68 /Users/segunawotunde/Projects/cipher-learn-app/vendor/pestphp/pest/src/Kernel.php(103): PHPUnit\\TextUI\\Application->run(Array)
#69 /Users/segunawotunde/Projects/cipher-learn-app/vendor/pestphp/pest/bin/pest(184): Pest\\Kernel->handle(Array, Array)
#70 /Users/segunawotunde/Projects/cipher-learn-app/vendor/pestphp/pest/bin/pest(192): {closure}()
#71 /Users/segunawotunde/Projects/cipher-learn-app/vendor/bin/pest(119): include('/Users/segunawo...')
#72 {main}
"} 
[2026-08-23 10:07:03] testing.ERROR: No application encryption key has been specified. {"request_id":"60cd4ee7-01d6-4837-a374-66a080c56d86","userId":"01m0q1d1edfycgmbahkm387sph","exception":"[object] (Illuminate\\Encryption\\MissingAppKeyException(code: 0): No application encryption key has been specified. at /Users/segunawotunde/Projects/cipher-learn-app/vendor/laravel/framework/src/Illuminate/Encryption/EncryptionServiceProvider.php:83)
[stacktrace]
#0 /Users/segunawotunde/Projects/cipher-learn-app/vendor/laravel/framework/src/Illuminate/Support/helpers.php(393): Illuminate\\Encryption\\EncryptionServiceProvider->Illuminate\\Encryption\\{closure}(NULL)
#1 /Users/segunawotunde/Projects/cipher-learn-app/vendor/laravel/framework/src/Illuminate/Encryption/EncryptionServiceProvider.php(81): tap(NULL, Object(Closure))
#2 /Users/segunawotunde/Projects/cipher-learn-app/vendor/laravel/framework/src/Illuminate/Encryption/EncryptionServiceProvider.php(64): Illuminate\\Encryption\\EncryptionServiceProvider->key(Array)
#3 /Users/segunawotunde/Projects/cipher-learn-app/vendor/laravel/framework/src/Illuminate/Encryption/EncryptionServiceProvider.php(32): Illuminate\\Encryption\\EncryptionServiceProvider->parseKey(Array)
#4 /Users/segunawotunde/Projects/cipher-learn-app/vendor/laravel/framework/src/Illuminate/Container/Container.php(1115): Illuminate\\Encryption\\EncryptionServiceProvider->Illuminate\\Encryption\\{closure}(Object(Illuminate\\Foundation\\Application), Array)
#5 /Users/segunawotunde/Projects/cipher-learn-app/vendor/laravel/framework/src/Illuminate/Container/Container.php(933): Illuminate\\Container\\Container->build(Object(Closure))
#6 /Users/segunawotunde/Projects/cipher-learn-app/vendor/laravel/framework/src/Illuminate/Foundation/Application.php(1078): Illuminate\\Container\\Container->resolve('encrypter', Array, true)
#7 /Users/segunawotunde/Projects/cipher-learn-app/vendor/laravel/framework/src/Illuminate/Container/Container.php(864): Illuminate\\Foundation\\Application->resolve('encrypter', Array)
#8 /Users/segunawotunde/Projects/cipher-learn-app/vendor/laravel/framework/src/Illuminate/Foundation/Application.php(1058): Illuminate\\Container\\Container->make('encrypter', Array)
#9 /Users/segunawotunde/Projects/cipher-learn-app/vendor/laravel/framework/src/Illuminate/Container/Container.php(1336): Illuminate\\Foundation\\Application->make('encrypter')
#10 /Users/segunawotunde/Projects/cipher-learn-app/vendor/laravel/framework/src/Illuminate/Container/Container.php(1237): Illuminate\\Container\\Container->resolveClass(Object(ReflectionParameter), 'Illuminate\\\\Cont...')
#11 /Users/segunawotunde/Projects/cipher-learn-app/vendor/laravel/framework/src/Illuminate/Container/Container.php(1162): Illuminate\\Container\\Container->resolveDependencies(Array)
#12 /Users/segunawotunde/Projects/cipher-learn-app/vendor/laravel/framework/src/Illuminate/Container/Container.php(933): Illuminate\\Container\\Container->build('Illuminate\\\\Cook...')
#13 /Users/segunawotunde/Projects/cipher-learn-app/vendor/laravel/framework/src/Illuminate/Foundation/Application.php(1078): Illuminate\\Container\\Container->resolve('Illuminate\\\\Cook...', Array, true)
#14 /Users/segunawotunde/Projects/cipher-learn-app/vendor/laravel/framework/src/Illuminate/Container/Container.php(864): Illuminate\\Foundation\\Application->resolve('Illuminate\\\\Cook...', Array)
#15 /Users/segunawotunde/Projects/cipher-learn-app/vendor/laravel/framework/src/Illuminate/Foundation/Application.php(1058): Illuminate\\Container\\Container->make('Illuminate\\\\Cook...', Array)
#16 /Users/segunawotunde/Projects/cipher-learn-app/vendor/laravel/framework/src/Illuminate/Pipeline/Pipeline.php(208): Illuminate\\Foundation\\Application->make('Illuminate\\\\Cook...')
#17 /Users/segunawotunde/Projects/cipher-learn-app/vendor/laravel/framework/src/Illuminate/Pipeline/Pipeline.php(137): Illuminate\\Pipeline\\Pipeline->Illuminate\\Pipeline\\{closure}(Object(Illuminate\\Http\\Request))
#18 /Users/segunawotunde/Projects/cipher-learn-app/vendor/laravel/framework/src/Illuminate/Routing/Router.php(821): Illuminate\\Pipeline\\Pipeline->then(Object(Closure))
#19 /Users/segunawotunde/Projects/cipher-learn-app/vendor/laravel/framework/src/Illuminate/Routing/Router.php(800): Illuminate\\Routing\\Router->runRouteWithinStack(Object(Illuminate\\Routing\\Route), Object(Illuminate\\Http\\Request))
#20 /Users/segunawotunde/Projects/cipher-learn-app/vendor/laravel/framework/src/Illuminate/Routing/Router.php(764): Illuminate\\Routing\\Router->runRoute(Object(Illuminate\\Http\\Request), Object(Illuminate\\Routing\\Route))
#21 /Users/segunawotunde/Projects/cipher-learn-app/vendor/laravel/framework/src/Illuminate/Routing/Router.php(753): Illuminate\\Routing\\Router->dispatchToRoute(Object(Illuminate\\Http\\Request))
#22 /Users/segunawotunde/Projects/cipher-learn-app/vendor/laravel/framework/src/Illuminate/Foundation/Http/Kernel.php(200): Illuminate\\Routing\\Router->dispatch(Object(Illuminate\\Http\\Request))
#23 /Users/segunawotunde/Projects/cipher-learn-app/vendor/laravel/framework/src/Illuminate/Pipeline/Pipeline.php(180): Illuminate\\Foundation\\Http\\Kernel->Illuminate\\Foundation\\Http\\{closure}(Object(Illuminate\\Http\\Request))
#24 /Users/segunawotunde/Projects/cipher-learn-app/vendor/livewire/livewire/src/Features/SupportDisablingBackButtonCache/DisableBackButtonCacheMiddleware.php(19): Illuminate\\Pipeline\\Pipeline->Illuminate\\Pipeline\\{closure}(Object(Illuminate\\Http\\Request))
#25 /Users/segunawotunde/Projects/cipher-learn-app/vendor/laravel/framework/src/Illuminate/Pipeline/Pipeline.php(219): Livewire\\Features\\SupportDisablingBackButtonCache\\DisableBackButtonCacheMiddleware->handle(Object(Illuminate\\Http\\Request), Object(Closure))
#26 /Users/segunawotunde/Projects/cipher-learn-app/app/Http/Middleware/AssignRequestId.php(30): Illuminate\\Pipeline\\Pipeline->Illuminate\\Pipeline\\{closure}(Object(Illuminate\\Http\\Request))
#27 /Users/segunawotunde/Projects/cipher-learn-app/vendor/laravel/framework/src/Illuminate/Pipeline/Pipeline.php(219): App\\Http\\Middleware\\AssignRequestId->handle(Object(Illuminate\\Http\\Request), Object(Closure))
#28 /Users/segunawotunde/Projects/cipher-learn-app/vendor/laravel/framework/src/Illuminate/Foundation/Http/Middleware/TransformsRequest.php(21): Illuminate\\Pipeline\\Pipeline->Illuminate\\Pipeline\\{closure}(Object(Illuminate\\Http\\Request))
#29 /Users/segunawotunde/Projects/cipher-learn-app/vendor/laravel/framework/src/Illuminate/Foundation/Http/Middleware/ConvertEmptyStringsToNull.php(31): Illuminate\\Foundation\\Http\\Middleware\\TransformsRequest->handle(Object(Illuminate\\Http\\Request), Object(Closure))
#30 /Users/segunawotunde/Projects/cipher-learn-app/vendor/laravel/framework/src/Illuminate/Pipeline/Pipeline.php(219): Illuminate\\Foundation\\Http\\Middleware\\ConvertEmptyStringsToNull->handle(Object(Illuminate\\Http\\Request), Object(Closure))
#31 /Users/segunawotunde/Projects/cipher-learn-app/vendor/laravel/framework/src/Illuminate/Foundation/Http/Middleware/TransformsRequest.php(21): Illuminate\\Pipeline\\Pipeline->Illuminate\\Pipeline\\{closure}(Object(Illuminate\\Http\\Request))
#32 /Users/segunawotunde/Projects/cipher-learn-app/vendor/laravel/framework/src/Illuminate/Foundation/Http/Middleware/TrimStrings.php(51): Illuminate\\Foundation\\Http\\Middleware\\TransformsRequest->handle(Object(Illuminate\\Http\\Request), Object(Closure))
#33 /Users/segunawotunde/Projects/cipher-learn-app/vendor/laravel/framework/src/Illuminate/Pipeline/Pipeline.php(219): Illuminate\\Foundation\\Http\\Middleware\\TrimStrings->handle(Object(Illuminate\\Http\\Request), Object(Closure))
#34 /Users/segunawotunde/Projects/cipher-learn-app/vendor/laravel/framework/src/Illuminate/Http/Middleware/ValidatePostSize.php(27): Illuminate\\Pipeline\\Pipeline->Illuminate\\Pipeline\\{closure}(Object(Illuminate\\Http\\Request))
#35 /Users/segunawotunde/Projects/cipher-learn-app/vendor/laravel/framework/src/Illuminate/Pipeline/Pipeline.php(219): Illuminate\\Http\\Middleware\\ValidatePostSize->handle(Object(Illuminate\\Http\\Request), Object(Closure))
#36 /Users/segunawotunde/Projects/cipher-learn-app/vendor/laravel/framework/src/Illuminate/Foundation/Http/Middleware/PreventRequestsDuringMaintenance.php(109): Illuminate\\Pipeline\\Pipeline->Illuminate\\Pipeline\\{closure}(Object(Illuminate\\Http\\Request))
#37 /Users/segunawotunde/Projects/cipher-learn-app/vendor/laravel/framework/src/Illuminate/Pipeline/Pipeline.php(219): Illuminate\\Foundation\\Http\\Middleware\\PreventRequestsDuringMaintenance->handle(Object(Illuminate\\Http\\Request), Object(Closure))
#38 /Users/segunawotunde/Projects/cipher-learn-app/vendor/laravel/framework/src/Illuminate/Http/Middleware/HandleCors.php(61): Illuminate\\Pipeline\\Pipeline->Illuminate\\Pipeline\\{closure}(Object(Illuminate\\Http\\Request))
#39 /Users/segunawotunde/Projects/cipher-learn-app/vendor/laravel/framework/src/Illuminate/Pipeline/Pipeline.php(219): Illuminate\\Http\\Middleware\\HandleCors->handle(Object(Illuminate\\Http\\Request), Object(Closure))
#40 /Users/segunawotunde/Projects/cipher-learn-app/vendor/laravel/framework/src/Illuminate/Http/Middleware/TrustProxies.php(58): Illuminate\\Pipeline\\Pipeline->Illuminate\\Pipeline\\{closure}(Object(Illuminate\\Http\\Request))
#41 /Users/segunawotunde/Projects/cipher-learn-app/vendor/laravel/framework/src/Illuminate/Pipeline/Pipeline.php(219): Illuminate\\Http\\Middleware\\TrustProxies->handle(Object(Illuminate\\Http\\Request), Object(Closure))
#42 /Users/segunawotunde/Projects/cipher-learn-app/vendor/laravel/framework/src/Illuminate/Foundation/Http/Middleware/InvokeDeferredCallbacks.php(22): Illuminate\\Pipeline\\Pipeline->Illuminate\\Pipeline\\{closure}(Object(Illuminate\\Http\\Request))
#43 /Users/segunawotunde/Projects/cipher-learn-app/vendor/laravel/framework/src/Illuminate/Pipeline/Pipeline.php(219): Illuminate\\Foundation\\Http\\Middleware\\InvokeDeferredCallbacks->handle(Object(Illuminate\\Http\\Request), Object(Closure))
#44 /Users/segunawotunde/Projects/cipher-learn-app/vendor/laravel/framework/src/Illuminate/Http/Middleware/ValidatePathEncoding.php(26): Illuminate\\Pipeline\\Pipeline->Illuminate\\Pipeline\\{closure}(Object(Illuminate\\Http\\Request))
#45 /Users/segunawotunde/Projects/cipher-learn-app/vendor/laravel/framework/src/Illuminate/Pipeline/Pipeline.php(219): Illuminate\\Http\\Middleware\\ValidatePathEncoding->handle(Object(Illuminate\\Http\\Request), Object(Closure))
#46 /Users/segunawotunde/Projects/cipher-learn-app/vendor/laravel/framework/src/Illuminate/Pipeline/Pipeline.php(137): Illuminate\\Pipeline\\Pipeline->Illuminate\\Pipeline\\{closure}(Object(Illuminate\\Http\\Request))
#47 /Users/segunawotunde/Projects/cipher-learn-app/vendor/laravel/framework/src/Illuminate/Foundation/Http/Kernel.php(175): Illuminate\\Pipeline\\Pipeline->then(Object(Closure))
#48 /Users/segunawotunde/Projects/cipher-learn-app/vendor/laravel/framework/src/Illuminate/Foundation/Http/Kernel.php(144): Illuminate\\Foundation\\Http\\Kernel->sendRequestThroughRouter(Object(Illuminate\\Http\\Request))
#49 /Users/segunawotunde/Projects/cipher-learn-app/vendor/laravel/framework/src/Illuminate/Foundation/Testing/Concerns/MakesHttpRequests.php(607): Illuminate\\Foundation\\Http\\Kernel->handle(Object(Illuminate\\Http\\Request))
#50 /Users/segunawotunde/Projects/cipher-learn-app/vendor/laravel/framework/src/Illuminate/Foundation/Testing/Concerns/MakesHttpRequests.php(368): Illuminate\\Foundation\\Testing\\TestCase->call('GET', 'http://localhos...', Array, Array, Array, Array)
#51 /Users/segunawotunde/Projects/cipher-learn-app/tests/Feature/Reports/ReportExportTest.php(52): Illuminate\\Foundation\\Testing\\TestCase->get('http://localhos...')
#52 /Users/segunawotunde/Projects/cipher-learn-app/vendor/pestphp/pest/src/Factories/TestCaseMethodFactory.php(171): P\\Tests\\Feature\\Reports\\ReportExportTest->{closure}()
#53 [internal function]: P\\Tests\\Feature\\Reports\\ReportExportTest->Pest\\Factories\\{closure}()
#54 /Users/segunawotunde/Projects/cipher-learn-app/vendor/pestphp/pest/src/Concerns/Testable.php(419): call_user_func_array(Object(Closure), Array)
#55 /Users/segunawotunde/Projects/cipher-learn-app/vendor/pestphp/pest/src/Support/ExceptionTrace.php(26): P\\Tests\\Feature\\Reports\\ReportExportTest->Pest\\Concerns\\{closure}()
#56 /Users/segunawotunde/Projects/cipher-learn-app/vendor/pestphp/pest/src/Concerns/Testable.php(419): Pest\\Support\\ExceptionTrace::ensure(Object(Closure))
#57 /Users/segunawotunde/Projects/cipher-learn-app/vendor/pestphp/pest/src/Concerns/Testable.php(321): P\\Tests\\Feature\\Reports\\ReportExportTest->__callClosure(Object(Closure), Array)
#58 /Users/segunawotunde/Projects/cipher-learn-app/vendor/pestphp/pest/src/Factories/TestCaseFactory.php(173) : eval()'d code(26): P\\Tests\\Feature\\Reports\\ReportExportTest->__runTest(Object(Closure))
#59 /Users/segunawotunde/Projects/cipher-learn-app/vendor/phpunit/phpunit/src/Framework/TestCase.php(1667): P\\Tests\\Feature\\Reports\\ReportExportTest->__pest_evaluable_it_forbids_the_export_for_a_user_without_reports_view()
#60 /Users/segunawotunde/Projects/cipher-learn-app/vendor/phpunit/phpunit/src/Framework/TestCase.php(519): PHPUnit\\Framework\\TestCase->runTest()
#61 /Users/segunawotunde/Projects/cipher-learn-app/vendor/phpunit/phpunit/src/Framework/TestRunner/TestRunner.php(87): PHPUnit\\Framework\\TestCase->runBare()
#62 /Users/segunawotunde/Projects/cipher-learn-app/vendor/phpunit/phpunit/src/Framework/TestCase.php(365): PHPUnit\\Framework\\TestRunner->run(Object(P\\Tests\\Feature\\Reports\\ReportExportTest))
#63 /Users/segunawotunde/Projects/cipher-learn-app/vendor/phpunit/phpunit/src/Framework/TestSuite.php(369): PHPUnit\\Framework\\TestCase->run()
#64 /Users/segunawotunde/Projects/cipher-learn-app/vendor/phpunit/phpunit/src/Framework/TestSuite.php(369): PHPUnit\\Framework\\TestSuite->run()
#65 /Users/segunawotunde/Projects/cipher-learn-app/vendor/phpunit/phpunit/src/Framework/TestSuite.php(369): PHPUnit\\Framework\\TestSuite->run()
#66 /Users/segunawotunde/Projects/cipher-learn-app/vendor/phpunit/phpunit/src/TextUI/TestRunner.php(64): PHPUnit\\Framework\\TestSuite->run()
#67 /Users/segunawotunde/Projects/cipher-learn-app/vendor/phpunit/phpunit/src/TextUI/Application.php(211): PHPUnit\\TextUI\\TestRunner->run(Object(PHPUnit\\TextUI\\Configuration\\Configuration), Object(PHPUnit\\Runner\\ResultCache\\DefaultResultCache), Object(PHPUnit\\Framework\\TestSuite))
#68 /Users/segunawotunde/Projects/cipher-learn-app/vendor/pestphp/pest/src/Kernel.php(103): PHPUnit\\TextUI\\Application->run(Array)
#69 /Users/segunawotunde/Projects/cipher-learn-app/vendor/pestphp/pest/bin/pest(184): Pest\\Kernel->handle(Array, Array)
#70 /Users/segunawotunde/Projects/cipher-learn-app/vendor/pestphp/pest/bin/pest(192): {closure}()
#71 /Users/segunawotunde/Projects/cipher-learn-app/vendor/bin/pest(119): include('/Users/segunawo...')
#72 {main}
"} 
[2026-08-23 10:07:03] testing.ERROR: No application encryption key has been specified. {"request_id":"76bb9a4c-6a91-44b4-b1c1-25ceb1577038","userId":"01m0q1d1fr0d9k58dadp2hy4y3","exception":"[object] (Illuminate\\Encryption\\MissingAppKeyException(code: 0): No application encryption key has been specified. at /Users/segunawotunde/Projects/cipher-learn-app/vendor/laravel/framework/src/Illuminate/Encryption/EncryptionServiceProvider.php:83)
[stacktrace]
#0 /Users/segunawotunde/Projects/cipher-learn-app/vendor/laravel/framework/src/Illuminate/Support/helpers.php(393): Illuminate\\Encryption\\EncryptionServiceProvider->Illuminate\\Encryption\\{closure}(NULL)
#1 /Users/segunawotunde/Projects/cipher-learn-app/vendor/laravel/framework/src/Illuminate/Encryption/EncryptionServiceProvider.php(81): tap(NULL, Object(Closure))
#2 /Users/segunawotunde/Projects/cipher-learn-app/vendor/laravel/framework/src/Illuminate/Encryption/EncryptionServiceProvider.php(64): Illuminate\\Encryption\\EncryptionServiceProvider->key(Array)
#3 /Users/segunawotunde/Projects/cipher-learn-app/vendor/laravel/framework/src/Illuminate/Encryption/EncryptionServiceProvider.php(32): Illuminate\\Encryption\\EncryptionServiceProvider->parseKey(Array)
#4 /Users/segunawotunde/Projects/cipher-learn-app/vendor/laravel/framework/src/Illuminate/Container/Container.php(1115): Illuminate\\Encryption\\EncryptionServiceProvider->Illuminate\\Encryption\\{closure}(Object(Illuminate\\Foundation\\Application), Array)
#5 /Users/segunawotunde/Projects/cipher-learn-app/vendor/laravel/framework/src/Illuminate/Container/Container.php(933): Illuminate\\Container\\Container->build(Object(Closure))
#6 /Users/segunawotunde/Projects/cipher-learn-app/vendor/laravel/framework/src/Illuminate/Foundation/Application.php(1078): Illuminate\\Container\\Container->resolve('encrypter', Array, true)
#7 /Users/segunawotunde/Projects/cipher-learn-app/vendor/laravel/framework/src/Illuminate/Container/Container.php(864): Illuminate\\Foundation\\Application->resolve('encrypter', Array)
#8 /Users/segunawotunde/Projects/cipher-learn-app/vendor/laravel/framework/src/Illuminate/Foundation/Application.php(1058): Illuminate\\Container\\Container->make('encrypter', Array)
#9 /Users/segunawotunde/Projects/cipher-learn-app/vendor/laravel/framework/src/Illuminate/Container/Container.php(1336): Illuminate\\Foundation\\Application->make('encrypter')
#10 /Users/segunawotunde/Projects/cipher-learn-app/vendor/laravel/framework/src/Illuminate/Container/Container.php(1237): Illuminate\\Container\\Container->resolveClass(Object(ReflectionParameter), 'Illuminate\\\\Cont...')
#11 /Users/segunawotunde/Projects/cipher-learn-app/vendor/laravel/framework/src/Illuminate/Container/Container.php(1162): Illuminate\\Container\\Container->resolveDependencies(Array)
#12 /Users/segunawotunde/Projects/cipher-learn-app/vendor/laravel/framework/src/Illuminate/Container/Container.php(933): Illuminate\\Container\\Container->build('Illuminate\\\\Cook...')
#13 /Users/segunawotunde/Projects/cipher-learn-app/vendor/laravel/framework/src/Illuminate/Foundation/Application.php(1078): Illuminate\\Container\\Container->resolve('Illuminate\\\\Cook...', Array, true)
#14 /Users/segunawotunde/Projects/cipher-learn-app/vendor/laravel/framework/src/Illuminate/Container/Container.php(864): Illuminate\\Foundation\\Application->resolve('Illuminate\\\\Cook...', Array)
#15 /Users/segunawotunde/Projects/cipher-learn-app/vendor/laravel/framework/src/Illuminate/Foundation/Application.php(1058): Illuminate\\Container\\Container->make('Illuminate\\\\Cook...', Array)
#16 /Users/segunawotunde/Projects/cipher-learn-app/vendor/laravel/framework/src/Illuminate/Pipeline/Pipeline.php(208): Illuminate\\Foundation\\Application->make('Illuminate\\\\Cook...')
#17 /Users/segunawotunde/Projects/cipher-learn-app/vendor/laravel/framework/src/Illuminate/Pipeline/Pipeline.php(137): Illuminate\\Pipeline\\Pipeline->Illuminate\\Pipeline\\{closure}(Object(Illuminate\\Http\\Request))
#18 /Users/segunawotunde/Projects/cipher-learn-app/vendor/laravel/framework/src/Illuminate/Routing/Router.php(821): Illuminate\\Pipeline\\Pipeline->then(Object(Closure))
#19 /Users/segunawotunde/Projects/cipher-learn-app/vendor/laravel/framework/src/Illuminate/Routing/Router.php(800): Illuminate\\Routing\\Router->runRouteWithinStack(Object(Illuminate\\Routing\\Route), Object(Illuminate\\Http\\Request))
#20 /Users/segunawotunde/Projects/cipher-learn-app/vendor/laravel/framework/src/Illuminate/Routing/Router.php(764): Illuminate\\Routing\\Router->runRoute(Object(Illuminate\\Http\\Request), Object(Illuminate\\Routing\\Route))
#21 /Users/segunawotunde/Projects/cipher-learn-app/vendor/laravel/framework/src/Illuminate/Routing/Router.php(753): Illuminate\\Routing\\Router->dispatchToRoute(Object(Illuminate\\Http\\Request))
#22 /Users/segunawotunde/Projects/cipher-learn-app/vendor/laravel/framework/src/Illuminate/Foundation/Http/Kernel.php(200): Illuminate\\Routing\\Router->dispatch(Object(Illuminate\\Http\\Request))
#23 /Users/segunawotunde/Projects/cipher-learn-app/vendor/laravel/framework/src/Illuminate/Pipeline/Pipeline.php(180): Illuminate\\Foundation\\Http\\Kernel->Illuminate\\Foundation\\Http\\{closure}(Object(Illuminate\\Http\\Request))
#24 /Users/segunawotunde/Projects/cipher-learn-app/vendor/livewire/livewire/src/Features/SupportDisablingBackButtonCache/DisableBackButtonCacheMiddleware.php(19): Illuminate\\Pipeline\\Pipeline->Illuminate\\Pipeline\\{closure}(Object(Illuminate\\Http\\Request))
#25 /Users/segunawotunde/Projects/cipher-learn-app/vendor/laravel/framework/src/Illuminate/Pipeline/Pipeline.php(219): Livewire\\Features\\SupportDisablingBackButtonCache\\DisableBackButtonCacheMiddleware->handle(Object(Illuminate\\Http\\Request), Object(Closure))
#26 /Users/segunawotunde/Projects/cipher-learn-app/app/Http/Middleware/AssignRequestId.php(30): Illuminate\\Pipeline\\Pipeline->Illuminate\\Pipeline\\{closure}(Object(Illuminate\\Http\\Request))
#27 /Users/segunawotunde/Projects/cipher-learn-app/vendor/laravel/framework/src/Illuminate/Pipeline/Pipeline.php(219): App\\Http\\Middleware\\AssignRequestId->handle(Object(Illuminate\\Http\\Request), Object(Closure))
#28 /Users/segunawotunde/Projects/cipher-learn-app/vendor/laravel/framework/src/Illuminate/Foundation/Http/Middleware/TransformsRequest.php(21): Illuminate\\Pipeline\\Pipeline->Illuminate\\Pipeline\\{closure}(Object(Illuminate\\Http\\Request))
#29 /Users/segunawotunde/Projects/cipher-learn-app/vendor/laravel/framework/src/Illuminate/Foundation/Http/Middleware/ConvertEmptyStringsToNull.php(31): Illuminate\\Foundation\\Http\\Middleware\\TransformsRequest->handle(Object(Illuminate\\Http\\Request), Object(Closure))
#30 /Users/segunawotunde/Projects/cipher-learn-app/vendor/laravel/framework/src/Illuminate/Pipeline/Pipeline.php(219): Illuminate\\Foundation\\Http\\Middleware\\ConvertEmptyStringsToNull->handle(Object(Illuminate\\Http\\Request), Object(Closure))
#31 /Users/segunawotunde/Projects/cipher-learn-app/vendor/laravel/framework/src/Illuminate/Foundation/Http/Middleware/TransformsRequest.php(21): Illuminate\\Pipeline\\Pipeline->Illuminate\\Pipeline\\{closure}(Object(Illuminate\\Http\\Request))
#32 /Users/segunawotunde/Projects/cipher-learn-app/vendor/laravel/framework/src/Illuminate/Foundation/Http/Middleware/TrimStrings.php(51): Illuminate\\Foundation\\Http\\Middleware\\TransformsRequest->handle(Object(Illuminate\\Http\\Request), Object(Closure))
#33 /Users/segunawotunde/Projects/cipher-learn-app/vendor/laravel/framework/src/Illuminate/Pipeline/Pipeline.php(219): Illuminate\\Foundation\\Http\\Middleware\\TrimStrings->handle(Object(Illuminate\\Http\\Request), Object(Closure))
#34 /Users/segunawotunde/Projects/cipher-learn-app/vendor/laravel/framework/src/Illuminate/Http/Middleware/ValidatePostSize.php(27): Illuminate\\Pipeline\\Pipeline->Illuminate\\Pipeline\\{closure}(Object(Illuminate\\Http\\Request))
#35 /Users/segunawotunde/Projects/cipher-learn-app/vendor/laravel/framework/src/Illuminate/Pipeline/Pipeline.php(219): Illuminate\\Http\\Middleware\\ValidatePostSize->handle(Object(Illuminate\\Http\\Request), Object(Closure))
#36 /Users/segunawotunde/Projects/cipher-learn-app/vendor/laravel/framework/src/Illuminate/Foundation/Http/Middleware/PreventRequestsDuringMaintenance.php(109): Illuminate\\Pipeline\\Pipeline->Illuminate\\Pipeline\\{closure}(Object(Illuminate\\Http\\Request))
#37 /Users/segunawotunde/Projects/cipher-learn-app/vendor/laravel/framework/src/Illuminate/Pipeline/Pipeline.php(219): Illuminate\\Foundation\\Http\\Middleware\\PreventRequestsDuringMaintenance->handle(Object(Illuminate\\Http\\Request), Object(Closure))
#38 /Users/segunawotunde/Projects/cipher-learn-app/vendor/laravel/framework/src/Illuminate/Http/Middleware/HandleCors.php(61): Illuminate\\Pipeline\\Pipeline->Illuminate\\Pipeline\\{closure}(Object(Illuminate\\Http\\Request))
#39 /Users/segunawotunde/Projects/cipher-learn-app/vendor/laravel/framework/src/Illuminate/Pipeline/Pipeline.php(219): Illuminate\\Http\\Middleware\\HandleCors->handle(Object(Illuminate\\Http\\Request), Object(Closure))
#40 /Users/segunawotunde/Projects/cipher-learn-app/vendor/laravel/framework/src/Illuminate/Http/Middleware/TrustProxies.php(58): Illuminate\\Pipeline\\Pipeline->Illuminate\\Pipeline\\{closure}(Object(Illuminate\\Http\\Request))
#41 /Users/segunawotunde/Projects/cipher-learn-app/vendor/laravel/framework/src/Illuminate/Pipeline/Pipeline.php(219): Illuminate\\Http\\Middleware\\TrustProxies->handle(Object(Illuminate\\Http\\Request), Object(Closure))
#42 /Users/segunawotunde/Projects/cipher-learn-app/vendor/laravel/framework/src/Illuminate/Foundation/Http/Middleware/InvokeDeferredCallbacks.php(22): Illuminate\\Pipeline\\Pipeline->Illuminate\\Pipeline\\{closure}(Object(Illuminate\\Http\\Request))
#43 /Users/segunawotunde/Projects/cipher-learn-app/vendor/laravel/framework/src/Illuminate/Pipeline/Pipeline.php(219): Illuminate\\Foundation\\Http\\Middleware\\InvokeDeferredCallbacks->handle(Object(Illuminate\\Http\\Request), Object(Closure))
#44 /Users/segunawotunde/Projects/cipher-learn-app/vendor/laravel/framework/src/Illuminate/Http/Middleware/ValidatePathEncoding.php(26): Illuminate\\Pipeline\\Pipeline->Illuminate\\Pipeline\\{closure}(Object(Illuminate\\Http\\Request))
#45 /Users/segunawotunde/Projects/cipher-learn-app/vendor/laravel/framework/src/Illuminate/Pipeline/Pipeline.php(219): Illuminate\\Http\\Middleware\\ValidatePathEncoding->handle(Object(Illuminate\\Http\\Request), Object(Closure))
#46 /Users/segunawotunde/Projects/cipher-learn-app/vendor/laravel/framework/src/Illuminate/Pipeline/Pipeline.php(137): Illuminate\\Pipeline\\Pipeline->Illuminate\\Pipeline\\{closure}(Object(Illuminate\\Http\\Request))
#47 /Users/segunawotunde/Projects/cipher-learn-app/vendor/laravel/framework/src/Illuminate/Foundation/Http/Kernel.php(175): Illuminate\\Pipeline\\Pipeline->then(Object(Closure))
#48 /Users/segunawotunde/Projects/cipher-learn-app/vendor/laravel/framework/src/Illuminate/Foundation/Http/Kernel.php(144): Illuminate\\Foundation\\Http\\Kernel->sendRequestThroughRouter(Object(Illuminate\\Http\\Request))
#49 /Users/segunawotunde/Projects/cipher-learn-app/vendor/laravel/framework/src/Illuminate/Foundation/Testing/Concerns/MakesHttpRequests.php(607): Illuminate\\Foundation\\Http\\Kernel->handle(Object(Illuminate\\Http\\Request))
#50 /Users/segunawotunde/Projects/cipher-learn-app/vendor/laravel/framework/src/Illuminate/Foundation/Testing/Concerns/MakesHttpRequests.php(368): Illuminate\\Foundation\\Testing\\TestCase->call('GET', 'http://localhos...', Array, Array, Array, Array)
#51 /Users/segunawotunde/Projects/cipher-learn-app/tests/Feature/Reports/ReportExportTest.php(58): Illuminate\\Foundation\\Testing\\TestCase->get('http://localhos...')
#52 /Users/segunawotunde/Projects/cipher-learn-app/vendor/pestphp/pest/src/Factories/TestCaseMethodFactory.php(171): P\\Tests\\Feature\\Reports\\ReportExportTest->{closure}()
#53 [internal function]: P\\Tests\\Feature\\Reports\\ReportExportTest->Pest\\Factories\\{closure}()
#54 /Users/segunawotunde/Projects/cipher-learn-app/vendor/pestphp/pest/src/Concerns/Testable.php(419): call_user_func_array(Object(Closure), Array)
#55 /Users/segunawotunde/Projects/cipher-learn-app/vendor/pestphp/pest/src/Support/ExceptionTrace.php(26): P\\Tests\\Feature\\Reports\\ReportExportTest->Pest\\Concerns\\{closure}()
#56 /Users/segunawotunde/Projects/cipher-learn-app/vendor/pestphp/pest/src/Concerns/Testable.php(419): Pest\\Support\\ExceptionTrace::ensure(Object(Closure))
#57 /Users/segunawotunde/Projects/cipher-learn-app/vendor/pestphp/pest/src/Concerns/Testable.php(321): P\\Tests\\Feature\\Reports\\ReportExportTest->__callClosure(Object(Closure), Array)
#58 /Users/segunawotunde/Projects/cipher-learn-app/vendor/pestphp/pest/src/Factories/TestCaseFactory.php(173) : eval()'d code(35): P\\Tests\\Feature\\Reports\\ReportExportTest->__runTest(Object(Closure))
#59 /Users/segunawotunde/Projects/cipher-learn-app/vendor/phpunit/phpunit/src/Framework/TestCase.php(1667): P\\Tests\\Feature\\Reports\\ReportExportTest->__pest_evaluable_it_404s_an_unknown_report_key()
#60 /Users/segunawotunde/Projects/cipher-learn-app/vendor/phpunit/phpunit/src/Framework/TestCase.php(519): PHPUnit\\Framework\\TestCase->runTest()
#61 /Users/segunawotunde/Projects/cipher-learn-app/vendor/phpunit/phpunit/src/Framework/TestRunner/TestRunner.php(87): PHPUnit\\Framework\\TestCase->runBare()
#62 /Users/segunawotunde/Projects/cipher-learn-app/vendor/phpunit/phpunit/src/Framework/TestCase.php(365): PHPUnit\\Framework\\TestRunner->run(Object(P\\Tests\\Feature\\Reports\\ReportExportTest))
#63 /Users/segunawotunde/Projects/cipher-learn-app/vendor/phpunit/phpunit/src/Framework/TestSuite.php(369): PHPUnit\\Framework\\TestCase->run()
#64 /Users/segunawotunde/Projects/cipher-learn-app/vendor/phpunit/phpunit/src/Framework/TestSuite.php(369): PHPUnit\\Framework\\TestSuite->run()
#65 /Users/segunawotunde/Projects/cipher-learn-app/vendor/phpunit/phpunit/src/Framework/TestSuite.php(369): PHPUnit\\Framework\\TestSuite->run()
#66 /Users/segunawotunde/Projects/cipher-learn-app/vendor/phpunit/phpunit/src/TextUI/TestRunner.php(64): PHPUnit\\Framework\\TestSuite->run()
#67 /Users/segunawotunde/Projects/cipher-learn-app/vendor/phpunit/phpunit/src/TextUI/Application.php(211): PHPUnit\\TextUI\\TestRunner->run(Object(PHPUnit\\TextUI\\Configuration\\Configuration), Object(PHPUnit\\Runner\\ResultCache\\DefaultResultCache), Object(PHPUnit\\Framework\\TestSuite))
#68 /Users/segunawotunde/Projects/cipher-learn-app/vendor/pestphp/pest/src/Kernel.php(103): PHPUnit\\TextUI\\Application->run(Array)
#69 /Users/segunawotunde/Projects/cipher-learn-app/vendor/pestphp/pest/bin/pest(184): Pest\\Kernel->handle(Array, Array)
#70 /Users/segunawotunde/Projects/cipher-learn-app/vendor/pestphp/pest/bin/pest(192): {closure}()
#71 /Users/segunawotunde/Projects/cipher-learn-app/vendor/bin/pest(119): include('/Users/segunawo...')
#72 {main}
"} 
[2026-08-23 10:07:03] testing.ERROR: No application encryption key has been specified. {"request_id":"b763c999-66cb-4560-8700-231c29436435","userId":"01m0q1d1h6see9a16f17azf9z3","exception":"[object] (Illuminate\\Encryption\\MissingAppKeyException(code: 0): No application encryption key has been specified. at /Users/segunawotunde/Projects/cipher-learn-app/vendor/laravel/framework/src/Illuminate/Encryption/EncryptionServiceProvider.php:83)
[stacktrace]
#0 /Users/segunawotunde/Projects/cipher-learn-app/vendor/laravel/framework/src/Illuminate/Support/helpers.php(393): Illuminate\\Encryption\\EncryptionServiceProvider->Illuminate\\Encryption\\{closure}(NULL)
#1 /Users/segunawotunde/Projects/cipher-learn-app/vendor/laravel/framework/src/Illuminate/Encryption/EncryptionServiceProvider.php(81): tap(NULL, Object(Closure))
#2 /Users/segunawotunde/Projects/cipher-learn-app/vendor/laravel/framework/src/Illuminate/Encryption/EncryptionServiceProvider.php(64): Illuminate\\Encryption\\EncryptionServiceProvider->key(Array)
#3 /Users/segunawotunde/Projects/cipher-learn-app/vendor/laravel/framework/src/Illuminate/Encryption/EncryptionServiceProvider.php(32): Illuminate\\Encryption\\EncryptionServiceProvider->parseKey(Array)
#4 /Users/segunawotunde/Projects/cipher-learn-app/vendor/laravel/framework/src/Illuminate/Container/Container.php(1115): Illuminate\\Encryption\\EncryptionServiceProvider->Illuminate\\Encryption\\{closure}(Object(Illuminate\\Foundation\\Application), Array)
#5 /Users/segunawotunde/Projects/cipher-learn-app/vendor/laravel/framework/src/Illuminate/Container/Container.php(933): Illuminate\\Container\\Container->build(Object(Closure))
#6 /Users/segunawotunde/Projects/cipher-learn-app/vendor/laravel/framework/src/Illuminate/Foundation/Application.php(1078): Illuminate\\Container\\Container->resolve('encrypter', Array, true)
#7 /Users/segunawotunde/Projects/cipher-learn-app/vendor/laravel/framework/src/Illuminate/Container/Container.php(864): Illuminate\\Foundation\\Application->resolve('encrypter', Array)
#8 /Users/segunawotunde/Projects/cipher-learn-app/vendor/laravel/framework/src/Illuminate/Foundation/Application.php(1058): Illuminate\\Container\\Container->make('encrypter', Array)
#9 /Users/segunawotunde/Projects/cipher-learn-app/vendor/laravel/framework/src/Illuminate/Container/Container.php(1336): Illuminate\\Foundation\\Application->make('encrypter')
#10 /Users/segunawotunde/Projects/cipher-learn-app/vendor/laravel/framework/src/Illuminate/Container/Container.php(1237): Illuminate\\Container\\Container->resolveClass(Object(ReflectionParameter), 'Illuminate\\\\Cont...')
#11 /Users/segunawotunde/Projects/cipher-learn-app/vendor/laravel/framework/src/Illuminate/Container/Container.php(1162): Illuminate\\Container\\Container->resolveDependencies(Array)
#12 /Users/segunawotunde/Projects/cipher-learn-app/vendor/laravel/framework/src/Illuminate/Container/Container.php(933): Illuminate\\Container\\Container->build('Illuminate\\\\Cook...')
#13 /Users/segunawotunde/Projects/cipher-learn-app/vendor/laravel/framework/src/Illuminate/Foundation/Application.php(1078): Illuminate\\Container\\Container->resolve('Illuminate\\\\Cook...', Array, true)
#14 /Users/segunawotunde/Projects/cipher-learn-app/vendor/laravel/framework/src/Illuminate/Container/Container.php(864): Illuminate\\Foundation\\Application->resolve('Illuminate\\\\Cook...', Array)
#15 /Users/segunawotunde/Projects/cipher-learn-app/vendor/laravel/framework/src/Illuminate/Foundation/Application.php(1058): Illuminate\\Container\\Container->make('Illuminate\\\\Cook...', Array)
#16 /Users/segunawotunde/Projects/cipher-learn-app/vendor/laravel/framework/src/Illuminate/Pipeline/Pipeline.php(208): Illuminate\\Foundation\\Application->make('Illuminate\\\\Cook...')
#17 /Users/segunawotunde/Projects/cipher-learn-app/vendor/laravel/framework/src/Illuminate/Pipeline/Pipeline.php(137): Illuminate\\Pipeline\\Pipeline->Illuminate\\Pipeline\\{closure}(Object(Illuminate\\Http\\Request))
#18 /Users/segunawotunde/Projects/cipher-learn-app/vendor/laravel/framework/src/Illuminate/Routing/Router.php(821): Illuminate\\Pipeline\\Pipeline->then(Object(Closure))
#19 /Users/segunawotunde/Projects/cipher-learn-app/vendor/laravel/framework/src/Illuminate/Routing/Router.php(800): Illuminate\\Routing\\Router->runRouteWithinStack(Object(Illuminate\\Routing\\Route), Object(Illuminate\\Http\\Request))
#20 /Users/segunawotunde/Projects/cipher-learn-app/vendor/laravel/framework/src/Illuminate/Routing/Router.php(764): Illuminate\\Routing\\Router->runRoute(Object(Illuminate\\Http\\Request), Object(Illuminate\\Routing\\Route))
#21 /Users/segunawotunde/Projects/cipher-learn-app/vendor/laravel/framework/src/Illuminate/Routing/Router.php(753): Illuminate\\Routing\\Router->dispatchToRoute(Object(Illuminate\\Http\\Request))
#22 /Users/segunawotunde/Projects/cipher-learn-app/vendor/laravel/framework/src/Illuminate/Foundation/Http/Kernel.php(200): Illuminate\\Routing\\Router->dispatch(Object(Illuminate\\Http\\Request))
#23 /Users/segunawotunde/Projects/cipher-learn-app/vendor/laravel/framework/src/Illuminate/Pipeline/Pipeline.php(180): Illuminate\\Foundation\\Http\\Kernel->Illuminate\\Foundation\\Http\\{closure}(Object(Illuminate\\Http\\Request))
#24 /Users/segunawotunde/Projects/cipher-learn-app/vendor/livewire/livewire/src/Features/SupportDisablingBackButtonCache/DisableBackButtonCacheMiddleware.php(19): Illuminate\\Pipeline\\Pipeline->Illuminate\\Pipeline\\{closure}(Object(Illuminate\\Http\\Request))
#25 /Users/segunawotunde/Projects/cipher-learn-app/vendor/laravel/framework/src/Illuminate/Pipeline/Pipeline.php(219): Livewire\\Features\\SupportDisablingBackButtonCache\\DisableBackButtonCacheMiddleware->handle(Object(Illuminate\\Http\\Request), Object(Closure))
#26 /Users/segunawotunde/Projects/cipher-learn-app/app/Http/Middleware/AssignRequestId.php(30): Illuminate\\Pipeline\\Pipeline->Illuminate\\Pipeline\\{closure}(Object(Illuminate\\Http\\Request))
#27 /Users/segunawotunde/Projects/cipher-learn-app/vendor/laravel/framework/src/Illuminate/Pipeline/Pipeline.php(219): App\\Http\\Middleware\\AssignRequestId->handle(Object(Illuminate\\Http\\Request), Object(Closure))
#28 /Users/segunawotunde/Projects/cipher-learn-app/vendor/laravel/framework/src/Illuminate/Foundation/Http/Middleware/TransformsRequest.php(21): Illuminate\\Pipeline\\Pipeline->Illuminate\\Pipeline\\{closure}(Object(Illuminate\\Http\\Request))
#29 /Users/segunawotunde/Projects/cipher-learn-app/vendor/laravel/framework/src/Illuminate/Foundation/Http/Middleware/ConvertEmptyStringsToNull.php(31): Illuminate\\Foundation\\Http\\Middleware\\TransformsRequest->handle(Object(Illuminate\\Http\\Request), Object(Closure))
#30 /Users/segunawotunde/Projects/cipher-learn-app/vendor/laravel/framework/src/Illuminate/Pipeline/Pipeline.php(219): Illuminate\\Foundation\\Http\\Middleware\\ConvertEmptyStringsToNull->handle(Object(Illuminate\\Http\\Request), Object(Closure))
#31 /Users/segunawotunde/Projects/cipher-learn-app/vendor/laravel/framework/src/Illuminate/Foundation/Http/Middleware/TransformsRequest.php(21): Illuminate\\Pipeline\\Pipeline->Illuminate\\Pipeline\\{closure}(Object(Illuminate\\Http\\Request))
#32 /Users/segunawotunde/Projects/cipher-learn-app/vendor/laravel/framework/src/Illuminate/Foundation/Http/Middleware/TrimStrings.php(51): Illuminate\\Foundation\\Http\\Middleware\\TransformsRequest->handle(Object(Illuminate\\Http\\Request), Object(Closure))
#33 /Users/segunawotunde/Projects/cipher-learn-app/vendor/laravel/framework/src/Illuminate/Pipeline/Pipeline.php(219): Illuminate\\Foundation\\Http\\Middleware\\TrimStrings->handle(Object(Illuminate\\Http\\Request), Object(Closure))
#34 /Users/segunawotunde/Projects/cipher-learn-app/vendor/laravel/framework/src/Illuminate/Http/Middleware/ValidatePostSize.php(27): Illuminate\\Pipeline\\Pipeline->Illuminate\\Pipeline\\{closure}(Object(Illuminate\\Http\\Request))
#35 /Users/segunawotunde/Projects/cipher-learn-app/vendor/laravel/framework/src/Illuminate/Pipeline/Pipeline.php(219): Illuminate\\Http\\Middleware\\ValidatePostSize->handle(Object(Illuminate\\Http\\Request), Object(Closure))
#36 /Users/segunawotunde/Projects/cipher-learn-app/vendor/laravel/framework/src/Illuminate/Foundation/Http/Middleware/PreventRequestsDuringMaintenance.php(109): Illuminate\\Pipeline\\Pipeline->Illuminate\\Pipeline\\{closure}(Object(Illuminate\\Http\\Request))
#37 /Users/segunawotunde/Projects/cipher-learn-app/vendor/laravel/framework/src/Illuminate/Pipeline/Pipeline.php(219): Illuminate\\Foundation\\Http\\Middleware\\PreventRequestsDuringMaintenance->handle(Object(Illuminate\\Http\\Request), Object(Closure))
#38 /Users/segunawotunde/Projects/cipher-learn-app/vendor/laravel/framework/src/Illuminate/Http/Middleware/HandleCors.php(61): Illuminate\\Pipeline\\Pipeline->Illuminate\\Pipeline\\{closure}(Object(Illuminate\\Http\\Request))
#39 /Users/segunawotunde/Projects/cipher-learn-app/vendor/laravel/framework/src/Illuminate/Pipeline/Pipeline.php(219): Illuminate\\Http\\Middleware\\HandleCors->handle(Object(Illuminate\\Http\\Request), Object(Closure))
#40 /Users/segunawotunde/Projects/cipher-learn-app/vendor/laravel/framework/src/Illuminate/Http/Middleware/TrustProxies.php(58): Illuminate\\Pipeline\\Pipeline->Illuminate\\Pipeline\\{closure}(Object(Illuminate\\Http\\Request))
#41 /Users/segunawotunde/Projects/cipher-learn-app/vendor/laravel/framework/src/Illuminate/Pipeline/Pipeline.php(219): Illuminate\\Http\\Middleware\\TrustProxies->handle(Object(Illuminate\\Http\\Request), Object(Closure))
#42 /Users/segunawotunde/Projects/cipher-learn-app/vendor/laravel/framework/src/Illuminate/Foundation/Http/Middleware/InvokeDeferredCallbacks.php(22): Illuminate\\Pipeline\\Pipeline->Illuminate\\Pipeline\\{closure}(Object(Illuminate\\Http\\Request))
#43 /Users/segunawotunde/Projects/cipher-learn-app/vendor/laravel/framework/src/Illuminate/Pipeline/Pipeline.php(219): Illuminate\\Foundation\\Http\\Middleware\\InvokeDeferredCallbacks->handle(Object(Illuminate\\Http\\Request), Object(Closure))
#44 /Users/segunawotunde/Projects/cipher-learn-app/vendor/laravel/framework/src/Illuminate/Http/Middleware/ValidatePathEncoding.php(26): Illuminate\\Pipeline\\Pipeline->Illuminate\\Pipeline\\{closure}(Object(Illuminate\\Http\\Request))
#45 /Users/segunawotunde/Projects/cipher-learn-app/vendor/laravel/framework/src/Illuminate/Pipeline/Pipeline.php(219): Illuminate\\Http\\Middleware\\ValidatePathEncoding->handle(Object(Illuminate\\Http\\Request), Object(Closure))
#46 /Users/segunawotunde/Projects/cipher-learn-app/vendor/laravel/framework/src/Illuminate/Pipeline/Pipeline.php(137): Illuminate\\Pipeline\\Pipeline->Illuminate\\Pipeline\\{closure}(Object(Illuminate\\Http\\Request))
#47 /Users/segunawotunde/Projects/cipher-learn-app/vendor/laravel/framework/src/Illuminate/Foundation/Http/Kernel.php(175): Illuminate\\Pipeline\\Pipeline->then(Object(Closure))
#48 /Users/segunawotunde/Projects/cipher-learn-app/vendor/laravel/framework/src/Illuminate/Foundation/Http/Kernel.php(144): Illuminate\\Foundation\\Http\\Kernel->sendRequestThroughRouter(Object(Illuminate\\Http\\Request))
#49 /Users/segunawotunde/Projects/cipher-learn-app/vendor/laravel/framework/src/Illuminate/Foundation/Testing/Concerns/MakesHttpRequests.php(607): Illuminate\\Foundation\\Http\\Kernel->handle(Object(Illuminate\\Http\\Request))
#50 /Users/segunawotunde/Projects/cipher-learn-app/vendor/laravel/framework/src/Illuminate/Foundation/Testing/Concerns/MakesHttpRequests.php(368): Illuminate\\Foundation\\Testing\\TestCase->call('GET', 'http://localhos...', Array, Array, Array, Array)
#51 /Users/segunawotunde/Projects/cipher-learn-app/tests/Feature/Reports/ReportExportTest.php(70): Illuminate\\Foundation\\Testing\\TestCase->get('http://localhos...')
#52 /Users/segunawotunde/Projects/cipher-learn-app/vendor/pestphp/pest/src/Factories/TestCaseMethodFactory.php(171): P\\Tests\\Feature\\Reports\\ReportExportTest->{closure}()
#53 [internal function]: P\\Tests\\Feature\\Reports\\ReportExportTest->Pest\\Factories\\{closure}()
#54 /Users/segunawotunde/Projects/cipher-learn-app/vendor/pestphp/pest/src/Concerns/Testable.php(419): call_user_func_array(Object(Closure), Array)
#55 /Users/segunawotunde/Projects/cipher-learn-app/vendor/pestphp/pest/src/Support/ExceptionTrace.php(26): P\\Tests\\Feature\\Reports\\ReportExportTest->Pest\\Concerns\\{closure}()
#56 /Users/segunawotunde/Projects/cipher-learn-app/vendor/pestphp/pest/src/Concerns/Testable.php(419): Pest\\Support\\ExceptionTrace::ensure(Object(Closure))
#57 /Users/segunawotunde/Projects/cipher-learn-app/vendor/pestphp/pest/src/Concerns/Testable.php(321): P\\Tests\\Feature\\Reports\\ReportExportTest->__callClosure(Object(Closure), Array)
#58 /Users/segunawotunde/Projects/cipher-learn-app/vendor/pestphp/pest/src/Factories/TestCaseFactory.php(173) : eval()'d code(44): P\\Tests\\Feature\\Reports\\ReportExportTest->__runTest(Object(Closure))
#59 /Users/segunawotunde/Projects/cipher-learn-app/vendor/phpunit/phpunit/src/Framework/TestCase.php(1667): P\\Tests\\Feature\\Reports\\ReportExportTest->__pest_evaluable_it_scopes_the_export_to_the_acting_tenant()
#60 /Users/segunawotunde/Projects/cipher-learn-app/vendor/phpunit/phpunit/src/Framework/TestCase.php(519): PHPUnit\\Framework\\TestCase->runTest()
#61 /Users/segunawotunde/Projects/cipher-learn-app/vendor/phpunit/phpunit/src/Framework/TestRunner/TestRunner.php(87): PHPUnit\\Framework\\TestCase->runBare()
#62 /Users/segunawotunde/Projects/cipher-learn-app/vendor/phpunit/phpunit/src/Framework/TestCase.php(365): PHPUnit\\Framework\\TestRunner->run(Object(P\\Tests\\Feature\\Reports\\ReportExportTest))
#63 /Users/segunawotunde/Projects/cipher-learn-app/vendor/phpunit/phpunit/src/Framework/TestSuite.php(369): PHPUnit\\Framework\\TestCase->run()
#64 /Users/segunawotunde/Projects/cipher-learn-app/vendor/phpunit/phpunit/src/Framework/TestSuite.php(369): PHPUnit\\Framework\\TestSuite->run()
#65 /Users/segunawotunde/Projects/cipher-learn-app/vendor/phpunit/phpunit/src/Framework/TestSuite.php(369): PHPUnit\\Framework\\TestSuite->run()
#66 /Users/segunawotunde/Projects/cipher-learn-app/vendor/phpunit/phpunit/src/TextUI/TestRunner.php(64): PHPUnit\\Framework\\TestSuite->run()
#67 /Users/segunawotunde/Projects/cipher-learn-app/vendor/phpunit/phpunit/src/TextUI/Application.php(211): PHPUnit\\TextUI\\TestRunner->run(Object(PHPUnit\\TextUI\\Configuration\\Configuration), Object(PHPUnit\\Runner\\ResultCache\\DefaultResultCache), Object(PHPUnit\\Framework\\TestSuite))
#68 /Users/segunawotunde/Projects/cipher-learn-app/vendor/pestphp/pest/src/Kernel.php(103): PHPUnit\\TextUI\\Application->run(Array)
#69 /Users/segunawotunde/Projects/cipher-learn-app/vendor/pestphp/pest/bin/pest(184): Pest\\Kernel->handle(Array, Array)
#70 /Users/segunawotunde/Projects/cipher-learn-app/vendor/pestphp/pest/bin/pest(192): {closure}()
#71 /Users/segunawotunde/Projects/cipher-learn-app/vendor/bin/pest(119): include('/Users/segunawo...')
#72 {main}
"} 
[2026-08-23 10:07:03] testing.ERROR: No application encryption key has been specified. {"request_id":"7a1f8b2a-208e-41c2-bcd6-d692dbf5b75e","exception":"[object] (Illuminate\\Encryption\\MissingAppKeyException(code: 0): No application encryption key has been specified. at /Users/segunawotunde/Projects/cipher-learn-app/vendor/laravel/framework/src/Illuminate/Encryption/EncryptionServiceProvider.php:83)
[stacktrace]
#0 /Users/segunawotunde/Projects/cipher-learn-app/vendor/laravel/framework/src/Illuminate/Support/helpers.php(393): Illuminate\\Encryption\\EncryptionServiceProvider->Illuminate\\Encryption\\{closure}(NULL)
#1 /Users/segunawotunde/Projects/cipher-learn-app/vendor/laravel/framework/src/Illuminate/Encryption/EncryptionServiceProvider.php(81): tap(NULL, Object(Closure))
#2 /Users/segunawotunde/Projects/cipher-learn-app/vendor/laravel/framework/src/Illuminate/Encryption/EncryptionServiceProvider.php(64): Illuminate\\Encryption\\EncryptionServiceProvider->key(Array)
#3 /Users/segunawotunde/Projects/cipher-learn-app/vendor/laravel/framework/src/Illuminate/Encryption/EncryptionServiceProvider.php(32): Illuminate\\Encryption\\EncryptionServiceProvider->parseKey(Array)
#4 /Users/segunawotunde/Projects/cipher-learn-app/vendor/laravel/framework/src/Illuminate/Container/Container.php(1115): Illuminate\\Encryption\\EncryptionServiceProvider->Illuminate\\Encryption\\{closure}(Object(Illuminate\\Foundation\\Application), Array)
#5 /Users/segunawotunde/Projects/cipher-learn-app/vendor/laravel/framework/src/Illuminate/Container/Container.php(933): Illuminate\\Container\\Container->build(Object(Closure))
#6 /Users/segunawotunde/Projects/cipher-learn-app/vendor/laravel/framework/src/Illuminate/Foundation/Application.php(1078): Illuminate\\Container\\Container->resolve('encrypter', Array, true)
#7 /Users/segunawotunde/Projects/cipher-learn-app/vendor/laravel/framework/src/Illuminate/Container/Container.php(864): Illuminate\\Foundation\\Application->resolve('encrypter', Array)
#8 /Users/segunawotunde/Projects/cipher-learn-app/vendor/laravel/framework/src/Illuminate/Foundation/Application.php(1058): Illuminate\\Container\\Container->make('encrypter', Array)
#9 /Users/segunawotunde/Projects/cipher-learn-app/vendor/laravel/framework/src/Illuminate/Container/Container.php(1336): Illuminate\\Foundation\\Application->make('encrypter')
#10 /Users/segunawotunde/Projects/cipher-learn-app/vendor/laravel/framework/src/Illuminate/Container/Container.php(1237): Illuminate\\Container\\Container->resolveClass(Object(ReflectionParameter), 'Illuminate\\\\Cont...')
#11 /Users/segunawotunde/Projects/cipher-learn-app/vendor/laravel/framework/src/Illuminate/Container/Container.php(1162): Illuminate\\Container\\Container->resolveDependencies(Array)
#12 /Users/segunawotunde/Projects/cipher-learn-app/vendor/laravel/framework/src/Illuminate/Container/Container.php(933): Illuminate\\Container\\Container->build('Illuminate\\\\Cook...')
#13 /Users/segunawotunde/Projects/cipher-learn-app/vendor/laravel/framework/src/Illuminate/Foundation/Application.php(1078): Illuminate\\Container\\Container->resolve('Illuminate\\\\Cook...', Array, true)
#14 /Users/segunawotunde/Projects/cipher-learn-app/vendor/laravel/framework/src/Illuminate/Container/Container.php(864): Illuminate\\Foundation\\Application->resolve('Illuminate\\\\Cook...', Array)
#15 /Users/segunawotunde/Projects/cipher-learn-app/vendor/laravel/framework/src/Illuminate/Foundation/Application.php(1058): Illuminate\\Container\\Container->make('Illuminate\\\\Cook...', Array)
#16 /Users/segunawotunde/Projects/cipher-learn-app/vendor/laravel/framework/src/Illuminate/Pipeline/Pipeline.php(208): Illuminate\\Foundation\\Application->make('Illuminate\\\\Cook...')
#17 /Users/segunawotunde/Projects/cipher-learn-app/vendor/laravel/framework/src/Illuminate/Pipeline/Pipeline.php(137): Illuminate\\Pipeline\\Pipeline->Illuminate\\Pipeline\\{closure}(Object(Illuminate\\Http\\Request))
#18 /Users/segunawotunde/Projects/cipher-learn-app/vendor/laravel/framework/src/Illuminate/Routing/Router.php(821): Illuminate\\Pipeline\\Pipeline->then(Object(Closure))
#19 /Users/segunawotunde/Projects/cipher-learn-app/vendor/laravel/framework/src/Illuminate/Routing/Router.php(800): Illuminate\\Routing\\Router->runRouteWithinStack(Object(Illuminate\\Routing\\Route), Object(Illuminate\\Http\\Request))
#20 /Users/segunawotunde/Projects/cipher-learn-app/vendor/laravel/framework/src/Illuminate/Routing/Router.php(764): Illuminate\\Routing\\Router->runRoute(Object(Illuminate\\Http\\Request), Object(Illuminate\\Routing\\Route))
#21 /Users/segunawotunde/Projects/cipher-learn-app/vendor/laravel/framework/src/Illuminate/Routing/Router.php(753): Illuminate\\Routing\\Router->dispatchToRoute(Object(Illuminate\\Http\\Request))
#22 /Users/segunawotunde/Projects/cipher-learn-app/vendor/laravel/framework/src/Illuminate/Foundation/Http/Kernel.php(200): Illuminate\\Routing\\Router->dispatch(Object(Illuminate\\Http\\Request))
#23 /Users/segunawotunde/Projects/cipher-learn-app/vendor/laravel/framework/src/Illuminate/Pipeline/Pipeline.php(180): Illuminate\\Foundation\\Http\\Kernel->Illuminate\\Foundation\\Http\\{closure}(Object(Illuminate\\Http\\Request))
#24 /Users/segunawotunde/Projects/cipher-learn-app/vendor/livewire/livewire/src/Features/SupportDisablingBackButtonCache/DisableBackButtonCacheMiddleware.php(19): Illuminate\\Pipeline\\Pipeline->Illuminate\\Pipeline\\{closure}(Object(Illuminate\\Http\\Request))
#25 /Users/segunawotunde/Projects/cipher-learn-app/vendor/laravel/framework/src/Illuminate/Pipeline/Pipeline.php(219): Livewire\\Features\\SupportDisablingBackButtonCache\\DisableBackButtonCacheMiddleware->handle(Object(Illuminate\\Http\\Request), Object(Closure))
#26 /Users/segunawotunde/Projects/cipher-learn-app/app/Http/Middleware/AssignRequestId.php(30): Illuminate\\Pipeline\\Pipeline->Illuminate\\Pipeline\\{closure}(Object(Illuminate\\Http\\Request))
#27 /Users/segunawotunde/Projects/cipher-learn-app/vendor/laravel/framework/src/Illuminate/Pipeline/Pipeline.php(219): App\\Http\\Middleware\\AssignRequestId->handle(Object(Illuminate\\Http\\Request), Object(Closure))
#28 /Users/segunawotunde/Projects/cipher-learn-app/vendor/laravel/framework/src/Illuminate/Foundation/Http/Middleware/TransformsRequest.php(21): Illuminate\\Pipeline\\Pipeline->Illuminate\\Pipeline\\{closure}(Object(Illuminate\\Http\\Request))
#29 /Users/segunawotunde/Projects/cipher-learn-app/vendor/laravel/framework/src/Illuminate/Foundation/Http/Middleware/ConvertEmptyStringsToNull.php(31): Illuminate\\Foundation\\Http\\Middleware\\TransformsRequest->handle(Object(Illuminate\\Http\\Request), Object(Closure))
#30 /Users/segunawotunde/Projects/cipher-learn-app/vendor/laravel/framework/src/Illuminate/Pipeline/Pipeline.php(219): Illuminate\\Foundation\\Http\\Middleware\\ConvertEmptyStringsToNull->handle(Object(Illuminate\\Http\\Request), Object(Closure))
#31 /Users/segunawotunde/Projects/cipher-learn-app/vendor/laravel/framework/src/Illuminate/Foundation/Http/Middleware/TransformsRequest.php(21): Illuminate\\Pipeline\\Pipeline->Illuminate\\Pipeline\\{closure}(Object(Illuminate\\Http\\Request))
#32 /Users/segunawotunde/Projects/cipher-learn-app/vendor/laravel/framework/src/Illuminate/Foundation/Http/Middleware/TrimStrings.php(51): Illuminate\\Foundation\\Http\\Middleware\\TransformsRequest->handle(Object(Illuminate\\Http\\Request), Object(Closure))
#33 /Users/segunawotunde/Projects/cipher-learn-app/vendor/laravel/framework/src/Illuminate/Pipeline/Pipeline.php(219): Illuminate\\Foundation\\Http\\Middleware\\TrimStrings->handle(Object(Illuminate\\Http\\Request), Object(Closure))
#34 /Users/segunawotunde/Projects/cipher-learn-app/vendor/laravel/framework/src/Illuminate/Http/Middleware/ValidatePostSize.php(27): Illuminate\\Pipeline\\Pipeline->Illuminate\\Pipeline\\{closure}(Object(Illuminate\\Http\\Request))
#35 /Users/segunawotunde/Projects/cipher-learn-app/vendor/laravel/framework/src/Illuminate/Pipeline/Pipeline.php(219): Illuminate\\Http\\Middleware\\ValidatePostSize->handle(Object(Illuminate\\Http\\Request), Object(Closure))
#36 /Users/segunawotunde/Projects/cipher-learn-app/vendor/laravel/framework/src/Illuminate/Foundation/Http/Middleware/PreventRequestsDuringMaintenance.php(109): Illuminate\\Pipeline\\Pipeline->Illuminate\\Pipeline\\{closure}(Object(Illuminate\\Http\\Request))
#37 /Users/segunawotunde/Projects/cipher-learn-app/vendor/laravel/framework/src/Illuminate/Pipeline/Pipeline.php(219): Illuminate\\Foundation\\Http\\Middleware\\PreventRequestsDuringMaintenance->handle(Object(Illuminate\\Http\\Request), Object(Closure))
#38 /Users/segunawotunde/Projects/cipher-learn-app/vendor/laravel/framework/src/Illuminate/Http/Middleware/HandleCors.php(61): Illuminate\\Pipeline\\Pipeline->Illuminate\\Pipeline\\{closure}(Object(Illuminate\\Http\\Request))
#39 /Users/segunawotunde/Projects/cipher-learn-app/vendor/laravel/framework/src/Illuminate/Pipeline/Pipeline.php(219): Illuminate\\Http\\Middleware\\HandleCors->handle(Object(Illuminate\\Http\\Request), Object(Closure))
#40 /Users/segunawotunde/Projects/cipher-learn-app/vendor/laravel/framework/src/Illuminate/Http/Middleware/TrustProxies.php(58): Illuminate\\Pipeline\\Pipeline->Illuminate\\Pipeline\\{closure}(Object(Illuminate\\Http\\Request))
#41 /Users/segunawotunde/Projects/cipher-learn-app/vendor/laravel/framework/src/Illuminate/Pipeline/Pipeline.php(219): Illuminate\\Http\\Middleware\\TrustProxies->handle(Object(Illuminate\\Http\\Request), Object(Closure))
#42 /Users/segunawotunde/Projects/cipher-learn-app/vendor/laravel/framework/src/Illuminate/Foundation/Http/Middleware/InvokeDeferredCallbacks.php(22): Illuminate\\Pipeline\\Pipeline->Illuminate\\Pipeline\\{closure}(Object(Illuminate\\Http\\Request))
#43 /Users/segunawotunde/Projects/cipher-learn-app/vendor/laravel/framework/src/Illuminate/Pipeline/Pipeline.php(219): Illuminate\\Foundation\\Http\\Middleware\\InvokeDeferredCallbacks->handle(Object(Illuminate\\Http\\Request), Object(Closure))
#44 /Users/segunawotunde/Projects/cipher-learn-app/vendor/laravel/framework/src/Illuminate/Http/Middleware/ValidatePathEncoding.php(26): Illuminate\\Pipeline\\Pipeline->Illuminate\\Pipeline\\{closure}(Object(Illuminate\\Http\\Request))
#45 /Users/segunawotunde/Projects/cipher-learn-app/vendor/laravel/framework/src/Illuminate/Pipeline/Pipeline.php(219): Illuminate\\Http\\Middleware\\ValidatePathEncoding->handle(Object(Illuminate\\Http\\Request), Object(Closure))
#46 /Users/segunawotunde/Projects/cipher-learn-app/vendor/laravel/framework/src/Illuminate/Pipeline/Pipeline.php(137): Illuminate\\Pipeline\\Pipeline->Illuminate\\Pipeline\\{closure}(Object(Illuminate\\Http\\Request))
#47 /Users/segunawotunde/Projects/cipher-learn-app/vendor/laravel/framework/src/Illuminate/Foundation/Http/Kernel.php(175): Illuminate\\Pipeline\\Pipeline->then(Object(Closure))
#48 /Users/segunawotunde/Projects/cipher-learn-app/vendor/laravel/framework/src/Illuminate/Foundation/Http/Kernel.php(144): Illuminate\\Foundation\\Http\\Kernel->sendRequestThroughRouter(Object(Illuminate\\Http\\Request))
#49 /Users/segunawotunde/Projects/cipher-learn-app/vendor/laravel/framework/src/Illuminate/Foundation/Testing/Concerns/MakesHttpRequests.php(607): Illuminate\\Foundation\\Http\\Kernel->handle(Object(Illuminate\\Http\\Request))
#50 /Users/segunawotunde/Projects/cipher-learn-app/vendor/laravel/framework/src/Illuminate/Foundation/Testing/Concerns/MakesHttpRequests.php(368): Illuminate\\Foundation\\Testing\\TestCase->call('GET', '/', Array, Array, Array, Array)
#51 /Users/segunawotunde/Projects/cipher-learn-app/tests/Feature/WelcomeTest.php(6): Illuminate\\Foundation\\Testing\\TestCase->get('/')
#52 /Users/segunawotunde/Projects/cipher-learn-app/vendor/pestphp/pest/src/Factories/TestCaseMethodFactory.php(171): P\\Tests\\Feature\\WelcomeTest->{closure}()
#53 [internal function]: P\\Tests\\Feature\\WelcomeTest->Pest\\Factories\\{closure}()
#54 /Users/segunawotunde/Projects/cipher-learn-app/vendor/pestphp/pest/src/Concerns/Testable.php(419): call_user_func_array(Object(Closure), Array)
#55 /Users/segunawotunde/Projects/cipher-learn-app/vendor/pestphp/pest/src/Support/ExceptionTrace.php(26): P\\Tests\\Feature\\WelcomeTest->Pest\\Concerns\\{closure}()
#56 /Users/segunawotunde/Projects/cipher-learn-app/vendor/pestphp/pest/src/Concerns/Testable.php(419): Pest\\Support\\ExceptionTrace::ensure(Object(Closure))
#57 /Users/segunawotunde/Projects/cipher-learn-app/vendor/pestphp/pest/src/Concerns/Testable.php(321): P\\Tests\\Feature\\WelcomeTest->__callClosure(Object(Closure), Array)
#58 /Users/segunawotunde/Projects/cipher-learn-app/vendor/pestphp/pest/src/Factories/TestCaseFactory.php(173) : eval()'d code(17): P\\Tests\\Feature\\WelcomeTest->__runTest(Object(Closure))
#59 /Users/segunawotunde/Projects/cipher-learn-app/vendor/phpunit/phpunit/src/Framework/TestCase.php(1667): P\\Tests\\Feature\\WelcomeTest->__pest_evaluable_it_renders_the_branded_placeholder_page()
#60 /Users/segunawotunde/Projects/cipher-learn-app/vendor/phpunit/phpunit/src/Framework/TestCase.php(519): PHPUnit\\Framework\\TestCase->runTest()
#61 /Users/segunawotunde/Projects/cipher-learn-app/vendor/phpunit/phpunit/src/Framework/TestRunner/TestRunner.php(87): PHPUnit\\Framework\\TestCase->runBare()
#62 /Users/segunawotunde/Projects/cipher-learn-app/vendor/phpunit/phpunit/src/Framework/TestCase.php(365): PHPUnit\\Framework\\TestRunner->run(Object(P\\Tests\\Feature\\WelcomeTest))
#63 /Users/segunawotunde/Projects/cipher-learn-app/vendor/phpunit/phpunit/src/Framework/TestSuite.php(369): PHPUnit\\Framework\\TestCase->run()
#64 /Users/segunawotunde/Projects/cipher-learn-app/vendor/phpunit/phpunit/src/Framework/TestSuite.php(369): PHPUnit\\Framework\\TestSuite->run()
#65 /Users/segunawotunde/Projects/cipher-learn-app/vendor/phpunit/phpunit/src/Framework/TestSuite.php(369): PHPUnit\\Framework\\TestSuite->run()
#66 /Users/segunawotunde/Projects/cipher-learn-app/vendor/phpunit/phpunit/src/TextUI/TestRunner.php(64): PHPUnit\\Framework\\TestSuite->run()
#67 /Users/segunawotunde/Projects/cipher-learn-app/vendor/phpunit/phpunit/src/TextUI/Application.php(211): PHPUnit\\TextUI\\TestRunner->run(Object(PHPUnit\\TextUI\\Configuration\\Configuration), Object(PHPUnit\\Runner\\ResultCache\\DefaultResultCache), Object(PHPUnit\\Framework\\TestSuite))
#68 /Users/segunawotunde/Projects/cipher-learn-app/vendor/pestphp/pest/src/Kernel.php(103): PHPUnit\\TextUI\\Application->run(Array)
#69 /Users/segunawotunde/Projects/cipher-learn-app/vendor/pestphp/pest/bin/pest(184): Pest\\Kernel->handle(Array, Array)
#70 /Users/segunawotunde/Projects/cipher-learn-app/vendor/pestphp/pest/bin/pest(192): {closure}()
#71 /Users/segunawotunde/Projects/cipher-learn-app/vendor/bin/pest(119): include('/Users/segunawo...')
#72 {main}
"} 
[2026-08-23 10:09:07] testing.ERROR: No application encryption key has been specified. {"request_id":"12e69b9b-95a1-4224-8534-8ffa99197eab","exception":"[object] (Illuminate\\Encryption\\MissingAppKeyException(code: 0): No application encryption key has been specified. at /Users/segunawotunde/Projects/cipher-learn-app/vendor/laravel/framework/src/Illuminate/Encryption/EncryptionServiceProvider.php:83)
[stacktrace]
#0 /Users/segunawotunde/Projects/cipher-learn-app/vendor/laravel/framework/src/Illuminate/Support/helpers.php(393): Illuminate\\Encryption\\EncryptionServiceProvider->Illuminate\\Encryption\\{closure}(NULL)
#1 /Users/segunawotunde/Projects/cipher-learn-app/vendor/laravel/framework/src/Illuminate/Encryption/EncryptionServiceProvider.php(81): tap(NULL, Object(Closure))
#2 /Users/segunawotunde/Projects/cipher-learn-app/vendor/laravel/framework/src/Illuminate/Encryption/EncryptionServiceProvider.php(64): Illuminate\\Encryption\\EncryptionServiceProvider->key(Array)
#3 /Users/segunawotunde/Projects/cipher-learn-app/vendor/laravel/framework/src/Illuminate/Encryption/EncryptionServiceProvider.php(32): Illuminate\\Encryption\\EncryptionServiceProvider->parseKey(Array)
#4 /Users/segunawotunde/Projects/cipher-learn-app/vendor/laravel/framework/src/Illuminate/Container/Container.php(1115): Illuminate\\Encryption\\EncryptionServiceProvider->Illuminate\\Encryption\\{closure}(Object(Illuminate\\Foundation\\Application), Array)
#5 /Users/segunawotunde/Projects/cipher-learn-app/vendor/laravel/framework/src/Illuminate/Container/Container.php(933): Illuminate\\Container\\Container->build(Object(Closure))
#6 /Users/segunawotunde/Projects/cipher-learn-app/vendor/laravel/framework/src/Illuminate/Foundation/Application.php(1078): Illuminate\\Container\\Container->resolve('encrypter', Array, true)
#7 /Users/segunawotunde/Projects/cipher-learn-app/vendor/laravel/framework/src/Illuminate/Container/Container.php(864): Illuminate\\Foundation\\Application->resolve('encrypter', Array)
#8 /Users/segunawotunde/Projects/cipher-learn-app/vendor/laravel/framework/src/Illuminate/Foundation/Application.php(1058): Illuminate\\Container\\Container->make('encrypter', Array)
#9 /Users/segunawotunde/Projects/cipher-learn-app/vendor/laravel/framework/src/Illuminate/Container/Container.php(1336): Illuminate\\Foundation\\Application->make('encrypter')
#10 /Users/segunawotunde/Projects/cipher-learn-app/vendor/laravel/framework/src/Illuminate/Container/Container.php(1237): Illuminate\\Container\\Container->resolveClass(Object(ReflectionParameter), 'Illuminate\\\\Cont...')
#11 /Users/segunawotunde/Projects/cipher-learn-app/vendor/laravel/framework/src/Illuminate/Container/Container.php(1162): Illuminate\\Container\\Container->resolveDependencies(Array)
#12 /Users/segunawotunde/Projects/cipher-learn-app/vendor/laravel/framework/src/Illuminate/Container/Container.php(933): Illuminate\\Container\\Container->build('Illuminate\\\\Cook...')
#13 /Users/segunawotunde/Projects/cipher-learn-app/vendor/laravel/framework/src/Illuminate/Foundation/Application.php(1078): Illuminate\\Container\\Container->resolve('Illuminate\\\\Cook...', Array, true)
#14 /Users/segunawotunde/Projects/cipher-learn-app/vendor/laravel/framework/src/Illuminate/Container/Container.php(864): Illuminate\\Foundation\\Application->resolve('Illuminate\\\\Cook...', Array)
#15 /Users/segunawotunde/Projects/cipher-learn-app/vendor/laravel/framework/src/Illuminate/Foundation/Application.php(1058): Illuminate\\Container\\Container->make('Illuminate\\\\Cook...', Array)
#16 /Users/segunawotunde/Projects/cipher-learn-app/vendor/laravel/framework/src/Illuminate/Pipeline/Pipeline.php(208): Illuminate\\Foundation\\Application->make('Illuminate\\\\Cook...')
#17 /Users/segunawotunde/Projects/cipher-learn-app/vendor/laravel/framework/src/Illuminate/Pipeline/Pipeline.php(137): Illuminate\\Pipeline\\Pipeline->Illuminate\\Pipeline\\{closure}(Object(Illuminate\\Http\\Request))
#18 /Users/segunawotunde/Projects/cipher-learn-app/vendor/laravel/framework/src/Illuminate/Routing/Router.php(821): Illuminate\\Pipeline\\Pipeline->then(Object(Closure))
#19 /Users/segunawotunde/Projects/cipher-learn-app/vendor/laravel/framework/src/Illuminate/Routing/Router.php(800): Illuminate\\Routing\\Router->runRouteWithinStack(Object(Illuminate\\Routing\\Route), Object(Illuminate\\Http\\Request))
#20 /Users/segunawotunde/Projects/cipher-learn-app/vendor/laravel/framework/src/Illuminate/Routing/Router.php(764): Illuminate\\Routing\\Router->runRoute(Object(Illuminate\\Http\\Request), Object(Illuminate\\Routing\\Route))
#21 /Users/segunawotunde/Projects/cipher-learn-app/vendor/laravel/framework/src/Illuminate/Routing/Router.php(753): Illuminate\\Routing\\Router->dispatchToRoute(Object(Illuminate\\Http\\Request))
#22 /Users/segunawotunde/Projects/cipher-learn-app/vendor/laravel/framework/src/Illuminate/Foundation/Http/Kernel.php(200): Illuminate\\Routing\\Router->dispatch(Object(Illuminate\\Http\\Request))
#23 /Users/segunawotunde/Projects/cipher-learn-app/vendor/laravel/framework/src/Illuminate/Pipeline/Pipeline.php(180): Illuminate\\Foundation\\Http\\Kernel->Illuminate\\Foundation\\Http\\{closure}(Object(Illuminate\\Http\\Request))
#24 /Users/segunawotunde/Projects/cipher-learn-app/vendor/livewire/livewire/src/Features/SupportDisablingBackButtonCache/DisableBackButtonCacheMiddleware.php(19): Illuminate\\Pipeline\\Pipeline->Illuminate\\Pipeline\\{closure}(Object(Illuminate\\Http\\Request))
#25 /Users/segunawotunde/Projects/cipher-learn-app/vendor/laravel/framework/src/Illuminate/Pipeline/Pipeline.php(219): Livewire\\Features\\SupportDisablingBackButtonCache\\DisableBackButtonCacheMiddleware->handle(Object(Illuminate\\Http\\Request), Object(Closure))
#26 /Users/segunawotunde/Projects/cipher-learn-app/app/Http/Middleware/AssignRequestId.php(30): Illuminate\\Pipeline\\Pipeline->Illuminate\\Pipeline\\{closure}(Object(Illuminate\\Http\\Request))
#27 /Users/segunawotunde/Projects/cipher-learn-app/vendor/laravel/framework/src/Illuminate/Pipeline/Pipeline.php(219): App\\Http\\Middleware\\AssignRequestId->handle(Object(Illuminate\\Http\\Request), Object(Closure))
#28 /Users/segunawotunde/Projects/cipher-learn-app/vendor/laravel/framework/src/Illuminate/Foundation/Http/Middleware/TransformsRequest.php(21): Illuminate\\Pipeline\\Pipeline->Illuminate\\Pipeline\\{closure}(Object(Illuminate\\Http\\Request))
#29 /Users/segunawotunde/Projects/cipher-learn-app/vendor/laravel/framework/src/Illuminate/Foundation/Http/Middleware/ConvertEmptyStringsToNull.php(31): Illuminate\\Foundation\\Http\\Middleware\\TransformsRequest->handle(Object(Illuminate\\Http\\Request), Object(Closure))
#30 /Users/segunawotunde/Projects/cipher-learn-app/vendor/laravel/framework/src/Illuminate/Pipeline/Pipeline.php(219): Illuminate\\Foundation\\Http\\Middleware\\ConvertEmptyStringsToNull->handle(Object(Illuminate\\Http\\Request), Object(Closure))
#31 /Users/segunawotunde/Projects/cipher-learn-app/vendor/laravel/framework/src/Illuminate/Foundation/Http/Middleware/TransformsRequest.php(21): Illuminate\\Pipeline\\Pipeline->Illuminate\\Pipeline\\{closure}(Object(Illuminate\\Http\\Request))
#32 /Users/segunawotunde/Projects/cipher-learn-app/vendor/laravel/framework/src/Illuminate/Foundation/Http/Middleware/TrimStrings.php(51): Illuminate\\Foundation\\Http\\Middleware\\TransformsRequest->handle(Object(Illuminate\\Http\\Request), Object(Closure))
#33 /Users/segunawotunde/Projects/cipher-learn-app/vendor/laravel/framework/src/Illuminate/Pipeline/Pipeline.php(219): Illuminate\\Foundation\\Http\\Middleware\\TrimStrings->handle(Object(Illuminate\\Http\\Request), Object(Closure))
#34 /Users/segunawotunde/Projects/cipher-learn-app/vendor/laravel/framework/src/Illuminate/Http/Middleware/ValidatePostSize.php(27): Illuminate\\Pipeline\\Pipeline->Illuminate\\Pipeline\\{closure}(Object(Illuminate\\Http\\Request))
#35 /Users/segunawotunde/Projects/cipher-learn-app/vendor/laravel/framework/src/Illuminate/Pipeline/Pipeline.php(219): Illuminate\\Http\\Middleware\\ValidatePostSize->handle(Object(Illuminate\\Http\\Request), Object(Closure))
#36 /Users/segunawotunde/Projects/cipher-learn-app/vendor/laravel/framework/src/Illuminate/Foundation/Http/Middleware/PreventRequestsDuringMaintenance.php(109): Illuminate\\Pipeline\\Pipeline->Illuminate\\Pipeline\\{closure}(Object(Illuminate\\Http\\Request))
#37 /Users/segunawotunde/Projects/cipher-learn-app/vendor/laravel/framework/src/Illuminate/Pipeline/Pipeline.php(219): Illuminate\\Foundation\\Http\\Middleware\\PreventRequestsDuringMaintenance->handle(Object(Illuminate\\Http\\Request), Object(Closure))
#38 /Users/segunawotunde/Projects/cipher-learn-app/vendor/laravel/framework/src/Illuminate/Http/Middleware/HandleCors.php(61): Illuminate\\Pipeline\\Pipeline->Illuminate\\Pipeline\\{closure}(Object(Illuminate\\Http\\Request))
#39 /Users/segunawotunde/Projects/cipher-learn-app/vendor/laravel/framework/src/Illuminate/Pipeline/Pipeline.php(219): Illuminate\\Http\\Middleware\\HandleCors->handle(Object(Illuminate\\Http\\Request), Object(Closure))
#40 /Users/segunawotunde/Projects/cipher-learn-app/vendor/laravel/framework/src/Illuminate/Http/Middleware/TrustProxies.php(58): Illuminate\\Pipeline\\Pipeline->Illuminate\\Pipeline\\{closure}(Object(Illuminate\\Http\\Request))
#41 /Users/segunawotunde/Projects/cipher-learn-app/vendor/laravel/framework/src/Illuminate/Pipeline/Pipeline.php(219): Illuminate\\Http\\Middleware\\TrustProxies->handle(Object(Illuminate\\Http\\Request), Object(Closure))
#42 /Users/segunawotunde/Projects/cipher-learn-app/vendor/laravel/framework/src/Illuminate/Foundation/Http/Middleware/InvokeDeferredCallbacks.php(22): Illuminate\\Pipeline\\Pipeline->Illuminate\\Pipeline\\{closure}(Object(Illuminate\\Http\\Request))
#43 /Users/segunawotunde/Projects/cipher-learn-app/vendor/laravel/framework/src/Illuminate/Pipeline/Pipeline.php(219): Illuminate\\Foundation\\Http\\Middleware\\InvokeDeferredCallbacks->handle(Object(Illuminate\\Http\\Request), Object(Closure))
#44 /Users/segunawotunde/Projects/cipher-learn-app/vendor/laravel/framework/src/Illuminate/Http/Middleware/ValidatePathEncoding.php(26): Illuminate\\Pipeline\\Pipeline->Illuminate\\Pipeline\\{closure}(Object(Illuminate\\Http\\Request))
#45 /Users/segunawotunde/Projects/cipher-learn-app/vendor/laravel/framework/src/Illuminate/Pipeline/Pipeline.php(219): Illuminate\\Http\\Middleware\\ValidatePathEncoding->handle(Object(Illuminate\\Http\\Request), Object(Closure))
#46 /Users/segunawotunde/Projects/cipher-learn-app/vendor/laravel/framework/src/Illuminate/Pipeline/Pipeline.php(137): Illuminate\\Pipeline\\Pipeline->Illuminate\\Pipeline\\{closure}(Object(Illuminate\\Http\\Request))
#47 /Users/segunawotunde/Projects/cipher-learn-app/vendor/laravel/framework/src/Illuminate/Foundation/Http/Kernel.php(175): Illuminate\\Pipeline\\Pipeline->then(Object(Closure))
#48 /Users/segunawotunde/Projects/cipher-learn-app/vendor/laravel/framework/src/Illuminate/Foundation/Http/Kernel.php(144): Illuminate\\Foundation\\Http\\Kernel->sendRequestThroughRouter(Object(Illuminate\\Http\\Request))
#49 /Users/segunawotunde/Projects/cipher-learn-app/vendor/laravel/framework/src/Illuminate/Foundation/Testing/Concerns/MakesHttpRequests.php(607): Illuminate\\Foundation\\Http\\Kernel->handle(Object(Illuminate\\Http\\Request))
#50 /Users/segunawotunde/Projects/cipher-learn-app/vendor/laravel/framework/src/Illuminate/Foundation/Testing/Concerns/MakesHttpRequests.php(368): Illuminate\\Foundation\\Testing\\TestCase->call('GET', '/', Array, Array, Array, Array)
#51 /Users/segunawotunde/Projects/cipher-learn-app/tests/Feature/WelcomeTest.php(6): Illuminate\\Foundation\\Testing\\TestCase->get('/')
#52 /Users/segunawotunde/Projects/cipher-learn-app/vendor/pestphp/pest/src/Factories/TestCaseMethodFactory.php(171): P\\Tests\\Feature\\WelcomeTest->{closure}()
#53 [internal function]: P\\Tests\\Feature\\WelcomeTest->Pest\\Factories\\{closure}()
#54 /Users/segunawotunde/Projects/cipher-learn-app/vendor/pestphp/pest/src/Concerns/Testable.php(419): call_user_func_array(Object(Closure), Array)
#55 /Users/segunawotunde/Projects/cipher-learn-app/vendor/pestphp/pest/src/Support/ExceptionTrace.php(26): P\\Tests\\Feature\\WelcomeTest->Pest\\Concerns\\{closure}()
#56 /Users/segunawotunde/Projects/cipher-learn-app/vendor/pestphp/pest/src/Concerns/Testable.php(419): Pest\\Support\\ExceptionTrace::ensure(Object(Closure))
#57 /Users/segunawotunde/Projects/cipher-learn-app/vendor/pestphp/pest/src/Concerns/Testable.php(321): P\\Tests\\Feature\\WelcomeTest->__callClosure(Object(Closure), Array)
#58 /Users/segunawotunde/Projects/cipher-learn-app/vendor/pestphp/pest/src/Factories/TestCaseFactory.php(173) : eval()'d code(17): P\\Tests\\Feature\\WelcomeTest->__runTest(Object(Closure))
#59 /Users/segunawotunde/Projects/cipher-learn-app/vendor/phpunit/phpunit/src/Framework/TestCase.php(1667): P\\Tests\\Feature\\WelcomeTest->__pest_evaluable_it_renders_the_branded_placeholder_page()
#60 /Users/segunawotunde/Projects/cipher-learn-app/vendor/phpunit/phpunit/src/Framework/TestCase.php(519): PHPUnit\\Framework\\TestCase->runTest()
#61 /Users/segunawotunde/Projects/cipher-learn-app/vendor/phpunit/phpunit/src/Framework/TestRunner/TestRunner.php(87): PHPUnit\\Framework\\TestCase->runBare()
#62 /Users/segunawotunde/Projects/cipher-learn-app/vendor/phpunit/phpunit/src/Framework/TestCase.php(365): PHPUnit\\Framework\\TestRunner->run(Object(P\\Tests\\Feature\\WelcomeTest))
#63 /Users/segunawotunde/Projects/cipher-learn-app/vendor/phpunit/phpunit/src/Framework/TestSuite.php(369): PHPUnit\\Framework\\TestCase->run()
#64 /Users/segunawotunde/Projects/cipher-learn-app/vendor/phpunit/phpunit/src/TextUI/TestRunner.php(64): PHPUnit\\Framework\\TestSuite->run()
#65 /Users/segunawotunde/Projects/cipher-learn-app/vendor/phpunit/phpunit/src/TextUI/Application.php(211): PHPUnit\\TextUI\\TestRunner->run(Object(PHPUnit\\TextUI\\Configuration\\Configuration), Object(PHPUnit\\Runner\\ResultCache\\DefaultResultCache), Object(PHPUnit\\Framework\\TestSuite))
#66 /Users/segunawotunde/Projects/cipher-learn-app/vendor/pestphp/pest/src/Kernel.php(103): PHPUnit\\TextUI\\Application->run(Array)
#67 /Users/segunawotunde/Projects/cipher-learn-app/vendor/pestphp/pest/bin/pest(184): Pest\\Kernel->handle(Array, Array)
#68 /Users/segunawotunde/Projects/cipher-learn-app/vendor/pestphp/pest/bin/pest(192): {closure}()
#69 /Users/segunawotunde/Projects/cipher-learn-app/vendor/bin/pest(119): include('/Users/segunawo...')
#70 {main}
"} 
